<?xml version="1.0" encoding="UTF-8"?>
<kml xmlns="http://www.opengis.net/kml/2.2">
  <Document>
    <name>Directions from Baden-Baden to Kniebis, Freudenstadt, Germany</name>
    <Style id="icon-1899-DB4436-nodesc-normal">
      <IconStyle>
        <color>ff3644db</color>
        <scale>1</scale>
        <Icon>
          <href>https://www.gstatic.com/mapspro/images/stock/503-wht-blank_maps.png</href>
        </Icon>
        <hotSpot x="32" xunits="pixels" y="64" yunits="insetPixels"/>
      </IconStyle>
      <LabelStyle>
        <scale>0</scale>
      </LabelStyle>
      <BalloonStyle>
        <text><![CDATA[<h3>$[name]</h3>]]></text>
      </BalloonStyle>
    </Style>
    <Style id="icon-1899-DB4436-nodesc-highlight">
      <IconStyle>
        <color>ff3644db</color>
        <scale>1</scale>
        <Icon>
          <href>https://www.gstatic.com/mapspro/images/stock/503-wht-blank_maps.png</href>
        </Icon>
        <hotSpot x="32" xunits="pixels" y="64" yunits="insetPixels"/>
      </IconStyle>
      <LabelStyle>
        <scale>1</scale>
      </LabelStyle>
      <BalloonStyle>
        <text><![CDATA[<h3>$[name]</h3>]]></text>
      </BalloonStyle>
    </Style>
    <StyleMap id="icon-1899-DB4436-nodesc">
      <Pair>
        <key>normal</key>
        <styleUrl>#icon-1899-DB4436-nodesc-normal</styleUrl>
      </Pair>
      <Pair>
        <key>highlight</key>
        <styleUrl>#icon-1899-DB4436-nodesc-highlight</styleUrl>
      </Pair>
    </StyleMap>
    <Style id="line-1267FF-5000-nodesc-normal">
      <LineStyle>
        <color>ffff6712</color>
        <width>5</width>
      </LineStyle>
      <BalloonStyle>
        <text><![CDATA[<h3>$[name]</h3>]]></text>
      </BalloonStyle>
    </Style>
    <Style id="line-1267FF-5000-nodesc-highlight">
      <LineStyle>
        <color>ffff6712</color>
        <width>7.5</width>
      </LineStyle>
      <BalloonStyle>
        <text><![CDATA[<h3>$[name]</h3>]]></text>
      </BalloonStyle>
    </Style>
    <StyleMap id="line-1267FF-5000-nodesc">
      <Pair>
        <key>normal</key>
        <styleUrl>#line-1267FF-5000-nodesc-normal</styleUrl>
      </Pair>
      <Pair>
        <key>highlight</key>
        <styleUrl>#line-1267FF-5000-nodesc-highlight</styleUrl>
      </Pair>
    </StyleMap>
    <Placemark>
      <name>Directions from Baden-Baden to Kniebis, Freudenstadt, Germany</name>
      <styleUrl>#line-1267FF-5000-nodesc</styleUrl>
      <LineString>
        <tessellate>1</tessellate>
        <coordinates>
          8.22789,48.76567,0
          8.22788,48.76599,0
          8.22787,48.76601,0
          8.22782,48.7663,0
          8.22784,48.76642,0
          8.22787,48.76653,0
          8.22791,48.76661,0
          8.22795,48.76664,0
          8.22824,48.76698,0
          8.22851,48.76733,0
          8.22865,48.7676,0
          8.22866,48.76765,0
          8.22874,48.76791,0
          8.22887,48.76852,0
          8.22893,48.76865,0
          8.22902,48.76893,0
          8.22905,48.76905,0
          8.22943,48.76879,0
          8.22953,48.76871,0
          8.22955,48.76871,0
          8.2296,48.76869,0
          8.23024,48.7681,0
          8.23036,48.76795,0
          8.23046,48.76779,0
          8.23049,48.76773,0
          8.23052,48.76769,0
          8.23059,48.76752,0
          8.23065,48.76731,0
          8.23067,48.7672,0
          8.2307,48.76691,0
          8.23084,48.7642,0
          8.23091,48.76353,0
          8.2311,48.76211,0
          8.2311,48.76205,0
          8.23146,48.75936,0
          8.23159,48.75869,0
          8.23161,48.75864,0
          8.23165,48.75848,0
          8.2317,48.75833,0
          8.23171,48.75828,0
          8.23191,48.75776,0
          8.23199,48.75761,0
          8.23201,48.75756,0
          8.23217,48.75727,0
          8.23239,48.75694,0
          8.23264,48.7566,0
          8.23321,48.75599,0
          8.23383,48.75546,0
          8.2339,48.75542,0
          8.23436,48.75509,0
          8.23496,48.75473,0
          8.23544,48.75449,0
          8.23612,48.75419,0
          8.23665,48.75399,0
          8.23759,48.75371,0
          8.23878,48.75346,0
          8.23938,48.75338,0
          8.24002,48.75332,0
          8.24194,48.75325,0
          8.24255,48.75325,0
          8.24321,48.75322,0
          8.24389,48.75322,0
          8.24396,48.75321,0
          8.24578,48.75319,0
          8.24604,48.75317,0
          8.24647,48.75311,0
          8.2468,48.75303,0
          8.24684,48.75301,0
          8.24707,48.75293,0
          8.24741,48.75278,0
          8.24798,48.75244,0
          8.24817,48.75231,0
          8.24848,48.75213,0
          8.24855,48.75211,0
          8.24874,48.75203,0
          8.25019,48.75159,0
          8.25207,48.75087,0
          8.25224,48.75082,0
          8.2526,48.75074,0
          8.25265,48.75074,0
          8.25281,48.75071,0
          8.25292,48.75068,0
          8.25301,48.75067,0
          8.25307,48.75064,0
          8.25321,48.75059,0
          8.25335,48.75051,0
          8.25569,48.74882,0
          8.25704,48.74771,0
          8.25733,48.74749,0
          8.25765,48.74722,0
          8.25761,48.74716,0
          8.25758,48.74713,0
          8.25747,48.74698,0
          8.25706,48.74648,0
          8.25691,48.74627,0
          8.25687,48.74623,0
          8.25681,48.74619,0
          8.25637,48.74599,0
          8.25768,48.74524,0
          8.25796,48.74511,0
          8.25809,48.74507,0
          8.25821,48.74502,0
          8.25888,48.74481,0
          8.25898,48.74476,0
          8.25956,48.74434,0
          8.25973,48.74425,0
          8.25916,48.74382,0
          8.258,48.74273,0
          8.25797,48.74268,0
          8.25792,48.74262,0
          8.25786,48.74252,0
          8.25786,48.74251,0
          8.25783,48.74245,0
          8.2578,48.74237,0
          8.25778,48.7422,0
          8.25779,48.74203,0
          8.25781,48.74194,0
          8.25791,48.74165,0
          8.258,48.74146,0
          8.25801,48.74145,0
          8.25807,48.74125,0
          8.25811,48.74092,0
          8.25813,48.74056,0
          8.25812,48.74023,0
          8.25808,48.73987,0
          8.25802,48.73969,0
          8.2579,48.7394,0
          8.25698,48.73774,0
          8.25694,48.73769,0
          8.25674,48.73753,0
          8.25661,48.73745,0
          8.25645,48.73737,0
          8.25642,48.73737,0
          8.25639,48.73735,0
          8.25625,48.7373,0
          8.25624,48.7373,0
          8.25534,48.73702,0
          8.25531,48.73702,0
          8.25525,48.73699,0
          8.25497,48.73691,0
          8.25478,48.73683,0
          8.25454,48.73669,0
          8.25412,48.73627,0
          8.25409,48.73623,0
          8.25407,48.73619,0
          8.25401,48.73611,0
          8.25395,48.736,0
          8.25393,48.73593,0
          8.25393,48.73588,0
          8.25392,48.73584,0
          8.25392,48.73577,0
          8.25393,48.73574,0
          8.25393,48.73572,0
          8.25394,48.73571,0
          8.25394,48.73569,0
          8.25396,48.73565,0
          8.25396,48.73564,0
          8.25405,48.73555,0
          8.25415,48.73543,0
          8.25419,48.73541,0
          8.25435,48.73536,0
          8.25446,48.73534,0
          8.25457,48.73533,0
          8.25483,48.73533,0
          8.25507,48.73531,0
          8.25529,48.73526,0
          8.25535,48.73524,0
          8.25539,48.73522,0
          8.25548,48.73519,0
          8.25561,48.73511,0
          8.2557,48.73504,0
          8.2558,48.73487,0
          8.25582,48.73482,0
          8.25583,48.73481,0
          8.2559,48.73453,0
          8.25598,48.73432,0
          8.256,48.73428,0
          8.25604,48.73422,0
          8.25609,48.73418,0
          8.25672,48.73356,0
          8.25678,48.73351,0
          8.25706,48.73317,0
          8.25717,48.733,0
          8.25727,48.73281,0
          8.25733,48.73266,0
          8.25734,48.73261,0
          8.25735,48.73259,0
          8.25737,48.73245,0
          8.25737,48.73238,0
          8.25738,48.73233,0
          8.25737,48.73229,0
          8.25737,48.73224,0
          8.25736,48.73222,0
          8.25736,48.7322,0
          8.25734,48.73211,0
          8.25716,48.73196,0
          8.25669,48.73164,0
          8.25651,48.73155,0
          8.25638,48.7315,0
          8.25604,48.73141,0
          8.25568,48.73123,0
          8.25448,48.73054,0
          8.25435,48.73044,0
          8.25432,48.73039,0
          8.25428,48.73034,0
          8.25407,48.72993,0
          8.25392,48.72968,0
          8.25384,48.72958,0
          8.25348,48.72925,0
          8.25303,48.7289,0
          8.25288,48.72883,0
          8.25254,48.72872,0
          8.25238,48.72868,0
          8.25192,48.72864,0
          8.25157,48.72867,0
          8.25155,48.72868,0
          8.25131,48.7287,0
          8.25106,48.7287,0
          8.25081,48.72864,0
          8.25014,48.72831,0
          8.24995,48.72818,0
          8.24987,48.7281,0
          8.24957,48.72772,0
          8.24948,48.72758,0
          8.24941,48.72744,0
          8.24935,48.72734,0
          8.24929,48.72726,0
          8.24922,48.72719,0
          8.24909,48.72709,0
          8.24901,48.72705,0
          8.24888,48.727,0
          8.24863,48.72694,0
          8.24853,48.72693,0
          8.24818,48.72687,0
          8.2481,48.72685,0
          8.24802,48.72682,0
          8.24787,48.72671,0
          8.2478,48.72663,0
          8.24778,48.72658,0
          8.24775,48.72653,0
          8.24771,48.72641,0
          8.24771,48.72635,0
          8.2477,48.72625,0
          8.2477,48.72584,0
          8.24768,48.72574,0
          8.24756,48.72541,0
          8.24755,48.72534,0
          8.24753,48.72527,0
          8.24752,48.72515,0
          8.24752,48.725,0
          8.24754,48.72476,0
          8.24752,48.72464,0
          8.24748,48.72457,0
          8.24744,48.72453,0
          8.24732,48.72446,0
          8.24727,48.72444,0
          8.24706,48.72441,0
          8.24584,48.72436,0
          8.24549,48.72431,0
          8.24547,48.7243,0
          8.24523,48.72424,0
          8.24498,48.72414,0
          8.2448,48.72403,0
          8.24414,48.72367,0
          8.2441,48.72364,0
          8.24407,48.72363,0
          8.24406,48.72362,0
          8.24405,48.72362,0
          8.24338,48.72325,0
          8.24316,48.7231,0
          8.24297,48.72293,0
          8.24282,48.72274,0
          8.24202,48.72156,0
          8.24197,48.7215,0
          8.24187,48.72133,0
          8.24183,48.72129,0
          8.24181,48.72125,0
          8.24167,48.7211,0
          8.24148,48.72094,0
          8.24128,48.72079,0
          8.24119,48.72071,0
          8.24066,48.7203,0
          8.2403,48.72006,0
          8.24028,48.72004,0
          8.23967,48.7197,0
          8.23922,48.71949,0
          8.23919,48.71948,0
          8.23898,48.71938,0
          8.23896,48.71938,0
          8.2383,48.71906,0
          8.23788,48.71883,0
          8.23784,48.7188,0
          8.23781,48.71879,0
          8.23778,48.71877,0
          8.23777,48.71876,0
          8.23768,48.71871,0
          8.23753,48.71859,0
          8.2374,48.71846,0
          8.23729,48.71832,0
          8.23725,48.71825,0
          8.23725,48.71824,0
          8.23722,48.71816,0
          8.2372,48.71807,0
          8.2372,48.71783,0
          8.23719,48.71781,0
          8.23719,48.71774,0
          8.23717,48.71772,0
          8.23714,48.71763,0
          8.23706,48.71755,0
          8.23694,48.71747,0
          8.23666,48.71735,0
          8.23663,48.71735,0
          8.23633,48.71728,0
          8.2361,48.71726,0
          8.23555,48.71726,0
          8.23522,48.71728,0
          8.23507,48.7173,0
          8.23491,48.7173,0
          8.23477,48.71731,0
          8.23455,48.71729,0
          8.23421,48.71721,0
          8.23419,48.71721,0
          8.23396,48.71714,0
          8.23387,48.71712,0
          8.23382,48.7171,0
          8.23379,48.7171,0
          8.23359,48.71704,0
          8.23353,48.71703,0
          8.23326,48.71696,0
          8.2331,48.71693,0
          8.23293,48.71691,0
          8.23266,48.7169,0
          8.23258,48.71689,0
          8.23225,48.71689,0
          8.2322,48.71688,0
          8.2321,48.71688,0
          8.23201,48.71687,0
          8.23199,48.71686,0
          8.23187,48.71684,0
          8.23185,48.71683,0
          8.23178,48.71681,0
          8.23145,48.71665,0
          8.23141,48.71662,0
          8.23128,48.71656,0
          8.23112,48.71646,0
          8.23106,48.71643,0
          8.23103,48.7164,0
          8.23101,48.71639,0
          8.23097,48.71635,0
          8.23093,48.71632,0
          8.23087,48.71623,0
          8.2308,48.71599,0
          8.23079,48.71593,0
          8.23079,48.71588,0
          8.23076,48.7157,0
          8.23075,48.71567,0
          8.23073,48.71564,0
          8.23072,48.71561,0
          8.2307,48.71558,0
          8.23065,48.71553,0
          8.23062,48.71551,0
          8.23049,48.71547,0
          8.23039,48.71547,0
          8.23031,48.71549,0
          8.23028,48.71549,0
          8.23017,48.71554,0
          8.22997,48.71565,0
          8.22984,48.7157,0
          8.22968,48.71574,0
          8.22937,48.71573,0
          8.22832,48.71556,0
          8.22827,48.71556,0
          8.22815,48.71554,0
          8.22794,48.71553,0
          8.22775,48.71554,0
          8.22766,48.71556,0
          8.22718,48.71558,0
          8.22702,48.71557,0
          8.22693,48.71545,0
          8.22693,48.71539,0
          8.22694,48.71536,0
          8.22696,48.71533,0
          8.22697,48.71532,0
          8.22705,48.71527,0
          8.22714,48.71523,0
          8.22724,48.71521,0
          8.22737,48.71521,0
          8.22746,48.71522,0
          8.22754,48.71522,0
          8.22763,48.71524,0
          8.2288,48.71539,0
          8.22916,48.71542,0
          8.22931,48.71542,0
          8.2294,48.71541,0
          8.22948,48.71539,0
          8.22956,48.71536,0
          8.22961,48.71533,0
          8.22966,48.71529,0
          8.22974,48.71519,0
          8.22991,48.71494,0
          8.22991,48.71493,0
          8.23006,48.71471,0
          8.23014,48.71463,0
          8.23017,48.71459,0
          8.23019,48.71458,0
          8.23036,48.71446,0
          8.23053,48.71439,0
          8.2306,48.71438,0
          8.23063,48.71438,0
          8.23076,48.71436,0
          8.23085,48.71436,0
          8.23102,48.71439,0
          8.23114,48.71443,0
          8.23132,48.71454,0
          8.23144,48.71464,0
          8.23167,48.71488,0
          8.23174,48.71494,0
          8.23176,48.71495,0
          8.23189,48.71504,0
          8.23213,48.71515,0
          8.23222,48.71517,0
          8.23231,48.7152,0
          8.23285,48.7153,0
          8.23317,48.71534,0
          8.23327,48.71536,0
          8.23425,48.71547,0
          8.23482,48.71551,0
          8.23485,48.71552,0
          8.23511,48.71553,0
          8.23512,48.71554,0
          8.23576,48.71557,0
          8.23661,48.71557,0
          8.2373,48.7155,0
          8.23757,48.71542,0
          8.23765,48.71538,0
          8.23771,48.71536,0
          8.23782,48.71527,0
          8.23789,48.71516,0
          8.23792,48.71506,0
          8.23792,48.71496,0
          8.23787,48.71486,0
          8.2378,48.71476,0
          8.23771,48.71467,0
          8.23767,48.71465,0
          8.23762,48.71459,0
          8.23761,48.71459,0
          8.23744,48.71446,0
          8.23741,48.71443,0
          8.23709,48.71419,0
          8.23708,48.71419,0
          8.23682,48.71399,0
          8.23655,48.71376,0
          8.23644,48.71364,0
          8.23636,48.71351,0
          8.23634,48.71342,0
          8.23633,48.71332,0
          8.23637,48.71321,0
          8.23642,48.71315,0
          8.23645,48.7131,0
          8.23657,48.71301,0
          8.23662,48.71299,0
          8.23667,48.71296,0
          8.23686,48.71288,0
          8.23696,48.71285,0
          8.23708,48.71284,0
          8.23759,48.71268,0
          8.23813,48.71246,0
          8.23824,48.71239,0
          8.23827,48.71238,0
          8.23834,48.71234,0
          8.23853,48.7122,0
          8.23861,48.7121,0
          8.23864,48.71205,0
          8.23865,48.712,0
          8.23865,48.71192,0
          8.2386,48.71179,0
          8.23855,48.71171,0
          8.23853,48.7117,0
          8.23838,48.71158,0
          8.23807,48.71147,0
          8.23726,48.71122,0
          8.23717,48.7112,0
          8.23675,48.71106,0
          8.2367,48.71105,0
          8.23467,48.71043,0
          8.23417,48.71024,0
          8.23413,48.71023,0
          8.23391,48.71014,0
          8.23381,48.71009,0
          8.23366,48.71003,0
          8.23349,48.70994,0
          8.23348,48.70994,0
          8.23302,48.7097,0
          8.23275,48.70953,0
          8.23237,48.70924,0
          8.23235,48.70923,0
          8.23226,48.70914,0
          8.2321,48.70891,0
          8.23209,48.7089,0
          8.23204,48.7088,0
          8.23199,48.70863,0
          8.23197,48.70848,0
          8.23202,48.70819,0
          8.23212,48.70798,0
          8.23218,48.7079,0
          8.23226,48.70783,0
          8.23232,48.70775,0
          8.2325,48.7076,0
          8.23265,48.7075,0
          8.23279,48.70743,0
          8.23308,48.70731,0
          8.23333,48.70723,0
          8.23368,48.70715,0
          8.23416,48.70708,0
          8.23421,48.70708,0
          8.23474,48.70701,0
          8.23484,48.70699,0
          8.23513,48.70696,0
          8.2359,48.70682,0
          8.23601,48.70679,0
          8.23608,48.70678,0
          8.23706,48.70653,0
          8.23728,48.70646,0
          8.2373,48.70646,0
          8.23772,48.70633,0
          8.23775,48.70633,0
          8.23779,48.70631,0
          8.23802,48.70624,0
          8.23807,48.70623,0
          8.23829,48.70615,0
          8.23898,48.70584,0
          8.23948,48.70557,0
          8.23978,48.70543,0
          8.23986,48.7054,0
          8.2399,48.70539,0
          8.24002,48.70534,0
          8.24018,48.70529,0
          8.2405,48.70523,0
          8.24066,48.70521,0
          8.24211,48.70519,0
          8.24215,48.70518,0
          8.24232,48.70517,0
          8.24268,48.7051,0
          8.24278,48.70507,0
          8.24307,48.70496,0
          8.24319,48.70489,0
          8.24332,48.70483,0
          8.24406,48.70441,0
          8.24406,48.7044,0
          8.24445,48.70416,0
          8.24463,48.70402,0
          8.2448,48.70383,0
          8.24485,48.70374,0
          8.24486,48.7037,0
          8.24489,48.70363,0
          8.24495,48.70341,0
          8.24497,48.70321,0
          8.24499,48.7031,0
          8.24501,48.70245,0
          8.24499,48.70233,0
          8.24491,48.70216,0
          8.24486,48.7021,0
          8.24469,48.70197,0
          8.24457,48.70191,0
          8.24446,48.70187,0
          8.24427,48.70182,0
          8.2441,48.7018,0
          8.24345,48.70176,0
          8.24328,48.70176,0
          8.24321,48.70175,0
          8.24264,48.70172,0
          8.24147,48.70161,0
          8.241,48.70154,0
          8.24093,48.70152,0
          8.2407,48.70148,0
          8.24008,48.70134,0
          8.24006,48.70133,0
          8.23977,48.70126,0
          8.23949,48.70114,0
          8.23948,48.70114,0
          8.23936,48.70106,0
          8.23926,48.70098,0
          8.23917,48.70089,0
          8.23915,48.70086,0
          8.23874,48.70041,0
          8.23843,48.70003,0
          8.23763,48.69898,0
          8.2372,48.69827,0
          8.23703,48.69788,0
          8.23695,48.69755,0
          8.23692,48.69731,0
          8.23695,48.6972,0
          8.23717,48.6968,0
          8.23718,48.69679,0
          8.2372,48.69675,0
          8.23724,48.69669,0
          8.23727,48.6966,0
          8.23729,48.69649,0
          8.23727,48.69638,0
          8.23724,48.69627,0
          8.23723,48.69625,0
          8.2371,48.69609,0
          8.237,48.696,0
          8.23679,48.69584,0
          8.23667,48.69576,0
          8.23656,48.6957,0
          8.23652,48.69567,0
          8.23616,48.6955,0
          8.23616,48.69549,0
          8.23589,48.6954,0
          8.23588,48.69539,0
          8.23498,48.69516,0
          8.2341,48.69502,0
          8.23407,48.69502,0
          8.23398,48.695,0
          8.23341,48.69492,0
          8.23279,48.6948,0
          8.2325,48.69473,0
          8.23248,48.69472,0
          8.23233,48.69469,0
          8.23222,48.69465,0
          8.23217,48.69464,0
          8.23197,48.69458,0
          8.23187,48.69453,0
          8.23179,48.6945,0
          8.23172,48.69446,0
          8.23169,48.69445,0
          8.23163,48.69441,0
          8.23157,48.69438,0
          8.23148,48.69431,0
          8.23144,48.69427,0
          8.2314,48.69422,0
          8.23135,48.69411,0
          8.23132,48.69396,0
          8.23132,48.69392,0
          8.23136,48.69377,0
          8.23146,48.69362,0
          8.23161,48.69346,0
          8.23177,48.69332,0
          8.2319,48.69322,0
          8.23204,48.69313,0
          8.23245,48.69291,0
          8.23281,48.69277,0
          8.23304,48.6927,0
          8.23404,48.6925,0
          8.23434,48.69241,0
          8.23448,48.69235,0
          8.23449,48.69234,0
          8.23459,48.69228,0
          8.23469,48.69219,0
          8.23475,48.69211,0
          8.23479,48.69201,0
          8.2348,48.69191,0
          8.2348,48.69182,0
          8.23478,48.69171,0
          8.2347,48.69151,0
          8.23459,48.6913,0
          8.23454,48.69123,0
          8.23452,48.69118,0
          8.23431,48.69084,0
          8.23429,48.69082,0
          8.2342,48.69067,0
          8.23409,48.69053,0
          8.23384,48.69029,0
          8.2336,48.6901,0
          8.2326,48.68944,0
          8.23246,48.68937,0
          8.23208,48.68922,0
          8.23177,48.68915,0
          8.2313,48.68902,0
          8.23111,48.68894,0
          8.23105,48.68889,0
          8.23099,48.68885,0
          8.23092,48.68879,0
          8.23069,48.68855,0
          8.23052,48.68832,0
          8.2304,48.6881,0
          8.23032,48.68787,0
          8.23031,48.68781,0
          8.23029,48.68774,0
          8.23029,48.6877,0
          8.23028,48.68767,0
          8.23027,48.68749,0
          8.2303,48.68716,0
          8.23036,48.68709,0
          8.2304,48.68695,0
          8.23044,48.68688,0
          8.23048,48.68678,0
          8.23058,48.68661,0
          8.23074,48.68642,0
          8.23078,48.68639,0
          8.23083,48.68633,0
          8.23103,48.68617,0
          8.23176,48.68573,0
          8.23193,48.68561,0
          8.23201,48.68554,0
          8.23202,48.68554,0
          8.23215,48.6854,0
          8.23217,48.68537,0
          8.23224,48.68529,0
          8.23227,48.68523,0
          8.23236,48.68509,0
          8.2324,48.68501,0
          8.23251,48.68469,0
          8.23257,48.68442,0
          8.2326,48.68406,0
          8.2326,48.68335,0
          8.23254,48.68254,0
          8.23254,48.6824,0
          8.23257,48.68191,0
          8.23264,48.68132,0
          8.23268,48.68114,0
          8.23275,48.68092,0
          8.23284,48.68072,0
          8.23291,48.6806,0
          8.23308,48.68036,0
          8.23339,48.68006,0
          8.23374,48.67969,0
          8.23391,48.67946,0
          8.23404,48.67925,0
          8.23408,48.67915,0
          8.23416,48.67883,0
          8.23424,48.67828,0
          8.23428,48.6781,0
          8.2343,48.67805,0
          8.23432,48.67797,0
          8.23436,48.67786,0
          8.23453,48.67753,0
          8.23459,48.67743,0
          8.23493,48.67697,0
          8.23506,48.67676,0
          8.2351,48.67668,0
          8.23516,48.6765,0
          8.23519,48.67635,0
          8.23519,48.67614,0
          8.23517,48.67599,0
          8.23513,48.67585,0
          8.23511,48.6758,0
          8.23508,48.67575,0
          8.23501,48.67559,0
          8.23496,48.67551,0
          8.23489,48.67535,0
          8.23482,48.67511,0
          8.2348,48.675,0
          8.23475,48.67441,0
          8.23469,48.67414,0
          8.23461,48.67393,0
          8.23448,48.67367,0
          8.23396,48.67274,0
          8.23388,48.67252,0
          8.23388,48.67251,0
          8.23382,48.67233,0
          8.23363,48.67186,0
          8.23358,48.67177,0
          8.2334,48.6715,0
          8.23321,48.6713,0
          8.23318,48.67126,0
          8.23304,48.67111,0
          8.23245,48.67055,0
          8.23242,48.67053,0
          8.23198,48.67012,0
          8.23179,48.6699,0
          8.2316,48.66958,0
          8.23154,48.66945,0
          8.23154,48.66944,0
          8.2315,48.66935,0
          8.23144,48.66914,0
          8.2314,48.66892,0
          8.2314,48.66871,0
          8.23142,48.66849,0
          8.23161,48.66751,0
          8.23169,48.66729,0
          8.23178,48.66713,0
          8.23184,48.66704,0
          8.23207,48.66683,0
          8.23218,48.66676,0
          8.23232,48.66669,0
          8.23261,48.6666,0
          8.2332,48.66649,0
          8.23337,48.66647,0
          8.23352,48.66644,0
          8.23363,48.6664,0
          8.23375,48.66637,0
          8.23395,48.66628,0
          8.23397,48.66626,0
          8.23406,48.66621,0
          8.23431,48.66597,0
          8.23443,48.66576,0
          8.23467,48.66525,0
          8.23473,48.66516,0
          8.23496,48.66495,0
          8.23513,48.66487,0
          8.23514,48.66487,0
          8.23532,48.6648,0
          8.23581,48.66467,0
          8.23703,48.66446,0
          8.23723,48.66441,0
          8.23752,48.66431,0
          8.23766,48.66425,0
          8.23782,48.66414,0
          8.23784,48.66414,0
          8.23796,48.66403,0
          8.23808,48.66387,0
          8.23811,48.66382,0
          8.23815,48.66371,0
          8.23818,48.6635,0
          8.23816,48.6634,0
          8.23812,48.66328,0
          8.23801,48.66311,0
          8.23763,48.66271,0
          8.23756,48.66265,0
          8.23742,48.66247,0
          8.23731,48.66231,0
          8.23724,48.66218,0
          8.23718,48.6619,0
          8.23719,48.6616,0
          8.23722,48.66147,0
          8.23729,48.66125,0
          8.23745,48.66089,0
          8.23754,48.66072,0
          8.23766,48.66055,0
          8.23863,48.65935,0
          8.23894,48.65893,0
          8.23897,48.65882,0
          8.23898,48.65855,0
          8.23905,48.65804,0
          8.23904,48.65775,0
          8.23903,48.65766,0
          8.23902,48.65762,0
          8.23902,48.65756,0
          8.23898,48.65748,0
          8.23896,48.65742,0
          8.23884,48.65726,0
          8.23881,48.65723,0
          8.23864,48.6571,0
          8.23845,48.657,0
          8.23818,48.65692,0
          8.23797,48.65687,0
          8.23791,48.65685,0
          8.23719,48.65671,0
          8.23708,48.65668,0
          8.23627,48.65637,0
          8.2357,48.65606,0
          8.23525,48.65577,0
          8.2348,48.65545,0
          8.23448,48.65519,0
          8.23399,48.65474,0
          8.23291,48.65361,0
          8.23252,48.65314,0
          8.23245,48.65303,0
          8.2324,48.65298,0
          8.23179,48.65199,0
          8.2316,48.65164,0
          8.23145,48.65133,0
          8.23134,48.65099,0
          8.23102,48.64957,0
          8.23095,48.64865,0
          8.23094,48.64827,0
          8.2309,48.64781,0
          8.2309,48.64739,0
          8.23097,48.6469,0
          8.23101,48.64676,0
          8.23113,48.64617,0
          8.23116,48.64594,0
          8.23116,48.64588,0
          8.23115,48.64581,0
          8.23112,48.64573,0
          8.23108,48.64566,0
          8.231,48.64557,0
          8.23092,48.6455,0
          8.23077,48.64539,0
          8.23054,48.64529,0
          8.23041,48.64525,0
          8.23025,48.64523,0
          8.22959,48.64519,0
          8.22952,48.64518,0
          8.22603,48.64494,0
          8.22568,48.6449,0
          8.22356,48.6448,0
          8.22303,48.6448,0
          8.22301,48.64481,0
          8.22291,48.64481,0
          8.22238,48.64487,0
          8.22232,48.64487,0
          8.22222,48.64488,0
          8.2222,48.64489,0
          8.2213,48.64499,0
          8.22122,48.64499,0
          8.22118,48.645,0
          8.22105,48.645,0
          8.22092,48.64501,0
          8.22027,48.64501,0
          8.21964,48.64498,0
          8.21959,48.64497,0
          8.21949,48.64497,0
          8.21925,48.64494,0
          8.21919,48.64494,0
          8.21906,48.64492,0
          8.21873,48.64489,0
          8.21701,48.64461,0
          8.21698,48.6446,0
          8.2167,48.64456,0
          8.21624,48.64454,0
          8.21592,48.64456,0
          8.21518,48.64465,0
          8.21439,48.64472,0
          8.21398,48.64472,0
          8.21329,48.64465,0
          8.2129,48.64457,0
          8.21245,48.64445,0
          8.21204,48.64429,0
          8.21158,48.64406,0
          8.20968,48.64301,0
          8.20966,48.64301,0
          8.20918,48.64272,0
          8.20782,48.64179,0
          8.20761,48.64162,0
          8.20621,48.6403,0
          8.20581,48.6399,0
          8.20394,48.63783,0
          8.2037,48.63749,0
          8.20366,48.63742,0
          8.20364,48.6374,0
          8.20354,48.63726,0
          8.20348,48.63716,0
          8.20341,48.63707,0
          8.2034,48.63705,0
          8.20307,48.63657,0
          8.20302,48.63651,0
          8.20298,48.63644,0
          8.20291,48.63635,0
          8.20273,48.63605,0
          8.20265,48.63588,0
          8.20236,48.63481,0
          8.20236,48.63478,0
          8.20234,48.6347,0
          8.20233,48.63459,0
          8.20233,48.63428,0
          8.20235,48.63417,0
          8.20236,48.63406,0
          8.2024,48.63391,0
          8.20249,48.63365,0
          8.20254,48.63354,0
          8.20255,48.63353,0
          8.20264,48.63337,0
          8.20325,48.63246,0
          8.20349,48.63218,0
          8.2035,48.63216,0
          8.20373,48.63191,0
          8.20402,48.63164,0
          8.20437,48.63139,0
          8.20565,48.63061,0
          8.20566,48.6306,0
          8.2057,48.63058,0
          8.20616,48.63028,0
          8.20638,48.63009,0
          8.20639,48.63007,0
          8.20652,48.62992,0
          8.2067,48.62963,0
          8.20671,48.6296,0
          8.20671,48.62959,0
          8.20673,48.62952,0
          8.20673,48.62948,0
          8.2067,48.62936,0
          8.20669,48.62934,0
          8.20661,48.62924,0
          8.20645,48.62913,0
          8.20641,48.62911,0
          8.20639,48.62909,0
          8.20616,48.62902,0
          8.2059,48.62896,0
          8.20441,48.6287,0
          8.20385,48.62858,0
          8.20347,48.62846,0
          8.20317,48.62835,0
          8.20278,48.62817,0
          8.20227,48.62788,0
          8.20183,48.62754,0
          8.20156,48.62728,0
          8.20129,48.62697,0
          8.20127,48.62694,0
          8.20116,48.62681,0
          8.20086,48.6263,0
          8.20076,48.62609,0
          8.20058,48.62559,0
          8.20054,48.62542,0
          8.2005,48.62517,0
          8.20051,48.62457,0
          8.20056,48.62423,0
          8.20066,48.62386,0
          8.20068,48.62373,0
          8.20074,48.62348,0
          8.20076,48.62335,0
          8.20076,48.62326,0
          8.20075,48.62323,0
          8.20075,48.62321,0
          8.20073,48.62315,0
          8.20064,48.62299,0
          8.20048,48.62282,0
          8.20028,48.62267,0
          8.19932,48.62182,0
          8.19913,48.62167,0
          8.19887,48.62151,0
          8.19873,48.62144,0
          8.19846,48.62135,0
          8.19813,48.62129,0
          8.19717,48.62123,0
          8.19701,48.62121,0
          8.19698,48.6212,0
          8.19664,48.62113,0
          8.19612,48.62097,0
          8.19533,48.62066,0
          8.19493,48.62047,0
          8.19438,48.62018,0
          8.19402,48.61996,0
          8.19368,48.61971,0
          8.19361,48.61968,0
          8.19355,48.61964,0
          8.19349,48.61959,0
          8.19338,48.61946,0
          8.19334,48.61935,0
          8.19332,48.61932,0
          8.19323,48.61908,0
          8.19321,48.61898,0
          8.19319,48.61881,0
          8.19319,48.61863,0
          8.19328,48.61824,0
          8.19332,48.61812,0
          8.19345,48.61783,0
          8.19346,48.61783,0
          8.19353,48.61769,0
          8.19355,48.61766,0
          8.19372,48.61732,0
          8.19374,48.61729,0
          8.19385,48.61707,0
          8.19387,48.61701,0
          8.19389,48.61698,0
          8.19391,48.6169,0
          8.19394,48.61683,0
          8.19398,48.61662,0
          8.19398,48.61633,0
          8.19396,48.61621,0
          8.19392,48.61608,0
          8.19391,48.61603,0
          8.19365,48.61535,0
          8.19357,48.6152,0
          8.19344,48.615,0
          8.19263,48.61415,0
          8.19252,48.61402,0
          8.19243,48.61393,0
          8.19237,48.61384,0
          8.19225,48.61362,0
          8.19222,48.61352,0
          8.19221,48.61346,0
          8.19221,48.61341,0
          8.19224,48.61325,0
          8.1923,48.61312,0
          8.19245,48.6129,0
          8.1926,48.61273,0
          8.19308,48.61212,0
          8.19324,48.61188,0
          8.19327,48.61182,0
          8.19333,48.61161,0
          8.19334,48.6115,0
          8.19333,48.61082,0
          8.19336,48.61049,0
          8.19343,48.61013,0
          8.19347,48.60998,0
          8.1935,48.60977,0
          8.19351,48.60973,0
          8.19355,48.60936,0
          8.19355,48.60914,0
          8.19354,48.60906,0
          8.19354,48.60894,0
          8.1935,48.60869,0
          8.19337,48.60826,0
          8.19329,48.60804,0
          8.19305,48.60759,0
          8.19297,48.60747,0
          8.19234,48.60664,0
          8.19219,48.6064,0
          8.19217,48.60635,0
          8.19214,48.6063,0
          8.1921,48.60619,0
          8.1921,48.60618,0
          8.19209,48.60616,0
          8.19204,48.60599,0
          8.19201,48.60567,0
          8.19203,48.60556,0
          8.19204,48.60545,0
          8.19215,48.6051,0
          8.19227,48.6048,0
          8.19232,48.60465,0
          8.19232,48.60462,0
          8.19239,48.60436,0
          8.19246,48.60393,0
          8.19275,48.60129,0
          8.1927,48.60095,0
          8.19267,48.60064,0
          8.19263,48.60048,0
          8.19263,48.60047,0
          8.19259,48.60032,0
          8.19259,48.6003,0
          8.19254,48.60014,0
          8.19236,48.59969,0
          8.19211,48.5992,0
          8.19205,48.5991,0
          8.19179,48.59858,0
          8.19172,48.59841,0
          8.19167,48.59826,0
          8.19166,48.59824,0
          8.19162,48.59812,0
          8.19161,48.59806,0
          8.19156,48.59788,0
          8.19148,48.59739,0
          8.19148,48.59734,0
          8.19147,48.5973,0
          8.19147,48.59717,0
          8.19148,48.59707,0
          8.19148,48.59699,0
          8.19149,48.59696,0
          8.19149,48.59691,0
          8.19154,48.59672,0
          8.19158,48.59663,0
          8.1916,48.5966,0
          8.19163,48.59654,0
          8.19179,48.59633,0
          8.19185,48.59627,0
          8.19208,48.59609,0
          8.19218,48.59604,0
          8.19221,48.59602,0
          8.19245,48.59591,0
          8.19287,48.59577,0
          8.19295,48.59575,0
          8.19306,48.59571,0
          8.19392,48.59549,0
          8.19401,48.59546,0
          8.19404,48.59546,0
          8.19414,48.59543,0
          8.19438,48.59538,0
          8.19455,48.59533,0
          8.19468,48.59531,0
          8.19478,48.59528,0
          8.19536,48.59516,0
          8.19567,48.59511,0
          8.19569,48.5951,0
          8.19586,48.59507,0
          8.19592,48.59507,0
          8.19594,48.59506,0
          8.19634,48.59501,0
          8.1964,48.59501,0
          8.19662,48.59498,0
          8.19667,48.59498,0
          8.19674,48.59497,0
          8.1971,48.59495,0
          8.19716,48.59494,0
          8.19775,48.59494,0
          8.19779,48.59495,0
          8.19802,48.59496,0
          8.19843,48.59501,0
          8.19851,48.59503,0
          8.19857,48.59503,0
          8.19881,48.59509,0
          8.19889,48.5951,0
          8.19906,48.59514,0
          8.19907,48.59514,0
          8.19933,48.59521,0
          8.19936,48.59521,0
          8.19957,48.59527,0
          8.20041,48.59558,0
          8.20103,48.59587,0
          8.20164,48.5962,0
          8.20172,48.59623,0
          8.20232,48.59657,0
          8.20264,48.59677,0
          8.20288,48.59689,0
          8.20291,48.59691,0
          8.20333,48.59706,0
          8.20335,48.59706,0
          8.20357,48.59714,0
          8.2036,48.59714,0
          8.20382,48.59721,0
          8.20448,48.59737,0
          8.20535,48.59751,0
          8.20595,48.59757,0
          8.20662,48.59761,0
          8.20754,48.59761,0
          8.20843,48.59754,0
          8.20892,48.59746,0
          8.20896,48.59746,0
          8.21031,48.59717,0
          8.21032,48.59716,0
          8.21054,48.59713,0
          8.21074,48.59709,0
          8.2112,48.59704,0
          8.21152,48.59702,0
          8.21292,48.597,0
          8.21352,48.59696,0
          8.21423,48.59688,0
          8.21521,48.59671,0
          8.21546,48.59665,0
          8.21553,48.59664,0
          8.21636,48.59644,0
          8.21661,48.59632,0
          8.21664,48.59631,0
          8.21675,48.59625,0
          8.2169,48.59615,0
          8.21714,48.59592,0
          8.21724,48.5958,0
          8.21735,48.59561,0
          8.21736,48.59558,0
          8.21744,48.59541,0
          8.21746,48.59534,0
          8.21747,48.5952,0
          8.21744,48.59496,0
          8.21736,48.59474,0
          8.21726,48.59452,0
          8.21724,48.59449,0
          8.21716,48.59432,0
          8.21714,48.59429,0
          8.21605,48.59183,0
          8.21603,48.59171,0
          8.21603,48.59149,0
          8.21606,48.59126,0
          8.21615,48.59102,0
          8.21622,48.59076,0
          8.21634,48.59044,0
          8.21643,48.59013,0
          8.21648,48.58988,0
          8.2165,48.58953,0
          8.21649,48.58915,0
          8.21647,48.58899,0
          8.21638,48.58857,0
          8.21619,48.58806,0
          8.21605,48.58781,0
          8.21604,48.5878,0
          8.21604,48.58779,0
          8.21584,48.58748,0
          8.21548,48.58698,0
          8.21542,48.58692,0
          8.21497,48.58634,0
          8.21486,48.58618,0
          8.21476,48.58598,0
          8.21467,48.58574,0
          8.21468,48.58569,0
          8.21467,48.58558,0
          8.21468,48.58549,0
          8.21469,48.58547,0
          8.21469,48.58545,0
          8.21471,48.58538,0
          8.21476,48.58528,0
          8.21482,48.58519,0
          8.2149,48.58509,0
          8.21505,48.58495,0
          8.21515,48.58488,0
          8.2154,48.58476,0
          8.21551,48.58472,0
          8.21587,48.58464,0
          8.21588,48.58464,0
          8.21592,48.58463,0
          8.21618,48.5846,0
          8.21701,48.58456,0
          8.21749,48.58448,0
          8.21788,48.58437,0
          8.21807,48.58429,0
          8.2184,48.58413,0
          8.21888,48.58382,0
          8.21952,48.58344,0
          8.22048,48.58294,0
          8.22085,48.58271,0
          8.22126,48.58239,0
          8.2214,48.58226,0
          8.22152,48.58213,0
          8.2217,48.58189,0
          8.22174,48.5818,0
          8.22179,48.58171,0
          8.22181,48.58162,0
          8.22182,48.58154,0
          8.22182,48.58144,0
          8.22181,48.58138,0
          8.22177,48.58125,0
          8.22169,48.58112,0
          8.22163,48.58104,0
          8.22153,48.58094,0
          8.22102,48.58054,0
          8.22032,48.58003,0
          8.219,48.579,0
          8.21874,48.57877,0
          8.21853,48.57856,0
          8.21833,48.57832,0
          8.21818,48.57807,0
          8.21804,48.57776,0
          8.21784,48.57702,0
          8.21767,48.57625,0
          8.21766,48.57617,0
          8.21765,48.57613,0
          8.21763,48.57597,0
          8.21763,48.5757,0
          8.21765,48.57556,0
          8.21771,48.57538,0
          8.21784,48.57513,0
          8.21794,48.57499,0
          8.21799,48.57494,0
          8.21801,48.57491,0
          8.21802,48.5749,0
          8.21803,48.5749,0
          8.21829,48.57463,0
          8.21849,48.57446,0
          8.21883,48.5742,0
          8.21933,48.57385,0
          8.21946,48.57377,0
          8.21973,48.57364,0
          8.22005,48.57352,0
          8.22036,48.57346,0
          8.22061,48.57344,0
          8.22083,48.57341,0
          8.22131,48.57339,0
          8.22197,48.57342,0
          8.22371,48.57358,0
          8.22404,48.57358,0
          8.22443,48.57354,0
          8.22454,48.5735,0
          8.22481,48.57343,0
          8.22494,48.57341,0
          8.22496,48.57341,0
          8.22545,48.57332,0
          8.22585,48.57328,0
          8.22589,48.57327,0
          8.22598,48.57326,0
          8.22601,48.57325,0
          8.22612,48.57323,0
          8.22627,48.57317,0
          8.2264,48.57309,0
          8.2265,48.57299,0
          8.22655,48.5729,0
          8.22655,48.57287,0
          8.22657,48.57276,0
          8.22656,48.57272,0
          8.22652,48.57263,0
          8.22647,48.57256,0
          8.22638,48.57249,0
          8.22558,48.57209,0
          8.22546,48.57201,0
          8.22502,48.57165,0
          8.22483,48.57152,0
          8.22461,48.57135,0
          8.22394,48.57075,0
          8.22379,48.57058,0
          8.22366,48.57041,0
          8.22355,48.57021,0
          8.22352,48.57014,0
          8.22351,48.57009,0
          8.22344,48.56989,0
          8.22341,48.56974,0
          8.2234,48.56956,0
          8.2236,48.56745,0
          8.2236,48.56737,0
          8.22359,48.56727,0
          8.22359,48.56719,0
          8.22358,48.56709,0
          8.22358,48.56696,0
          8.22349,48.56624,0
          8.2233,48.5654,0
          8.22329,48.56538,0
          8.2232,48.56505,0
          8.22291,48.56417,0
          8.22286,48.56405,0
          8.22277,48.56378,0
          8.22267,48.56355,0
          8.22261,48.56347,0
          8.22259,48.56343,0
          8.22255,48.56337,0
          8.22242,48.56328,0
          8.22225,48.5631,0
          8.22211,48.56297,0
          8.22184,48.56269,0
          8.22181,48.56264,0
          8.22176,48.56259,0
          8.2215,48.56223,0
          8.22114,48.56167,0
          8.2211,48.56152,0
          8.22106,48.56148,0
          8.22106,48.56147,0
          8.22105,48.56147,0
          8.22105,48.56145,0
          8.22104,48.56144,0
          8.22104,48.56141,0
          8.22105,48.5614,0
          8.22105,48.56139,0
          8.2209,48.56132,0
          8.22078,48.56118,0
          8.2205,48.56092,0
          8.22031,48.56079,0
          8.22021,48.56074,0
          8.21981,48.56061,0
          8.21958,48.56055,0
          8.21956,48.56055,0
          8.21938,48.56051,0
          8.21919,48.56049,0
          8.21911,48.56049,0
          8.21907,48.56048,0
          8.2189,48.56047,0
          8.21859,48.56049,0
          8.21832,48.56054,0
          8.21743,48.56078,0
          8.21737,48.56079,0
          8.21641,48.56113,0
          8.21599,48.56126,0
          8.21581,48.56133,0
          8.21547,48.56143,0
          8.21542,48.56143,0
          8.2153,48.56145,0
          8.21511,48.56145,0
          8.21497,48.56143,0
          8.21488,48.5614,0
          8.21471,48.56132,0
          8.21469,48.5613,0
          8.21463,48.56126,0
          8.21459,48.56122,0
          8.21451,48.56111,0
          8.21449,48.56104,0
          8.21449,48.561,0
          8.21448,48.56095,0
          8.21452,48.56083,0
          8.21457,48.56075,0
          8.21462,48.56069,0
          8.21472,48.56061,0
          8.21484,48.56053,0
          8.215,48.56044,0
          8.21506,48.56042,0
          8.21589,48.55995,0
          8.21592,48.55994,0
          8.21618,48.55976,0
          8.21629,48.55967,0
          8.21651,48.55946,0
          8.21671,48.55916,0
          8.21682,48.55895,0
          8.21689,48.55878,0
          8.21708,48.55838,0
          8.21721,48.55818,0
          8.21736,48.55798,0
          8.21803,48.55728,0
          8.21807,48.55723,0
          8.21816,48.55706,0
          8.21821,48.55693,0
          8.21824,48.55677,0
          8.21824,48.55668,0
          8.21823,48.55657,0
          8.21819,48.55644,0
          8.21815,48.55637,0
          8.21804,48.55621,0
          8.2179,48.55606,0
          8.21753,48.55571,0
          8.21742,48.55562,0
          8.21739,48.55558,0
          8.21726,48.55544,0
          8.21708,48.55527,0
          8.21651,48.55455,0
          8.21642,48.55438,0
          8.21641,48.55437,0
          8.21627,48.55414,0
          8.21614,48.55388,0
          8.21613,48.55387,0
          8.21613,48.55386,0
          8.21612,48.55385,0
          8.21598,48.5535,0
          8.21593,48.55335,0
          8.21593,48.55332,0
          8.21582,48.55297,0
          8.21579,48.55282,0
          8.21579,48.55279,0
          8.21577,48.5527,0
          8.21576,48.55261,0
          8.21574,48.55252,0
          8.21573,48.55228,0
          8.21575,48.55196,0
          8.21579,48.55174,0
          8.21579,48.55172,0
          8.21591,48.55144,0
          8.21592,48.55139,0
          8.21594,48.55137,0
          8.21601,48.55126,0
          8.21604,48.5512,0
          8.21632,48.55075,0
          8.21648,48.55053,0
          8.21659,48.55035,0
          8.21664,48.55023,0
          8.21664,48.55022,0
          8.21665,48.5502,0
          8.21669,48.55008,0
          8.21672,48.55002,0
          8.21675,48.54992,0
          8.21678,48.54985,0
          8.21678,48.54983,0
          8.2168,48.5497,0
          8.21681,48.54969,0
          8.21681,48.54967,0
          8.21686,48.54939,0
          8.21686,48.54935,0
          8.21687,48.54932,0
          8.21689,48.54916,0
          8.2169,48.54915,0
          8.2169,48.54914,0
          8.21695,48.54889,0
          8.21698,48.54878,0
          8.21708,48.54852,0
          8.21733,48.54807,0
          8.21774,48.54748,0
          8.21779,48.54742,0
          8.21791,48.54721,0
          8.218,48.54702,0
          8.218,48.54699,0
          8.21801,48.54697,0
          8.21806,48.5468,0
          8.2181,48.54649,0
          8.2181,48.54637,0
          8.21808,48.54626,0
          8.21807,48.54615,0
          8.21802,48.54596,0
          8.218,48.54591,0
          8.21799,48.54591,0
          8.21794,48.5458,0
          8.21792,48.54573,0
          8.21781,48.54555,0
          8.21767,48.54536,0
          8.21702,48.54463,0
          8.21675,48.54423,0
          8.21661,48.54392,0
          8.21652,48.54364,0
          8.2165,48.54338,0
          8.2165,48.54318,0
          8.21653,48.54297,0
          8.21656,48.54289,0
          8.21658,48.54279,0
          8.2167,48.54248,0
          8.21677,48.54235,0
          8.21694,48.54209,0
          8.21705,48.54195,0
          8.21732,48.54168,0
          8.21744,48.54159,0
          8.21747,48.54156,0
          8.21762,48.54146,0
          8.21766,48.54142,0
          8.21804,48.5412,0
          8.21807,48.54119,0
          8.21846,48.54101,0
          8.2187,48.54092,0
          8.21876,48.54089,0
          8.21923,48.54076,0
          8.22073,48.54047,0
          8.22125,48.54032,0
          8.22159,48.54017,0
          8.22184,48.54003,0
          8.22214,48.5398,0
          8.22225,48.5397,0
          8.22228,48.53966,0
          8.22229,48.53966,0
          8.2223,48.53964,0
          8.22246,48.53945,0
          8.22256,48.53927,0
          8.22264,48.53907,0
          8.22269,48.53886,0
          8.2227,48.53863,0
          8.22267,48.53844,0
          8.22264,48.53831,0
          8.2226,48.53819,0
          8.22247,48.53794,0
          8.22165,48.53691,0
          8.22139,48.53636,0
          8.22103,48.53544,0
          8.22089,48.53521,0
          8.2207,48.535,0
          8.22056,48.53487,0
          8.22029,48.53468,0
          8.22025,48.53466,0
          8.22024,48.53465,0
          8.22015,48.53459,0
          8.21927,48.53412,0
          8.21893,48.53391,0
          8.21879,48.53381,0
          8.21863,48.53367,0
          8.21853,48.53357,0
          8.21843,48.53345,0
          8.2183,48.53324,0
          8.21822,48.53303,0
          8.21818,48.53283,0
          8.21816,48.53261,0
          8.21826,48.53178,0
          8.21826,48.53165,0
          8.21827,48.53157,0
          8.21826,48.5315,0
          8.21826,48.53143,0
          8.21825,48.53139,0
          8.21825,48.53133,0
          8.21824,48.5313,0
          8.21824,48.53129,0
          8.21823,48.53127,0
          8.21822,48.53121,0
          8.21819,48.53112,0
          8.21815,48.53103,0
          8.21805,48.53085,0
          8.21794,48.5307,0
          8.21774,48.5305,0
          8.21741,48.53023,0
          8.21632,48.52944,0
          8.21605,48.52922,0
          8.21585,48.52902,0
          8.21571,48.52882,0
          8.21561,48.52861,0
          8.21555,48.52846,0
          8.21554,48.52842,0
          8.21552,48.52826,0
          8.21551,48.52797,0
          8.21561,48.52691,0
          8.21561,48.52672,0
          8.2156,48.52659,0
          8.21556,48.5264,0
          8.2155,48.5262,0
          8.21542,48.52599,0
          8.21506,48.52528,0
          8.21495,48.52498,0
          8.21491,48.52483,0
          8.21489,48.52471,0
          8.21488,48.52459,0
          8.21488,48.52449,0
          8.21494,48.52417,0
          8.21497,48.52406,0
          8.21501,48.52396,0
          8.21501,48.52395,0
          8.21511,48.52376,0
          8.2152,48.52363,0
          8.21521,48.5236,0
          8.21524,48.52356,0
          8.21552,48.52327,0
          8.21581,48.52303,0
          8.21611,48.52286,0
          8.21624,48.5228,0
          8.21707,48.52251,0
          8.21872,48.52198,0
          8.21938,48.52167,0
          8.21958,48.52155,0
          8.21959,48.52155,0
          8.21963,48.52152,0
          8.21973,48.52147,0
          8.22131,48.52027,0
          8.22189,48.51979,0
          8.22217,48.51948,0
          8.22224,48.51938,0
          8.2224,48.51907,0
          8.22244,48.51897,0
          8.22252,48.51856,0
          8.22255,48.51823,0
          8.22257,48.5181,0
          8.22257,48.51808,0
          8.22259,48.51795,0
          8.2226,48.51792,0
          8.22263,48.51774,0
          8.22264,48.51773,0
          8.22267,48.51761,0
          8.22269,48.51757,0
          8.22272,48.51747,0
          8.22286,48.51723,0
          8.22308,48.51697,0
          8.22328,48.51679,0
          8.2233,48.51678,0
          8.22332,48.51676,0
          8.22425,48.51606,0
          8.22453,48.5158,0
          8.22466,48.51564,0
          8.22474,48.51552,0
          8.22478,48.51544,0
          8.22482,48.51533,0
          8.22482,48.51531,0
          8.22483,48.5153,0
          8.22488,48.51507,0
          8.2249,48.5148,0
          8.22487,48.51462,0
          8.22487,48.5146,0
          8.22486,48.51458,0
          8.22479,48.51437,0
          8.22463,48.5141,0
          8.22439,48.51383,0
          8.22355,48.51302,0
          8.22341,48.51287,0
          8.2233,48.51273,0
          8.22317,48.51248,0
          8.22313,48.51238,0
          8.22312,48.51237,0
          8.22309,48.51227,0
          8.22308,48.51221,0
          8.22307,48.51219,0
          8.22307,48.51216,0
          8.22306,48.51209,0
          8.22306,48.51198,0
          8.22311,48.51172,0
          8.22315,48.51158,0
          8.22319,48.51148,0
          8.22337,48.51115,0
          8.22404,48.51035,0
          8.2242,48.51011,0
          8.22427,48.50997,0
          8.22428,48.50993,0
          8.22436,48.50976,0
          8.2244,48.50958,0
          8.22441,48.50944,0
          8.22442,48.50942,0
          8.22442,48.50926,0
          8.2244,48.50908,0
          8.22439,48.50907,0
          8.22429,48.50873,0
          8.22419,48.50852,0
          8.22409,48.50835,0
          8.22362,48.50765,0
          8.22356,48.50754,0
          8.22346,48.50731,0
          8.22343,48.5072,0
          8.2234,48.50704,0
          8.2234,48.50679,0
          8.22341,48.50672,0
          8.2235,48.50643,0
          8.22476,48.50487,0
          8.2248,48.50483,0
          8.22499,48.50458,0
          8.22527,48.50414,0
          8.22533,48.50403,0
          8.22536,48.50396,0
          8.22542,48.50385,0
          8.22542,48.50384,0
          8.2261,48.50252,0
          8.22632,48.50223,0
          8.22653,48.50201,0
          8.22688,48.5017,0
          8.22721,48.50146,0
          8.22746,48.50132,0
          8.22785,48.50113,0
          8.22827,48.50096,0
          8.22871,48.50082,0
          8.22881,48.5008,0
          8.22882,48.50079,0
          8.22928,48.50069,0
          8.22986,48.50061,0
          8.2333,48.50044,0
          8.23355,48.5004,0
          8.23408,48.50028,0
          8.23411,48.50028,0
          8.23432,48.50021,0
          8.23472,48.50005,0
          8.23504,48.49989,0
          8.23517,48.49981,0
          8.23555,48.49954,0
          8.23588,48.49924,0
          8.23627,48.49882,0
          8.23628,48.49882,0
          8.23648,48.4986,0
          8.23688,48.49827,0
          8.23712,48.49812,0
          8.23753,48.49794,0
          8.23757,48.49793,0
          8.23758,48.49792,0
          8.23798,48.49781,0
          8.23842,48.49774,0
          8.23874,48.49772,0
          8.23963,48.49773,0
          8.2403,48.4977,0
          8.24045,48.49767,0
          8.24058,48.49766,0
          8.24092,48.49759,0
          8.24126,48.49755,0
          8.24183,48.49744,0
          8.24202,48.49737,0
          8.24205,48.49735,0
          8.24206,48.49735,0
          8.2423,48.49723,0
          8.24254,48.49708,0
          8.24275,48.49692,0
          8.24303,48.49665,0
          8.24325,48.49635,0
          8.24359,48.4958,0
          8.24381,48.49553,0
          8.24385,48.49547,0
          8.24429,48.4951,0
          8.2446,48.49491,0
          8.24484,48.49479,0
          8.24513,48.49467,0
          8.24564,48.49451,0
          8.24631,48.49438,0
          8.24699,48.4943,0
          8.24789,48.49427,0
          8.24861,48.49432,0
          8.24926,48.49442,0
          8.25095,48.49484,0
          8.25152,48.49501,0
          8.25182,48.49508,0
          8.25231,48.49515,0
          8.25254,48.49517,0
          8.25258,48.49518,0
          8.25263,48.49518,0
          8.25318,48.49523,0
          8.25333,48.49523,0
          8.25353,48.49521,0
          8.25443,48.49522,0
          8.25542,48.49519,0
          8.25643,48.49506,0
          8.25672,48.49501,0
          8.25674,48.495,0
          8.25802,48.49475,0
          8.25881,48.49449,0
          8.2601,48.49399,0
          8.26074,48.49377,0
          8.26142,48.49359,0
          8.2621,48.49345,0
          8.26247,48.4934,0
          8.26292,48.49336,0
          8.2648,48.49329,0
          8.26481,48.49328,0
          8.26517,48.49325,0
          8.26556,48.49319,0
          8.26583,48.49313,0
          8.26586,48.49313,0
          8.26609,48.49307,0
          8.26611,48.49306,0
          8.26624,48.49303,0
          8.26643,48.49297,0
          8.26688,48.49279,0
          8.26718,48.49264,0
          8.2675,48.49246,0
          8.26777,48.49228,0
          8.26805,48.49205,0
          8.26807,48.49204,0
          8.26824,48.49187,0
          8.26846,48.49162,0
          8.2687,48.49128,0
          8.26895,48.49084,0
          8.26895,48.49083,0
          8.26905,48.49064,0
          8.26935,48.49017,0
          8.2696,48.48986,0
          8.26997,48.48948,0
          8.27026,48.48924,0
          8.27091,48.48878,0
          8.27149,48.48841,0
          8.2715,48.48841,0
          8.27209,48.48803,0
          8.27257,48.48768,0
          8.27312,48.48719,0
          8.27313,48.48717,0
          8.27334,48.48694,0
          8.27361,48.48657,0
          8.27373,48.48638,0
          8.27389,48.48606,0
          8.27405,48.48567,0
          8.27409,48.48555,0
          8.27409,48.48554,0
          8.27428,48.48485,0
          8.27428,48.48483,0
          8.27429,48.48479,0
          8.27436,48.48431,0
          8.27437,48.48413,0
          8.27438,48.48406,0
          8.27441,48.48324,0
          8.27446,48.48256,0
          8.2745,48.48224,0
          8.27457,48.48191,0
          8.27466,48.48163,0
          8.27476,48.48139,0
          8.27489,48.48114,0
          8.27504,48.48094,0
          8.27516,48.4808,0
          8.2753,48.48067,0
          8.2754,48.48052,0
          8.27567,48.48028,0
          8.2757,48.48026,0
          8.27575,48.48021,0
          8.27601,48.48,0
          8.27609,48.47996,0
          8.27617,48.48,0
          8.27638,48.48014,0
          8.27642,48.48015,0
          8.27658,48.48023,0
          8.27676,48.4803,0
          8.27686,48.48038,0
          8.27711,48.48045,0
          8.27737,48.48049,0
          8.27758,48.4805,0
          8.27776,48.48049,0
          8.27792,48.48047,0
          8.278,48.48047,0
          8.27819,48.48043,0
          8.2782,48.48043,0
          8.27833,48.4804,0
          8.27851,48.48034,0
          8.28052,48.47945,0
          8.28056,48.47944,0
          8.28075,48.47936,0
          8.28076,48.47936,0
          8.28099,48.47928,0
          8.281,48.47928,0
          8.28117,48.47922,0
          8.28172,48.47907,0
          8.28174,48.47906,0
          8.28932,48.4772,0
          8.28953,48.47713,0
          8.29074,48.47683,0
          8.29123,48.47666,0
          8.29172,48.47644,0
          8.29252,48.476,0
          8.29585,48.47406,0
          8.29625,48.47378,0
          8.29654,48.47362,0
          8.29731,48.47327,0
          8.29785,48.47307,0
          8.29846,48.47287,0
          8.29864,48.47283,0
          8.30313,48.47129,0
          8.30333,48.47121,0
          8.30336,48.47121,0
          8.3039,48.4711,0
          8.30434,48.47106,0
          8.30475,48.47104,0
          8.30587,48.47109,0
          8.30675,48.47116,0
          8.30689,48.47119,0
          8.30859,48.4713,0
          8.30925,48.47129,0
          8.30983,48.47123,0
          8.31028,48.47116,0
          8.31054,48.4711,0
          8.31062,48.47109,0
          8.3113,48.47095,0
          8.31133,48.47094,0
          8.31186,48.47083,0
          8.31225,48.47078,0
          8.31251,48.47077,0
          8.31258,48.47076,0
          8.31368,48.47076,0
          8.31405,48.47078,0
          8.31728,48.4708,0
          8.31752,48.47079,0
          8.31757,48.47078,0
          8.31771,48.47077,0
          8.31784,48.47074,0
          8.31785,48.47074,0
          8.31802,48.4707,0
          8.31825,48.4706,0
          8.31832,48.47056,0
          8.31837,48.47054,0
          8.31851,48.47043,0
          8.31863,48.47029,0
          8.31873,48.47012,0
          8.31875,48.47007,0
          8.31891,48.46981,0
          8.32093,48.46619,0
          8.32097,48.46615,0
          8.32109,48.46599,0
          8.3211,48.46597,0
          8.32114,48.46594,0
          8.32123,48.46584,0
          8.32128,48.46581,0
          8.32142,48.4657,0
          8.32145,48.46567,0
          8.32149,48.46564,0
          8.32175,48.46549,0
          8.32539,48.46376,0
          8.32565,48.46367,0
          8.32592,48.4636,0
          8.32642,48.46351,0
          8.32695,48.46348,0
          8.33012,48.46358,0
          8.33071,48.46358,0
          8.33334,48.46349,0
          8.33341,48.46348,0
          8.33393,48.46345,0
          8.33459,48.46335,0
          8.33537,48.46317,0
          8.33611,48.46297,0
          8.33613,48.46297,0
          8.33614,48.46296,0
          8.33636,48.46291,0
          8.33645,48.46288,0
          8.33685,48.46279,0
          8.3369,48.46279,0
          8.33714,48.46275,0
          8.33733,48.46274,0
          8.3374,48.46273,0
          8.33772,48.46273,0
          8.33792,48.46275,0
          8.33799,48.46275,0
          8.33847,48.46282,0
          8.33951,48.46301,0
          8.33953,48.46301,0
          8.33978,48.46305,0
          8.34033,48.46308,0
          8.3406,48.46308,0
          8.34114,48.46304,0
          8.34117,48.46303,0
          8.3413,48.46302,0
          8.34173,48.46294,0
          8.34193,48.46289,0
          8.34266,48.46265,0
          8.34271,48.46264,0
          8.343,48.46253,0
          8.34335,48.46242,0
          8.34412,48.46224,0
          8.34474,48.46216,0
          8.34543,48.46212,0
          8.34597,48.46213,0
          8.34604,48.46214,0
          8.34631,48.46215,0
          8.34635,48.46216,0
          8.34774,48.46228,0
          8.34786,48.46228,0
          8.3479,48.46229,0
          8.34842,48.46228,0
          8.34865,48.46226,0
          8.34906,48.4622,0
          8.34938,48.46213,0
          8.34974,48.46203,0
          8.35013,48.46188,0
          8.35018,48.46185,0
          8.3504,48.46175,0
          8.35046,48.46171,0
          8.35068,48.46159,0
          8.3508,48.46151,0
          8.3508,48.4615,0
          8.3509,48.46143,0
          8.35211,48.46036,0
          8.3522,48.4603,0
          8.35242,48.46018,0
          8.35286,48.46001,0
          8.35318,48.45995,0
          8.35335,48.45993,0
          8.35361,48.45993,0
          8.35368,48.45992,0
          8.35382,48.45993,0
          8.35387,48.45994,0
          8.35398,48.45995,0
          8.35415,48.45998,0
          8.35431,48.46002,0
          8.35456,48.4601,0
          8.35469,48.46016,0
          8.35509,48.46039,0
          8.35541,48.46062,0
          8.35543,48.46064,0
          8.35597,48.46101,0
          8.3565,48.4613,0
          8.35661,48.46134,0
          8.35673,48.4614,0
          8.35826,48.46204,0
          8.35861,48.46217,0
          8.35889,48.46225,0
          8.35908,48.46229,0
          8.35938,48.46233,0
          8.35953,48.46234,0
          8.36163,48.46224,0
          8.36166,48.46223,0
          8.36325,48.46215,0
          8.36588,48.46185,0
          8.36619,48.4618,0
          8.36801,48.46138,0
          8.36802,48.46138,0
          8.36821,48.46133,0
          8.36828,48.46132,0
          8.36911,48.46108,0
          8.37043,48.46066,0
          8.37106,48.46041,0
          8.37329,48.45931,0
          8.37332,48.45929,0
          8.3739,48.459,0
          8.3741,48.45887,0
          8.37528,48.45773,0
          8.37546,48.45758,0
          8.37551,48.45755,0
          8.37557,48.4575,0
          8.37589,48.4573,0
          8.37625,48.4571,0
          8.3768,48.45684,0
          8.37721,48.45667,0
          8.37789,48.45647,0
          8.37838,48.45636,0
          8.37878,48.45629,0
          8.38309,48.45571,0
          8.38355,48.45563,0
          8.38387,48.45553,0
          8.38388,48.45553,0
          8.38401,48.45547,0
          8.3841,48.45544,0
          8.38636,48.45445,0
          8.38907,48.45317,0
          8.38912,48.45314,0
          8.38951,48.45296,0
          8.38956,48.45293,0
          8.38961,48.45292,0
          8.39049,48.4525,0
          8.39055,48.45248,0
          8.39209,48.45176,0
          8.39273,48.45152,0
          8.3933,48.45142,0
          8.39489,48.45119,0
          8.39493,48.45119,0
          8.39514,48.45116,0
          8.39518,48.45115,0
          8.39577,48.45107,0
          8.39616,48.45105,0
          8.39649,48.45107,0
          8.39678,48.45112,0
          8.39691,48.45116,0
          8.39692,48.45116,0
          8.39694,48.45117,0
          8.39695,48.45117,0
          8.39706,48.4512,0
          8.39713,48.45123,0
          8.39717,48.45124,0
          8.39729,48.45129,0
          8.39758,48.45146,0
          8.39793,48.45169,0
          8.39804,48.45175,0
          8.39851,48.45206,0
          8.39861,48.45214,0
          8.39892,48.45244,0
          8.39895,48.45246,0
          8.39899,48.45251,0
          8.39998,48.45347,0
          8.40001,48.45351,0
          8.40015,48.45364,0
          8.40056,48.45397,0
          8.4012,48.4544,0
          8.40156,48.45461,0
          8.40192,48.45479,0
          8.40247,48.45501,0
          8.40526,48.45589,0
          8.40575,48.45611,0
          8.40593,48.45621,0
          8.40693,48.45684,0
          8.40701,48.45686,0
          8.40703,48.45686,0
          8.40705,48.45687,0
          8.40706,48.45687,0
          8.40713,48.4569,0
          8.4074,48.45708,0
          8.40758,48.45723,0
          8.40764,48.4573,0
          8.40771,48.45736,0
          8.40786,48.45751,0
          8.40791,48.45757,0
          8.40805,48.45777,0
          8.40811,48.4579,0
          8.40821,48.45821,0
          8.40833,48.45865,0
          8.4084,48.45884,0
          8.4084,48.45885,0
          8.40854,48.45911,0
          8.40864,48.45925,0
          8.40866,48.45927,0
          8.40867,48.45929,0
          8.40868,48.45929,0
          8.40868,48.4593,0
          8.40881,48.45945,0
          8.40883,48.45951,0
          8.40896,48.45963,0
          8.40916,48.45978,0
          8.40918,48.45979,0
          8.40925,48.45984,0
          8.40939,48.45992,0
          8.40972,48.46007,0
          8.41002,48.46019,0
          8.41006,48.4602,0
          8.41048,48.46041,0
          8.41062,48.46049,0
          8.41105,48.4607,0
          8.41114,48.46073,0
          8.41168,48.46096,0
          8.41177,48.46096,0
          8.41204,48.46103,0
          8.41206,48.46099,0
          8.41211,48.46096,0
          8.41217,48.46094,0
          8.4122,48.46094,0
          8.41223,48.46093,0
          8.41224,48.46093,0
          8.41226,48.46094,0
          8.41229,48.46094,0
          8.41237,48.46097,0
          8.41242,48.46102,0
          8.41262,48.46109,0
          8.41268,48.46114,0
          8.41519,48.46202,0
          8.41587,48.46221,0
          8.41753,48.46273,0
          8.41739,48.46283,0
          8.41735,48.46285,0
          8.41717,48.4631,0
          8.4171,48.46318,0
          8.4166,48.46396,0
          8.41647,48.46414,0
          8.41645,48.46416,0
          8.41643,48.46419,0
          8.41631,48.46431,0
          8.41657,48.46434,0
          8.41669,48.46437,0
          8.41676,48.46437,0
          8.418,48.46468,0
          8.41814,48.46456,0
          8.418,48.46468,0
          8.41804,48.4647,0
          8.41809,48.4647,0
          8.41816,48.46471,0
          8.4183,48.46476,0
          8.4195,48.4651,0
          8.41988,48.46517,0
          8.4204,48.4653,0
          8.42059,48.46533,0
          8.4208,48.46538,0
          8.42147,48.4655,0
          8.42179,48.46554,0
          8.42189,48.46556,0
          8.42214,48.46558,0
          8.4228,48.46559,0
          8.42685,48.46541,0
          8.42752,48.46534,0
          8.42848,48.46516,0
          8.42948,48.46489,0
          8.43063,48.46449,0
          8.43102,48.46432,0
          8.43117,48.46423,0
          8.43126,48.46419,0
          8.43173,48.46394,0
          8.43256,48.46341,0
          8.43322,48.46291,0
          8.43355,48.46264,0
          8.43385,48.46235,0
          8.43427,48.46198,0
          8.43428,48.46198,0
          8.43506,48.46136,0
          8.43508,48.46135,0
          8.43515,48.46129,0
          8.43544,48.4611,0
          8.43549,48.46102,0
          8.43555,48.46098,0
          8.43565,48.46089,0
          8.43569,48.46084,0
          8.43572,48.46065,0
          8.43576,48.46053,0
          8.43582,48.46046,0
          8.43592,48.46039,0
          8.43596,48.46034,0
          8.43601,48.46029,0
          8.43619,48.46016,0
          8.43628,48.46012,0
          8.43629,48.46011,0
          8.43633,48.4601,0
          8.43637,48.46008,0
          8.43649,48.46004,0
          8.43651,48.46003,0
          8.43676,48.45997,0
          8.43727,48.45991,0
          8.43757,48.45991,0
          8.43763,48.4599,0
          8.43768,48.4599,0
          8.43775,48.45989,0
          8.43781,48.45986,0
          8.43787,48.45984,0
          8.4379,48.45982,0
          8.43798,48.45978,0
          8.43828,48.45951,0
          8.4384,48.45943,0
          8.43853,48.4593,0
          8.43865,48.45921,0
          8.43939,48.45858,0
          8.43991,48.45807,0
          8.4402,48.45774,0
          8.44034,48.45755,0
          8.44041,48.45747,0
          8.44077,48.45691,0
          8.44103,48.45638,0
          8.44123,48.45589,0
          8.44137,48.45541,0
          8.44146,48.45498,0
          8.44147,48.45459,0
          8.44144,48.45421,0
          8.4413,48.45337,0
          8.4412,48.45254,0
          8.44113,48.45218,0
          8.44112,48.45215,0
          8.44105,48.45182,0
          8.44091,48.45129,0
          8.44089,48.45124,0
          8.44074,48.45056,0
          8.44068,48.45045,0
          8.44067,48.45044,0
          8.44056,48.44994,0
          8.44052,48.44969,0
          8.44052,48.44958,0
          8.44041,48.44835,0
          8.44046,48.44826,0
          8.44042,48.44804,0
          8.44041,48.44784,0
          8.44041,48.44699,0
          8.4404,48.44683,0
          8.4404,48.44616,0
          8.44035,48.44579,0
          8.44036,48.44568,0
          8.44038,48.44473,0
          8.44039,48.44466,0
          8.4404,48.44367,0
          8.44035,48.44231,0
          8.44035,48.44195,0
          8.44034,48.44179,0
          8.44034,48.4412,0
          8.44036,48.44072,0
          8.44037,48.4407,0
          8.44038,48.44047,0
          8.44039,48.4404,0
          8.44039,48.44036,0
          8.44043,48.44004,0
          8.44044,48.44002,0
          8.44044,48.43997,0
          8.4405,48.43968,0
          8.44052,48.43953,0
          8.44074,48.4387,0
          8.4411,48.4378,0
          8.44111,48.43779,0
          8.44128,48.43737,0
          8.44143,48.43693,0
          8.44144,48.43685,0
          8.44148,48.43667,0
          8.44151,48.43658,0
          8.44151,48.43657,0
          8.44152,48.43653,0
          8.44152,48.4365,0
          8.44154,48.43634,0
          8.44155,48.43613,0
          8.44156,48.43609,0
          8.44156,48.4357,0
          8.44158,48.4355,0
          8.44149,48.43479,0
          8.44101,48.43289,0
          8.44099,48.43285,0
          8.44094,48.43259,0
          8.44092,48.43254,0
          8.44069,48.43165,0
          8.44069,48.43163,0
          8.44051,48.43094,0
          8.4405,48.43085,0
          8.4405,48.43068,0
          8.44051,48.43061,0
          8.44055,48.43048,0
          8.44058,48.43041,0
          8.44059,48.43037,0
          8.44071,48.43018,0
          8.44076,48.43012,0
          8.4409,48.42998,0
          8.44137,48.42962,0
          8.4426,48.42874,0
          8.44276,48.42859,0
          8.44292,48.42841,0
          8.44299,48.42831,0
          8.44301,48.42827,0
          8.44306,48.42821,0
          8.44317,48.42801,0
          8.4432,48.42794,0
          8.44324,48.42781,0
          8.44325,48.42776,0
          8.44327,48.4277,0
          8.44328,48.42758,0
          8.4433,48.42747,0
          8.44329,48.42704,0
          8.44331,48.42686,0
          8.44341,48.42653,0
          8.44346,48.42642,0
          8.44371,48.42601,0
          8.44406,48.42552,0
          8.44487,48.42431,0
          8.44516,48.42405,0
          8.44554,48.42378,0
          8.44573,48.42361,0
          8.44581,48.42352,0
          8.44585,48.42346,0
          8.4459,48.4234,0
          8.44592,48.42336,0
          8.44594,48.42334,0
          8.44595,48.42332,0
          8.44604,48.42301,0
          8.44605,48.42299,0
          8.44603,48.42298,0
          8.44602,48.42297,0
          8.446,48.42296,0
          8.44599,48.42296,0
          8.44594,48.42291,0
          8.44594,48.4229,0
          8.44593,48.42289,0
          8.44593,48.42288,0
          8.44592,48.42287,0
          8.44592,48.42285,0
          8.44591,48.42284,0
          8.44591,48.42282,0
          8.44592,48.42281,0
          8.44592,48.4228,0
          8.44594,48.42278,0
          8.44595,48.42278,0
          8.44599,48.42274,0
          8.44601,48.42273,0
          8.44602,48.42273,0
          8.44603,48.42272,0
          8.44605,48.42272,0
          8.44607,48.42271,0
          8.44609,48.42261,0
          8.4461,48.42247,0
          8.44606,48.42232,0
          8.44606,48.42225,0
          8.446,48.42204,0
          8.44588,48.42187,0
          8.44578,48.42176,0
          8.44572,48.42168,0
          8.44569,48.42166,0
          8.44556,48.42154,0
          8.44553,48.4215,0
          8.44543,48.4214,0
          8.44539,48.42137,0
          8.44513,48.4211,0
          8.44513,48.42109,0
          8.44493,48.42085,0
          8.44492,48.42083,0
          8.44484,48.42078,0
          8.44473,48.42067,0
          8.44459,48.42045,0
          8.44439,48.42017,0
          8.44428,48.41985,0
          8.44428,48.41984,0
          8.44425,48.41978,0
          8.44424,48.41973,0
          8.44422,48.41967,0
          8.4442,48.41948,0
          8.4442,48.41941,0
          8.44421,48.41935,0
          8.44469,48.41832,0
          8.44469,48.41831,0
          8.44491,48.41782,0
          8.44493,48.41776,0
          8.44497,48.41768,0
          8.44513,48.41753,0
          8.44524,48.41748,0
          8.44547,48.41735,0
          8.44562,48.41728,0
          8.44585,48.41715,0
          8.44589,48.4171,0
          8.44591,48.41709,0
          8.44602,48.41694,0
          8.44603,48.41691,0
          8.44604,48.4169,0
          8.44618,48.41666,0
          8.44628,48.41652,0
          8.44635,48.41644,0
          8.4464,48.41637,0
          8.44643,48.41635,0
          8.44663,48.41616,0
          8.44674,48.41607,0
          8.44675,48.41607,0
          8.44709,48.41585,0
          8.44715,48.41583,0
          8.44734,48.41572,0
          8.44751,48.41564,0
          8.44756,48.41561,0
          8.44785,48.41547,0
          8.44854,48.41506,0
          8.44864,48.41499,0
          8.44912,48.41458,0
          8.44915,48.41449,0
          8.44958,48.41411,0
          8.44982,48.41393,0
          8.45015,48.41365,0
          8.45038,48.41353,0
          8.45107,48.41309,0
          8.45187,48.41264,0
          8.45191,48.41263,0
          8.45235,48.41236,0
          8.45262,48.41214,0
          8.45266,48.4121,0
          8.45313,48.41145,0
          8.45321,48.41131,0
          8.45322,48.41127,0
          8.45324,48.41123,0
          8.45324,48.41117,0
          8.45322,48.4111,0
          8.4532,48.41107,0
          8.45319,48.41103,0
          8.45314,48.41099,0
          8.4532,48.41092,0
          8.45324,48.41083,0
          8.45329,48.41047,0
          8.4533,48.41046,0
          8.4533,48.41043,0
          8.45342,48.40941,0
          8.45344,48.40903,0
          8.45373,48.40861,0
          8.45374,48.40861,0
          8.45445,48.40773,0
          8.45469,48.40746,0
          8.45476,48.4074,0
          8.45492,48.4072,0
          8.45491,48.40719,0
          8.45491,48.40715,0
          8.45492,48.40715,0
          8.45492,48.40713,0
          8.45495,48.4071,0
          8.45495,48.40709,0
          8.45496,48.40709,0
          8.45497,48.40708,0
          8.45498,48.40708,0
          8.45498,48.40707,0
          8.45512,48.40688,0
          8.45524,48.40674,0
          8.45548,48.40632,0
          8.45549,48.40629,0
          8.45563,48.40605,0
          8.45564,48.40595,0
          8.45635,48.40452,0
          8.45639,48.4044,0
          8.45645,48.40434,0
          8.45658,48.40413,0
          8.4574,48.40265,0
          8.45752,48.40248,0
          8.45771,48.4023,0
          8.45772,48.4023,0
          8.45793,48.40214,0
          8.45823,48.40197,0
          8.45943,48.40151,0
          8.45973,48.40138,0
          8.45974,48.40138,0
          8.46012,48.40121,0
          8.46039,48.40106,0
          8.46074,48.40082,0
          8.46094,48.40065,0
          8.46102,48.40057,0
          8.4614,48.40012,0
          8.4619,48.39948,0
          8.46227,48.3991,0
          8.4624,48.399,0
          8.46251,48.39893,0
          8.46254,48.39892,0
          8.46272,48.39882,0
          8.46294,48.39872,0
          8.4633,48.39862,0
          8.46345,48.3986,0
          8.46354,48.39858,0
          8.46372,48.39857,0
          8.46375,48.39856,0
          8.46402,48.39856,0
          8.46426,48.39858,0
          8.46456,48.39863,0
          8.46484,48.3987,0
          8.46513,48.39875,0
          8.46528,48.39876,0
          8.46533,48.39875,0
          8.46542,48.39875,0
          8.46557,48.39873,0
          8.46569,48.3987,0
          8.46613,48.39854,0
          8.46745,48.39792,0
          8.4678,48.39771,0
          8.46833,48.39736,0
          8.46869,48.39715,0
          8.46873,48.39714,0
          8.46887,48.39708,0
          8.46888,48.39707,0
          8.47005,48.39673,0
          8.47012,48.39672,0
          8.47021,48.39669,0
          8.47031,48.39667,0
          8.47148,48.39633,0
          8.47174,48.39624,0
          8.47192,48.39616,0
          8.47267,48.39587,0
          8.47273,48.39584,0
          8.4735,48.39553,0
          8.47367,48.39548,0
          8.47371,48.39546,0
          8.47377,48.39544,0
          8.4739,48.39541,0
          8.47394,48.39539,0
          8.47414,48.39534,0
          8.47416,48.39533,0
          8.47436,48.39528,0
          8.47441,48.39526,0
          8.47547,48.39497,0
          8.4756,48.39492,0
          8.47586,48.39478,0
          8.47588,48.39476,0
          8.47593,48.39469,0
          8.47597,48.39462,0
          8.47597,48.39461,0
          8.476,48.39451,0
          8.47601,48.39443,0
          8.47601,48.39437,0
          8.47594,48.39392,0
          8.47598,48.39371,0
          8.47602,48.39363,0
          8.47645,48.39301,0
          8.47648,48.39293,0
          8.4765,48.39291,0
          8.47654,48.39281,0
          8.47657,48.3927,0
          8.47658,48.39258,0
          8.47659,48.39253,0
          8.47658,48.39212,0
          8.47657,48.39204,0
          8.47657,48.39196,0
          8.47656,48.39186,0
          8.47655,48.39185,0
          8.47655,48.39139,0
          8.47657,48.39132,0
          8.47664,48.39089,0
          8.47666,48.39081,0
          8.4767,48.39043,0
          8.47671,48.39021,0
          8.47674,48.39004,0
          8.47683,48.38983,0
          8.47688,48.38975,0
          8.47702,48.38959,0
          8.47702,48.38958,0
          8.47743,48.38913,0
          8.4776,48.38897,0
          8.47771,48.38884,0
          8.47774,48.38878,0
          8.47778,48.38867,0
          8.47779,48.38861,0
          8.47779,48.38855,0
          8.47778,48.3885,0
          8.47774,48.3884,0
          8.4777,48.38834,0
          8.47759,48.38824,0
          8.47749,48.38817,0
          8.47738,48.38812,0
          8.47712,48.38804,0
          8.47685,48.38798,0
          8.47637,48.38792,0
          8.47583,48.3879,0
          8.47529,48.38794,0
          8.47486,48.388,0
          8.47458,48.38806,0
          8.4745,48.38807,0
          8.47425,48.38814,0
          8.47388,48.38827,0
          8.47358,48.38835,0
          8.47332,48.38839,0
          8.47325,48.38841,0
          8.47233,48.38855,0
          8.47219,48.38855,0
          8.47214,48.38854,0
          8.4721,48.38852,0
          8.47202,48.38846,0
          8.47202,48.38844,0
          8.47201,48.38842,0
          8.47202,48.38838,0
          8.47204,48.38833,0
          8.47207,48.38829,0
          8.47207,48.38828,0
          8.47211,48.38825,0
          8.47219,48.38817,0
          8.47234,48.38808,0
          8.47287,48.38781,0
          8.47295,48.38778,0
          8.47315,48.38768,0
          8.47316,48.38768,0
          8.4736,48.38747,0
          8.47361,48.38747,0
          8.47362,48.38746,0
          8.47377,48.38739,0
          8.47381,48.38736,0
          8.47381,48.38735,0
          8.47387,48.38732,0
          8.47394,48.38726,0
          8.47397,48.38721,0
          8.47399,48.38713,0
          8.47398,48.38708,0
          8.47396,48.38703,0
          8.47386,48.38694,0
          8.4738,48.38691,0
          8.47356,48.38682,0
          8.47347,48.3868,0
          8.47341,48.38677,0
          8.47337,48.38676,0
          8.47329,48.3867,0
          8.47326,48.38667,0
          8.47323,48.3866,0
          8.47322,48.38655,0
          8.47322,48.38653,0
          8.47324,48.38647,0
          8.47332,48.38634,0
          8.47333,48.38633,0
          8.47336,48.38631,0
          8.47361,48.38607,0
          8.47375,48.38589,0
          8.47375,48.38587,0
          8.47377,48.38585,0
          8.47383,48.38575,0
          8.4741,48.38509,0
          8.47425,48.38463,0
          8.47432,48.3845,0
          8.47436,48.38444,0
          8.47441,48.38439,0
          8.47442,48.38439,0
          8.47447,48.38435,0
          8.47455,48.3843,0
          8.47468,48.38425,0
          8.47489,48.38422,0
          8.47507,48.38422,0
          8.47631,48.38435,0
          8.4766,48.38435,0
          8.47695,48.3843,0
          8.47728,48.38421,0
          8.47755,48.38409,0
          8.47798,48.38379,0
          8.47805,48.38372,0
          8.47857,48.3833,0
          8.47858,48.3833,0
          8.47885,48.38311,0
          8.47911,48.3829,0
          8.4793,48.38272,0
          8.47938,48.38259,0
          8.47946,48.38242,0
          8.4795,48.38228,0
          8.4795,48.38224,0
          8.47951,48.38222,0
          8.47952,48.38214,0
          8.47952,48.38201,0
          8.4795,48.3819,0
          8.47949,48.38187,0
          8.47948,48.3818,0
          8.47945,48.3817,0
          8.47922,48.38142,0
          8.47915,48.38135,0
          8.47906,48.38124,0
          8.47895,48.38106,0
          8.47894,48.38101,0
          8.47893,48.38099,0
          8.47893,48.38063,0
          8.47891,48.38051,0
          8.47889,48.38045,0
          8.47889,48.38044,0
          8.47882,48.38028,0
          8.47877,48.38013,0
          8.47875,48.38009,0
          8.47872,48.37999,0
          8.4787,48.37984,0
          8.4787,48.37978,0
          8.47872,48.37975,0
          8.47875,48.37969,0
          8.47881,48.37961,0
          8.47883,48.37959,0
          8.47884,48.37959,0
          8.47885,48.37958,0
          8.47904,48.37946,0
          8.47905,48.37946,0
          8.47906,48.37945,0
          8.47915,48.37939,0
          8.47922,48.37933,0
          8.47926,48.37931,0
          8.47937,48.37921,0
          8.47963,48.37889,0
          8.47963,48.37888,0
          8.47966,48.37885,0
          8.47972,48.37877,0
          8.47984,48.37867,0
          8.47994,48.3786,0
          8.47994,48.37859,0
          8.47995,48.37859,0
          8.48006,48.37852,0
          8.48052,48.37828,0
          8.48053,48.37827,0
          8.48063,48.37823,0
          8.48212,48.37743,0
          8.48231,48.3773,0
          8.48244,48.37719,0
          8.48257,48.37703,0
          8.48267,48.37693,0
          8.48296,48.37656,0
          8.48296,48.37655,0
          8.48312,48.37631,0
          8.48325,48.37605,0
          8.48326,48.37602,0
          8.48329,48.37597,0
          8.48329,48.37595,0
          8.48335,48.37577,0
          8.48333,48.37566,0
          8.48331,48.3756,0
          8.4833,48.37559,0
          8.48329,48.37556,0
          8.48324,48.37549,0
          8.48314,48.37526,0
          8.4831,48.37514,0
          8.48293,48.37476,0
          8.48288,48.3745,0
          8.48289,48.3744,0
          8.48291,48.37432,0
          8.48302,48.37402,0
          8.48303,48.37393,0
          8.48299,48.37349,0
          8.4829,48.3732,0
          8.48284,48.37307,0
          8.48273,48.37291,0
          8.48271,48.37287,0
          8.48233,48.37229,0
          8.48228,48.37223,0
          8.48227,48.37221,0
          8.48226,48.3722,0
          8.48195,48.37174,0
          8.48194,48.37173,0
          8.48185,48.37154,0
          8.48177,48.37129,0
          8.48143,48.37081,0
          8.4814,48.37078,0
          8.48136,48.37071,0
          8.48082,48.36997,0
          8.48072,48.3698,0
          8.48063,48.36967,0
          8.4804,48.36928,0
          8.48027,48.36899,0
          8.48027,48.36896,0
          8.4802,48.36869,0
          8.4802,48.36848,0
          8.48022,48.36836,0
          8.48021,48.3683,0
          8.48032,48.36786,0
          8.48054,48.36732,0
          8.48061,48.3672,0
          8.48066,48.36709,0
          8.48095,48.36669,0
          8.48098,48.36666,0
          8.48108,48.36653,0
          8.48117,48.36644,0
          8.48122,48.36638,0
          8.48148,48.36612,0
          8.48214,48.36554,0
          8.48214,48.36553,0
          8.48257,48.36509,0
          8.48257,48.36508,0
          8.48283,48.36469,0
          8.48315,48.36446,0
          8.48331,48.36433,0
          8.48437,48.36356,0
          8.48466,48.36338,0
          8.48481,48.36326,0
          8.48489,48.36315,0
          8.48495,48.36309,0
          8.48507,48.36287,0
          8.48509,48.36273,0
          8.4851,48.36251,0
          8.48497,48.36206,0
          8.48492,48.36179,0
          8.48492,48.36162,0
          8.48493,48.36148,0
          8.48496,48.36131,0
          8.48502,48.36112,0
          8.48516,48.36084,0
          8.48516,48.36083,0
          8.48547,48.36025,0
          8.48572,48.35973,0
          8.48576,48.35968,0
          8.48583,48.35961,0
          8.48603,48.35954,0
          8.48621,48.35954,0
          8.48624,48.35953,0
          8.48643,48.35951,0
          8.48647,48.35951,0
          8.48649,48.35947,0
          8.48659,48.35934,0
          8.48661,48.35933,0
          8.48664,48.3593,0
          8.48672,48.35926,0
          8.48694,48.35919,0
          8.48785,48.35895,0
          8.48791,48.35894,0
          8.48899,48.35865,0
          8.48909,48.35864,0
          8.4891,48.35863,0
          8.48925,48.35862,0
          8.48929,48.35861,0
          8.48944,48.3586,0
          8.48993,48.3586,0
          8.49052,48.35865,0
          8.49081,48.35869,0
          8.49095,48.35872,0
          8.49107,48.35873,0
          8.49139,48.35872,0
          8.49147,48.3587,0
          8.49161,48.35865,0
          8.49184,48.35859,0
          8.49207,48.35856,0
          8.49215,48.35856,0
          8.49238,48.3586,0
          8.49262,48.35869,0
          8.49297,48.35886,0
          8.4931,48.3589,0
          8.49321,48.35891,0
          8.49333,48.35891,0
          8.49352,48.35887,0
          8.49362,48.35882,0
          8.49366,48.35879,0
          8.49371,48.35873,0
          8.49378,48.35853,0
          8.49383,48.35835,0
          8.49385,48.3581,0
          8.49395,48.35793,0
          8.49399,48.35784,0
          8.49405,48.35777,0
          8.49409,48.35771,0
          8.49412,48.35763,0
          8.49412,48.35762,0
          8.49421,48.35734,0
          8.49426,48.35723,0
          8.4943,48.35719,0
          8.49435,48.35712,0
          8.49441,48.35711,0
          8.49444,48.3571,0
          8.49447,48.35707,0
          8.49451,48.35704,0
          8.49453,48.35701,0
          8.49459,48.35683,0
          8.4946,48.35683,0
          8.4946,48.35682,0
          8.49461,48.3568,0
          8.49461,48.35677,0
          8.49465,48.35666,0
          8.49465,48.35665,0
          8.49473,48.35654,0
          8.49475,48.35652,0
          8.49478,48.3565,0
          8.49504,48.35638,0
          8.49526,48.35632,0
          8.49546,48.35623,0
          8.49553,48.35621,0
          8.4959,48.35601,0
          8.49637,48.3556,0
          8.49639,48.35557,0
          8.49642,48.35555,0
          8.49702,48.35503,0
          8.49758,48.35442,0
          8.49767,48.35431,0
          8.49851,48.35355,0
          8.49891,48.35327,0
          8.49906,48.3532,0
          8.49936,48.35311,0
          8.49938,48.35311,0
          8.49971,48.35301,0
          8.49987,48.35295,0
          8.50004,48.3529,0
          8.50053,48.35272,0
          8.50138,48.35233,0
          8.50172,48.35211,0
          8.50171,48.35211,0
          8.50171,48.35209,0
          8.50172,48.35208,0
          8.50172,48.35206,0
          8.50158,48.35188,0
          8.50094,48.35149,0
          8.50092,48.35146,0
          8.5009,48.35145,0
          8.50088,48.35141,0
          8.50088,48.35136,0
          8.50089,48.35134,0
          8.50112,48.35111,0
          8.50211,48.3503,0
          8.50213,48.35029,0
          8.50249,48.35,0
          8.50265,48.34984,0
          8.50277,48.34967,0
          8.50285,48.34952,0
          8.50302,48.34955,0
          8.50382,48.34962,0
          8.50302,48.34955,0
          8.50285,48.34952,0
          8.50277,48.34967,0
          8.50265,48.34984,0
          8.50249,48.35,0
          8.50213,48.35029,0
          8.50211,48.3503,0
          8.50112,48.35111,0
          8.50089,48.35134,0
          8.50088,48.35136,0
          8.50088,48.35141,0
          8.5009,48.35145,0
          8.50092,48.35146,0
          8.50094,48.35149,0
          8.50158,48.35188,0
          8.50182,48.352,0
          8.50184,48.352,0
          8.50185,48.35199,0
          8.50192,48.35199,0
          8.50193,48.352,0
          8.50196,48.352,0
          8.50196,48.35201,0
          8.50197,48.35201,0
          8.50201,48.35205,0
          8.50201,48.35206,0
          8.50202,48.35206,0
          8.50202,48.35214,0
          8.50201,48.35214,0
          8.50201,48.35215,0
          8.502,48.35215,0
          8.502,48.35216,0
          8.50199,48.35216,0
          8.50198,48.35217,0
          8.50197,48.35217,0
          8.50196,48.35218,0
          8.50195,48.35218,0
          8.50194,48.35219,0
          8.50183,48.35219,0
          8.50182,48.35218,0
          8.5018,48.35218,0
          8.50179,48.35217,0
          8.50177,48.35217,0
          8.50138,48.35233,0
          8.50053,48.35272,0
          8.50004,48.3529,0
          8.49987,48.35295,0
          8.49971,48.35301,0
          8.49938,48.35311,0
          8.49936,48.35311,0
          8.49906,48.3532,0
          8.49891,48.35327,0
          8.49851,48.35355,0
          8.49767,48.35431,0
          8.49758,48.35442,0
          8.49702,48.35503,0
          8.49642,48.35555,0
          8.49639,48.35557,0
          8.49637,48.3556,0
          8.4959,48.35601,0
          8.49553,48.35621,0
          8.49546,48.35623,0
          8.49526,48.35632,0
          8.49504,48.35638,0
          8.49478,48.3565,0
          8.49475,48.35652,0
          8.49473,48.35654,0
          8.49465,48.35665,0
          8.49465,48.35666,0
          8.49461,48.35677,0
          8.49461,48.3568,0
          8.4946,48.35682,0
          8.4946,48.35683,0
          8.49459,48.35683,0
          8.49453,48.35701,0
          8.49451,48.35704,0
          8.49447,48.35707,0
          8.49444,48.3571,0
          8.49441,48.35711,0
          8.49435,48.35712,0
          8.4943,48.35719,0
          8.49426,48.35723,0
          8.49421,48.35734,0
          8.49412,48.35762,0
          8.49412,48.35763,0
          8.49409,48.35771,0
          8.49405,48.35777,0
          8.49399,48.35784,0
          8.49395,48.35793,0
          8.49385,48.3581,0
          8.49383,48.35835,0
          8.49378,48.35853,0
          8.49371,48.35873,0
          8.49366,48.35879,0
          8.49362,48.35882,0
          8.49352,48.35887,0
          8.49333,48.35891,0
          8.49321,48.35891,0
          8.4931,48.3589,0
          8.49297,48.35886,0
          8.49262,48.35869,0
          8.49238,48.3586,0
          8.49215,48.35856,0
          8.49207,48.35856,0
          8.49184,48.35859,0
          8.49161,48.35865,0
          8.49147,48.3587,0
          8.49139,48.35872,0
          8.49107,48.35873,0
          8.49095,48.35872,0
          8.49081,48.35869,0
          8.49052,48.35865,0
          8.48993,48.3586,0
          8.48944,48.3586,0
          8.48929,48.35861,0
          8.48925,48.35862,0
          8.4891,48.35863,0
          8.48909,48.35864,0
          8.48899,48.35865,0
          8.48791,48.35894,0
          8.48785,48.35895,0
          8.48694,48.35919,0
          8.48672,48.35926,0
          8.48664,48.3593,0
          8.48661,48.35933,0
          8.48659,48.35934,0
          8.48649,48.35947,0
          8.48647,48.35951,0
          8.48643,48.35951,0
          8.48624,48.35953,0
          8.48621,48.35954,0
          8.48603,48.35954,0
          8.48583,48.35961,0
          8.48576,48.35968,0
          8.48572,48.35973,0
          8.48547,48.36025,0
          8.48516,48.36083,0
          8.48516,48.36084,0
          8.48502,48.36112,0
          8.48496,48.36131,0
          8.48493,48.36148,0
          8.48492,48.36162,0
          8.48492,48.36179,0
          8.48497,48.36206,0
          8.4851,48.36251,0
          8.48509,48.36273,0
          8.48507,48.36287,0
          8.48495,48.36309,0
          8.48489,48.36315,0
          8.48481,48.36326,0
          8.48466,48.36338,0
          8.48437,48.36356,0
          8.48331,48.36433,0
          8.48315,48.36446,0
          8.48283,48.36469,0
          8.48257,48.36508,0
          8.48257,48.36509,0
          8.48214,48.36553,0
          8.48214,48.36554,0
          8.48148,48.36612,0
          8.48122,48.36638,0
          8.48117,48.36644,0
          8.48108,48.36653,0
          8.48098,48.36666,0
          8.48095,48.36669,0
          8.48066,48.36709,0
          8.48061,48.3672,0
          8.48054,48.36732,0
          8.48032,48.36786,0
          8.48021,48.3683,0
          8.48022,48.36836,0
          8.4802,48.36848,0
          8.4802,48.36869,0
          8.48027,48.36896,0
          8.48027,48.36899,0
          8.4804,48.36928,0
          8.48063,48.36967,0
          8.48072,48.3698,0
          8.48082,48.36997,0
          8.48136,48.37071,0
          8.4814,48.37078,0
          8.48143,48.37081,0
          8.48177,48.37129,0
          8.48185,48.37154,0
          8.48194,48.37173,0
          8.48195,48.37174,0
          8.48226,48.3722,0
          8.48227,48.37221,0
          8.48228,48.37223,0
          8.48233,48.37229,0
          8.48271,48.37287,0
          8.48273,48.37291,0
          8.48284,48.37307,0
          8.4829,48.3732,0
          8.48299,48.37349,0
          8.48303,48.37393,0
          8.48302,48.37402,0
          8.48291,48.37432,0
          8.48289,48.3744,0
          8.48288,48.3745,0
          8.48293,48.37476,0
          8.4831,48.37514,0
          8.48314,48.37526,0
          8.48324,48.37549,0
          8.48329,48.37556,0
          8.4833,48.37559,0
          8.48331,48.3756,0
          8.48333,48.37566,0
          8.48335,48.37577,0
          8.48329,48.37595,0
          8.48329,48.37597,0
          8.48326,48.37602,0
          8.48325,48.37605,0
          8.48312,48.37631,0
          8.48296,48.37655,0
          8.48296,48.37656,0
          8.48267,48.37693,0
          8.48257,48.37703,0
          8.48244,48.37719,0
          8.48231,48.3773,0
          8.48212,48.37743,0
          8.48063,48.37823,0
          8.48053,48.37827,0
          8.48052,48.37828,0
          8.48006,48.37852,0
          8.47995,48.37859,0
          8.47994,48.37859,0
          8.47994,48.3786,0
          8.47984,48.37867,0
          8.47972,48.37877,0
          8.47966,48.37885,0
          8.47963,48.37888,0
          8.47963,48.37889,0
          8.47937,48.37921,0
          8.47926,48.37931,0
          8.47922,48.37933,0
          8.47915,48.37939,0
          8.47906,48.37945,0
          8.47905,48.37946,0
          8.47904,48.37946,0
          8.47885,48.37958,0
          8.47884,48.37959,0
          8.47883,48.37959,0
          8.47881,48.37961,0
          8.47875,48.37969,0
          8.47872,48.37975,0
          8.4787,48.37978,0
          8.4787,48.37984,0
          8.47872,48.37999,0
          8.47875,48.38009,0
          8.47877,48.38013,0
          8.47882,48.38028,0
          8.47889,48.38044,0
          8.47889,48.38045,0
          8.47891,48.38051,0
          8.47893,48.38063,0
          8.47893,48.38099,0
          8.47894,48.38101,0
          8.47895,48.38106,0
          8.47906,48.38124,0
          8.47915,48.38135,0
          8.47922,48.38142,0
          8.47945,48.3817,0
          8.47948,48.3818,0
          8.47949,48.38187,0
          8.4795,48.3819,0
          8.47952,48.38201,0
          8.47952,48.38214,0
          8.47951,48.38222,0
          8.4795,48.38224,0
          8.4795,48.38228,0
          8.47946,48.38242,0
          8.47938,48.38259,0
          8.4793,48.38272,0
          8.47911,48.3829,0
          8.47885,48.38311,0
          8.47858,48.3833,0
          8.47857,48.3833,0
          8.47805,48.38372,0
          8.47798,48.38379,0
          8.47755,48.38409,0
          8.47728,48.38421,0
          8.47695,48.3843,0
          8.4766,48.38435,0
          8.47631,48.38435,0
          8.47507,48.38422,0
          8.47489,48.38422,0
          8.47468,48.38425,0
          8.47455,48.3843,0
          8.47447,48.38435,0
          8.47442,48.38439,0
          8.47441,48.38439,0
          8.47436,48.38444,0
          8.47432,48.3845,0
          8.47425,48.38463,0
          8.4741,48.38509,0
          8.47383,48.38575,0
          8.47377,48.38585,0
          8.47375,48.38587,0
          8.47375,48.38589,0
          8.47361,48.38607,0
          8.47336,48.38631,0
          8.47333,48.38633,0
          8.47332,48.38634,0
          8.47324,48.38647,0
          8.47322,48.38653,0
          8.47322,48.38655,0
          8.47323,48.3866,0
          8.47326,48.38667,0
          8.47329,48.3867,0
          8.47337,48.38676,0
          8.47341,48.38677,0
          8.47347,48.3868,0
          8.47356,48.38682,0
          8.4738,48.38691,0
          8.47386,48.38694,0
          8.47396,48.38703,0
          8.47398,48.38708,0
          8.47399,48.38713,0
          8.47397,48.38721,0
          8.47394,48.38726,0
          8.47387,48.38732,0
          8.47381,48.38735,0
          8.47381,48.38736,0
          8.47377,48.38739,0
          8.47362,48.38746,0
          8.47361,48.38747,0
          8.4736,48.38747,0
          8.47316,48.38768,0
          8.47315,48.38768,0
          8.47295,48.38778,0
          8.47287,48.38781,0
          8.47234,48.38808,0
          8.47219,48.38817,0
          8.47211,48.38825,0
          8.47207,48.38828,0
          8.47207,48.38829,0
          8.47204,48.38833,0
          8.47202,48.38838,0
          8.47201,48.38842,0
          8.47202,48.38844,0
          8.47202,48.38846,0
          8.4721,48.38852,0
          8.47214,48.38854,0
          8.47219,48.38855,0
          8.47233,48.38855,0
          8.47325,48.38841,0
          8.47332,48.38839,0
          8.47358,48.38835,0
          8.47388,48.38827,0
          8.47425,48.38814,0
          8.4745,48.38807,0
          8.47458,48.38806,0
          8.47486,48.388,0
          8.47529,48.38794,0
          8.47583,48.3879,0
          8.47637,48.38792,0
          8.47685,48.38798,0
          8.47712,48.38804,0
          8.47738,48.38812,0
          8.47749,48.38817,0
          8.47759,48.38824,0
          8.4777,48.38834,0
          8.47774,48.3884,0
          8.47778,48.3885,0
          8.47779,48.38855,0
          8.47779,48.38861,0
          8.47778,48.38867,0
          8.47774,48.38878,0
          8.47771,48.38884,0
          8.4776,48.38897,0
          8.47743,48.38913,0
          8.47702,48.38958,0
          8.47702,48.38959,0
          8.47688,48.38975,0
          8.47683,48.38983,0
          8.47674,48.39004,0
          8.47671,48.39021,0
          8.4767,48.39043,0
          8.47666,48.39081,0
          8.47664,48.39089,0
          8.47657,48.39132,0
          8.47655,48.39139,0
          8.47655,48.39185,0
          8.47656,48.39186,0
          8.47657,48.39196,0
          8.47657,48.39204,0
          8.47658,48.39212,0
          8.47659,48.39253,0
          8.47658,48.39258,0
          8.47657,48.3927,0
          8.47654,48.39281,0
          8.4765,48.39291,0
          8.47648,48.39293,0
          8.47645,48.39301,0
          8.47602,48.39363,0
          8.47598,48.39371,0
          8.47594,48.39392,0
          8.47601,48.39437,0
          8.47601,48.39443,0
          8.476,48.39451,0
          8.47597,48.39461,0
          8.47597,48.39462,0
          8.47593,48.39469,0
          8.47588,48.39476,0
          8.47586,48.39478,0
          8.4756,48.39492,0
          8.47547,48.39497,0
          8.47441,48.39526,0
          8.47436,48.39528,0
          8.47416,48.39533,0
          8.47414,48.39534,0
          8.47394,48.39539,0
          8.4739,48.39541,0
          8.47377,48.39544,0
          8.47371,48.39546,0
          8.47367,48.39548,0
          8.4735,48.39553,0
          8.47273,48.39584,0
          8.47267,48.39587,0
          8.47192,48.39616,0
          8.47174,48.39624,0
          8.47148,48.39633,0
          8.47031,48.39667,0
          8.47021,48.39669,0
          8.47012,48.39672,0
          8.47005,48.39673,0
          8.46888,48.39707,0
          8.46887,48.39708,0
          8.46873,48.39714,0
          8.46869,48.39715,0
          8.46833,48.39736,0
          8.4678,48.39771,0
          8.46745,48.39792,0
          8.46613,48.39854,0
          8.46569,48.3987,0
          8.46557,48.39873,0
          8.46542,48.39875,0
          8.46533,48.39875,0
          8.46528,48.39876,0
          8.46513,48.39875,0
          8.46484,48.3987,0
          8.46456,48.39863,0
          8.46426,48.39858,0
          8.46402,48.39856,0
          8.46375,48.39856,0
          8.46372,48.39857,0
          8.46354,48.39858,0
          8.46345,48.3986,0
          8.4633,48.39862,0
          8.46294,48.39872,0
          8.46272,48.39882,0
          8.46254,48.39892,0
          8.46251,48.39893,0
          8.4624,48.399,0
          8.46227,48.3991,0
          8.4619,48.39948,0
          8.4614,48.40012,0
          8.46102,48.40057,0
          8.46094,48.40065,0
          8.46074,48.40082,0
          8.46039,48.40106,0
          8.46012,48.40121,0
          8.45974,48.40138,0
          8.45973,48.40138,0
          8.45943,48.40151,0
          8.45823,48.40197,0
          8.45793,48.40214,0
          8.45772,48.4023,0
          8.45771,48.4023,0
          8.45752,48.40248,0
          8.4574,48.40265,0
          8.45658,48.40413,0
          8.45645,48.40434,0
          8.4557,48.40598,0
          8.45563,48.40605,0
          8.45549,48.40629,0
          8.45548,48.40632,0
          8.45524,48.40674,0
          8.45523,48.40675,0
          8.4552,48.40686,0
          8.45519,48.40693,0
          8.45521,48.40706,0
          8.45522,48.40706,0
          8.45523,48.40707,0
          8.45524,48.40707,0
          8.45525,48.40708,0
          8.45526,48.40708,0
          8.45527,48.40709,0
          8.45529,48.4071,0
          8.45529,48.40711,0
          8.4553,48.40712,0
          8.4553,48.40713,0
          8.45531,48.40713,0
          8.45531,48.40715,0
          8.45532,48.40716,0
          8.45532,48.40719,0
          8.45531,48.4072,0
          8.45531,48.40722,0
          8.4553,48.40723,0
          8.4553,48.40724,0
          8.45529,48.40724,0
          8.45528,48.40725,0
          8.45528,48.40726,0
          8.45527,48.40726,0
          8.45526,48.40727,0
          8.45525,48.40727,0
          8.45525,48.40728,0
          8.45524,48.40728,0
          8.45523,48.40729,0
          8.45522,48.40729,0
          8.45521,48.4073,0
          8.45518,48.4073,0
          8.45517,48.40731,0
          8.45508,48.40731,0
          8.45489,48.40736,0
          8.45479,48.40742,0
          8.45473,48.40747,0
          8.45464,48.40752,0
          8.45445,48.40773,0
          8.45374,48.40861,0
          8.45373,48.40861,0
          8.45344,48.40903,0
          8.45342,48.40941,0
          8.4533,48.41043,0
          8.4533,48.41046,0
          8.45329,48.41047,0
          8.45324,48.41083,0
          8.4532,48.41092,0
          8.45314,48.41099,0
          8.45319,48.41103,0
          8.4532,48.41107,0
          8.45322,48.4111,0
          8.45324,48.41117,0
          8.45324,48.41123,0
          8.45322,48.41127,0
          8.45321,48.41131,0
          8.45313,48.41145,0
          8.45266,48.4121,0
          8.45262,48.41214,0
          8.45235,48.41236,0
          8.45191,48.41263,0
          8.45187,48.41264,0
          8.45107,48.41309,0
          8.45038,48.41353,0
          8.45024,48.41369,0
          8.44944,48.41435,0
          8.44924,48.41453,0
          8.44912,48.41458,0
          8.44864,48.41499,0
          8.44854,48.41506,0
          8.44785,48.41547,0
          8.44756,48.41561,0
          8.44751,48.41564,0
          8.44734,48.41572,0
          8.44715,48.41583,0
          8.44709,48.41585,0
          8.44675,48.41607,0
          8.44674,48.41607,0
          8.44663,48.41616,0
          8.44643,48.41635,0
          8.4464,48.41637,0
          8.44635,48.41644,0
          8.44628,48.41652,0
          8.44618,48.41666,0
          8.44604,48.4169,0
          8.44603,48.41691,0
          8.44602,48.41694,0
          8.44591,48.41709,0
          8.44589,48.4171,0
          8.44585,48.41715,0
          8.44562,48.41728,0
          8.44547,48.41735,0
          8.44524,48.41748,0
          8.44513,48.41753,0
          8.44497,48.41768,0
          8.44493,48.41776,0
          8.44491,48.41782,0
          8.44469,48.41831,0
          8.44469,48.41832,0
          8.44421,48.41935,0
          8.4442,48.41941,0
          8.4442,48.41948,0
          8.44422,48.41967,0
          8.44424,48.41973,0
          8.44425,48.41978,0
          8.44428,48.41984,0
          8.44428,48.41985,0
          8.44436,48.42007,0
          8.4445,48.42015,0
          8.44469,48.42042,0
          8.44487,48.42075,0
          8.4449,48.42082,0
          8.44492,48.42083,0
          8.44493,48.42085,0
          8.44513,48.42109,0
          8.44513,48.4211,0
          8.44539,48.42137,0
          8.44543,48.4214,0
          8.44553,48.4215,0
          8.44556,48.42154,0
          8.44569,48.42166,0
          8.44572,48.42168,0
          8.44578,48.42176,0
          8.44588,48.42187,0
          8.446,48.42204,0
          8.44606,48.42225,0
          8.44611,48.42232,0
          8.44622,48.42268,0
          8.44622,48.4227,0
          8.44625,48.4227,0
          8.44626,48.42271,0
          8.44627,48.42271,0
          8.44629,48.42272,0
          8.4463,48.42273,0
          8.44631,48.42273,0
          8.44633,48.42275,0
          8.44634,48.42275,0
          8.44638,48.42279,0
          8.44638,48.4228,0
          8.44639,48.42281,0
          8.44639,48.42282,0
          8.4464,48.42283,0
          8.4464,48.4229,0
          8.44638,48.42292,0
          8.44638,48.42293,0
          8.44637,48.42293,0
          8.44634,48.42296,0
          8.44633,48.42296,0
          8.44631,48.42297,0
          8.4463,48.42298,0
          8.44629,48.42298,0
          8.44627,48.42299,0
          8.44626,48.42299,0
          8.44624,48.423,0
          8.44618,48.423,0
          8.44616,48.42301,0
          8.44615,48.42301,0
          8.44599,48.42325,0
          8.44594,48.42334,0
          8.44592,48.42336,0
          8.4459,48.4234,0
          8.44585,48.42346,0
          8.44581,48.42352,0
          8.44573,48.42361,0
          8.44554,48.42378,0
          8.44516,48.42405,0
          8.44487,48.42431,0
          8.44406,48.42552,0
          8.44371,48.42601,0
          8.44346,48.42642,0
          8.44341,48.42653,0
          8.44331,48.42686,0
          8.44329,48.42704,0
          8.4433,48.42747,0
          8.44328,48.42758,0
          8.44327,48.4277,0
          8.44325,48.42776,0
          8.44324,48.42781,0
          8.4432,48.42794,0
          8.44317,48.42801,0
          8.44306,48.42821,0
          8.44301,48.42827,0
          8.44299,48.42831,0
          8.44292,48.42841,0
          8.44276,48.42859,0
          8.4426,48.42874,0
          8.44137,48.42962,0
          8.4409,48.42998,0
          8.44076,48.43012,0
          8.44071,48.43018,0
          8.44059,48.43037,0
          8.44058,48.43041,0
          8.44055,48.43048,0
          8.44051,48.43061,0
          8.4405,48.43068,0
          8.4405,48.43085,0
          8.44051,48.43094,0
          8.44069,48.43163,0
          8.44069,48.43165,0
          8.44092,48.43254,0
          8.44094,48.43259,0
          8.44099,48.43285,0
          8.44101,48.43289,0
          8.44149,48.43479,0
          8.44158,48.4355,0
          8.44156,48.4357,0
          8.44156,48.43609,0
          8.44155,48.43613,0
          8.44154,48.43634,0
          8.44152,48.4365,0
          8.44152,48.43653,0
          8.44151,48.43657,0
          8.44151,48.43658,0
          8.44148,48.43667,0
          8.44144,48.43685,0
          8.44143,48.43693,0
          8.44128,48.43737,0
          8.44111,48.43779,0
          8.4411,48.4378,0
          8.44074,48.4387,0
          8.44052,48.43953,0
          8.4405,48.43968,0
          8.44044,48.43997,0
          8.44044,48.44002,0
          8.44043,48.44004,0
          8.44039,48.44036,0
          8.44039,48.4404,0
          8.44038,48.44047,0
          8.44037,48.4407,0
          8.44036,48.44072,0
          8.44034,48.4412,0
          8.44034,48.44179,0
          8.44035,48.44195,0
          8.44035,48.44231,0
          8.4404,48.44367,0
          8.44039,48.44466,0
          8.44038,48.44473,0
          8.44036,48.44568,0
          8.44035,48.44579,0
          8.4404,48.44616,0
          8.4404,48.44683,0
          8.44041,48.44699,0
          8.44041,48.44784,0
          8.44042,48.44804,0
          8.44046,48.44826,0
          8.44048,48.44832,0
          8.4405,48.44835,0
          8.44061,48.44958,0
          8.44064,48.44968,0
          8.44027,48.4497,0
          8.44017,48.44968,0
          8.44005,48.44964,0
          8.44003,48.44962,0
          8.44001,48.44962,0
          8.43999,48.44961,0
          8.43994,48.44957,0
          8.43986,48.44949,0
          8.43979,48.44939,0
          8.43976,48.44933,0
          8.43975,48.44932,0
          8.43971,48.44921,0
          8.43967,48.44899,0
          8.43966,48.44898,0
          8.43964,48.44871,0
          8.43959,48.4485,0
          8.43959,48.44849,0
          8.43956,48.4484,0
          8.4394,48.44812,0
          8.43903,48.44821,0
          8.43886,48.44824,0
          8.4384,48.44835,0
          8.43833,48.44836,0
          8.43781,48.44848,0
          8.43774,48.44849,0
          8.43702,48.44865,0
          8.43577,48.44889,0
          8.43568,48.44888,0
          8.43481,48.44905,0
          8.43459,48.44908,0
          8.43455,48.44909,0
          8.43319,48.44924,0
          8.43316,48.44925,0
          8.43275,48.44927,0
          8.43187,48.44924,0
          8.43182,48.44923,0
          8.43092,48.44915,0
          8.43086,48.44915,0
          8.43065,48.44912,0
          8.43021,48.44908,0
          8.43011,48.44908,0
          8.42994,48.44906,0
          8.42986,48.44906,0
          8.42982,48.44905,0
          8.42923,48.44904,0
          8.42895,48.44906,0
          8.42872,48.44909,0
          8.42831,48.44919,0
          8.42822,48.44922,0
          8.42818,48.44924,0
          8.42817,48.44924,0
          8.42816,48.44925,0
          8.42799,48.44936,0
          8.42571,48.45109,0
          8.42566,48.45112,0
          8.42553,48.45123,0
          8.42482,48.45176,0
          8.42418,48.4522,0
          8.42385,48.45239,0
          8.42329,48.45264,0
          8.42315,48.45266,0
          8.4221,48.45293,0
          8.42029,48.45332,0
          8.42023,48.45334,0
          8.42002,48.45337,0
          8.41994,48.45341,0
          8.41913,48.45363,0
          8.41895,48.45369,0
          8.41884,48.45374,0
          8.41872,48.45381,0
          8.41863,48.45385,0
          8.41862,48.45386,0
          8.41851,48.45393,0
          8.41837,48.45405,0
          8.41829,48.45413,0
          8.41828,48.45413,0
          8.41816,48.45428,0
          8.41802,48.4545,0
          8.41794,48.45455,0
          8.41769,48.45482,0
          8.41765,48.45485,0
          8.41754,48.45496,0
          8.41715,48.45528,0
          8.41619,48.45597,0
          8.41585,48.45624,0
          8.41533,48.45677,0
          8.41532,48.45679,0
          8.41458,48.45776,0
          8.41456,48.45781,0
          8.41453,48.45785,0
          8.41439,48.458,0
          8.41381,48.45877,0
          8.41366,48.45893,0
          8.41344,48.45934,0
          8.41275,48.46023,0
          8.41268,48.46034,0
          8.41258,48.46053,0
          8.41259,48.46059,0
          8.41238,48.46089,0
          8.41238,48.46091,0
          8.41237,48.46093,0
          8.41237,48.46097,0
          8.41242,48.46102,0
          8.41242,48.46103,0
          8.41243,48.46105,0
          8.41243,48.46109,0
          8.41241,48.46113,0
          8.41239,48.46115,0
          8.41237,48.46116,0
          8.41235,48.46118,0
          8.41229,48.4612,0
          8.41217,48.4612,0
          8.41211,48.46118,0
          8.41209,48.46116,0
          8.41206,48.46115,0
          8.41204,48.46111,0
          8.41203,48.4611,0
          8.41174,48.46101,0
          8.41173,48.46101,0
          8.41168,48.46096,0
          8.41114,48.46073,0
          8.41105,48.4607,0
          8.41062,48.46049,0
          8.41048,48.46041,0
          8.41006,48.4602,0
          8.41002,48.46019,0
          8.40972,48.46007,0
          8.40939,48.45992,0
          8.40925,48.45984,0
          8.40918,48.45979,0
          8.40916,48.45978,0
          8.40896,48.45963,0
          8.40883,48.45951,0
          8.40875,48.45948,0
          8.40864,48.45934,0
          8.40857,48.45927,0
          8.40846,48.45912,0
          8.40831,48.45886,0
          8.4083,48.45883,0
          8.40825,48.45873,0
          8.40806,48.45794,0
          8.40804,48.45791,0
          8.40795,48.45772,0
          8.4079,48.45764,0
          8.40776,48.45747,0
          8.40758,48.45733,0
          8.40749,48.45728,0
          8.40732,48.45711,0
          8.40699,48.45688,0
          8.40697,48.45686,0
          8.40693,48.45684,0
          8.40593,48.45621,0
          8.40575,48.45611,0
          8.40526,48.45589,0
          8.40247,48.45501,0
          8.40192,48.45479,0
          8.40156,48.45461,0
          8.4012,48.4544,0
          8.40056,48.45397,0
          8.40015,48.45364,0
          8.40001,48.45351,0
          8.39998,48.45347,0
          8.39899,48.45251,0
          8.39895,48.45246,0
          8.39892,48.45244,0
          8.39861,48.45214,0
          8.39851,48.45206,0
          8.39804,48.45175,0
          8.39793,48.45169,0
          8.39758,48.45146,0
          8.39729,48.45129,0
          8.39717,48.45124,0
          8.39713,48.45123,0
          8.39706,48.4512,0
          8.39695,48.45117,0
          8.39694,48.45117,0
          8.39692,48.45116,0
          8.39691,48.45116,0
          8.39678,48.45112,0
          8.39649,48.45107,0
          8.39616,48.45105,0
          8.39577,48.45107,0
          8.39518,48.45115,0
          8.39514,48.45116,0
          8.39493,48.45119,0
          8.39489,48.45119,0
          8.3933,48.45142,0
          8.39273,48.45152,0
          8.39255,48.45158,0
          8.39209,48.45176,0
          8.39055,48.45248,0
          8.39049,48.4525,0
          8.38961,48.45292,0
          8.38956,48.45293,0
          8.38951,48.45296,0
          8.38912,48.45314,0
          8.38907,48.45317,0
          8.38636,48.45445,0
          8.3841,48.45544,0
          8.38401,48.45547,0
          8.38388,48.45553,0
          8.38387,48.45553,0
          8.38355,48.45563,0
          8.38309,48.45571,0
          8.37878,48.45629,0
          8.37838,48.45636,0
          8.37789,48.45647,0
          8.37721,48.45667,0
          8.3768,48.45684,0
          8.37625,48.4571,0
          8.37589,48.4573,0
          8.37557,48.4575,0
          8.37551,48.45755,0
          8.37546,48.45758,0
          8.37528,48.45773,0
          8.3741,48.45887,0
          8.3739,48.459,0
          8.37332,48.45929,0
          8.37329,48.45931,0
          8.37106,48.46041,0
          8.37043,48.46066,0
          8.36911,48.46108,0
          8.36828,48.46132,0
          8.36821,48.46133,0
          8.36802,48.46138,0
          8.36801,48.46138,0
          8.36619,48.4618,0
          8.36588,48.46185,0
          8.36325,48.46215,0
          8.36166,48.46223,0
          8.36163,48.46224,0
          8.35953,48.46234,0
          8.35938,48.46233,0
          8.35908,48.46229,0
          8.35889,48.46225,0
          8.35861,48.46217,0
          8.35826,48.46204,0
          8.35673,48.4614,0
          8.35661,48.46134,0
          8.3565,48.4613,0
          8.35597,48.46101,0
          8.35543,48.46064,0
          8.35541,48.46062,0
          8.35509,48.46039,0
          8.35469,48.46016,0
          8.35456,48.4601,0
          8.35431,48.46002,0
          8.35415,48.45998,0
          8.35398,48.45995,0
          8.35387,48.45994,0
          8.35382,48.45993,0
          8.35368,48.45992,0
          8.35361,48.45993,0
          8.35335,48.45993,0
          8.35318,48.45995,0
          8.35286,48.46001,0
          8.35242,48.46018,0
          8.3522,48.4603,0
          8.35211,48.46036,0
          8.3509,48.46143,0
          8.3508,48.4615,0
          8.3508,48.46151,0
          8.35068,48.46159,0
          8.35046,48.46171,0
          8.3504,48.46175,0
          8.35018,48.46185,0
          8.35013,48.46188,0
          8.34974,48.46203,0
          8.34938,48.46213,0
          8.34906,48.4622,0
          8.34865,48.46226,0
          8.34842,48.46228,0
          8.3479,48.46229,0
          8.34786,48.46228,0
          8.34774,48.46228,0
          8.34635,48.46216,0
          8.34631,48.46215,0
          8.34604,48.46214,0
          8.34597,48.46213,0
          8.34543,48.46212,0
          8.34474,48.46216,0
          8.34412,48.46224,0
          8.34335,48.46242,0
          8.343,48.46253,0
          8.34271,48.46264,0
          8.34266,48.46265,0
          8.34193,48.46289,0
          8.34173,48.46294,0
          8.3413,48.46302,0
          8.34117,48.46303,0
          8.34114,48.46304,0
          8.3406,48.46308,0
          8.34033,48.46308,0
          8.33978,48.46305,0
          8.33953,48.46301,0
          8.33951,48.46301,0
          8.33847,48.46282,0
          8.33799,48.46275,0
          8.33792,48.46275,0
          8.33772,48.46273,0
          8.3374,48.46273,0
          8.33733,48.46274,0
          8.33714,48.46275,0
          8.3369,48.46279,0
          8.33685,48.46279,0
          8.33645,48.46288,0
          8.33636,48.46291,0
          8.33614,48.46296,0
          8.33613,48.46297,0
          8.33611,48.46297,0
          8.33537,48.46317,0
          8.33459,48.46335,0
          8.33393,48.46345,0
          8.33341,48.46348,0
          8.33334,48.46349,0
          8.33071,48.46358,0
          8.33012,48.46358,0
          8.32695,48.46348,0
          8.32642,48.46351,0
          8.32592,48.4636,0
          8.32565,48.46367,0
          8.32539,48.46376,0
          8.32175,48.46549,0
          8.32149,48.46564,0
          8.32145,48.46567,0
          8.32142,48.4657,0
          8.32128,48.46581,0
          8.32123,48.46584,0
          8.32114,48.46594,0
          8.3211,48.46597,0
          8.32109,48.46599,0
          8.32097,48.46615,0
          8.32093,48.46619,0
          8.31891,48.46981,0
          8.31875,48.47007,0
          8.31873,48.47012,0
          8.31863,48.47029,0
          8.31851,48.47043,0
          8.31837,48.47054,0
          8.31832,48.47056,0
          8.31825,48.4706,0
          8.31802,48.4707,0
          8.31785,48.47074,0
          8.31784,48.47074,0
          8.31771,48.47077,0
          8.31757,48.47078,0
          8.31752,48.47079,0
          8.31728,48.4708,0
          8.31405,48.47078,0
          8.31368,48.47076,0
          8.31258,48.47076,0
          8.31251,48.47077,0
          8.31225,48.47078,0
          8.31186,48.47083,0
          8.31133,48.47094,0
          8.3113,48.47095,0
          8.31062,48.47109,0
          8.31054,48.4711,0
          8.31028,48.47116,0
          8.30983,48.47123,0
          8.30925,48.47129,0
          8.30859,48.4713,0
          8.30689,48.47119,0
          8.30675,48.47121,0
          8.30519,48.47111,0
          8.30464,48.4711,0
          8.30407,48.47112,0
          8.30387,48.47114,0
          8.30313,48.47129,0
          8.29864,48.47283,0
          8.29848,48.4729,0
          8.29847,48.47291,0
          8.29764,48.47323,0
          8.29748,48.47328,0
          8.29698,48.47348,0
          8.29697,48.47349,0
          8.29687,48.47353,0
          8.29627,48.47382,0
          8.29608,48.4739,0
          8.29585,48.47406,0
          8.29252,48.476,0
          8.29172,48.47644,0
          8.29157,48.47654,0
          8.29128,48.47669,0
          8.29098,48.47681,0
          8.29042,48.47697,0
          8.28948,48.47719,0
          8.28932,48.4772,0
          8.28174,48.47906,0
          8.28172,48.47907,0
          8.28117,48.47922,0
          8.281,48.47928,0
          8.28099,48.47928,0
          8.28076,48.47936,0
          8.28075,48.47936,0
          8.28056,48.47944,0
          8.28052,48.47945,0
          8.27851,48.48034,0
          8.27833,48.4804,0
          8.2782,48.48043,0
          8.27819,48.48043,0
          8.278,48.48047,0
          8.27792,48.48047,0
          8.27776,48.48049,0
          8.27758,48.4805,0
          8.27737,48.48049,0
          8.27711,48.48045,0
          8.27686,48.48038,0
          8.2767,48.48035,0
          8.27644,48.48026,0
          8.27633,48.4802,0
          8.27616,48.4802,0
          8.27606,48.48019,0
          8.27594,48.48019,0
          8.27536,48.48062,0
          8.27516,48.4808,0
          8.27504,48.48094,0
          8.27489,48.48114,0
          8.27476,48.48139,0
          8.27466,48.48163,0
          8.27457,48.48191,0
          8.2745,48.48224,0
          8.27446,48.48256,0
          8.27441,48.48324,0
          8.27438,48.48406,0
          8.27437,48.48413,0
          8.27436,48.48431,0
          8.27429,48.48479,0
          8.27428,48.48483,0
          8.27428,48.48485,0
          8.27409,48.48554,0
          8.27409,48.48555,0
          8.27405,48.48567,0
          8.27389,48.48606,0
          8.27373,48.48638,0
          8.27361,48.48657,0
          8.27334,48.48694,0
          8.27313,48.48717,0
          8.27312,48.48719,0
          8.27257,48.48768,0
          8.27209,48.48803,0
          8.2715,48.48841,0
          8.27149,48.48841,0
          8.27091,48.48878,0
          8.27026,48.48924,0
          8.26997,48.48948,0
          8.2696,48.48986,0
          8.26935,48.49017,0
          8.26905,48.49064,0
          8.26895,48.49083,0
          8.26895,48.49084,0
          8.2687,48.49128,0
          8.26846,48.49162,0
          8.26824,48.49187,0
          8.26807,48.49204,0
          8.26805,48.49205,0
          8.26777,48.49228,0
          8.2675,48.49246,0
          8.26718,48.49264,0
          8.26688,48.49279,0
          8.26643,48.49297,0
          8.26624,48.49303,0
          8.26611,48.49306,0
          8.26609,48.49307,0
          8.26586,48.49313,0
          8.26583,48.49313,0
          8.26556,48.49319,0
          8.26517,48.49325,0
          8.26481,48.49328,0
          8.2648,48.49329,0
          8.26292,48.49336,0
          8.26247,48.4934,0
          8.2621,48.49345,0
          8.26142,48.49359,0
          8.26074,48.49377,0
          8.2601,48.49399,0
          8.25881,48.49449,0
          8.25802,48.49475,0
          8.25781,48.49479,0
          8.25757,48.49488,0
          8.25681,48.49506,0
          8.25614,48.49517,0
          8.25544,48.49525,0
          8.25497,48.49528,0
          8.25413,48.49529,0
          8.25364,48.49527,0
          8.25333,48.49523,0
          8.25318,48.49523,0
          8.25263,48.49518,0
          8.25258,48.49518,0
          8.25254,48.49517,0
          8.25231,48.49515,0
          8.25182,48.49508,0
          8.25152,48.49501,0
          8.25095,48.49484,0
          8.24926,48.49442,0
          8.24861,48.49432,0
          8.24789,48.49427,0
          8.24699,48.4943,0
          8.24631,48.49438,0
          8.24564,48.49451,0
          8.24513,48.49467,0
          8.24484,48.49479,0
          8.2446,48.49491,0
          8.24429,48.4951,0
          8.24385,48.49547,0
          8.24381,48.49553,0
          8.24359,48.4958,0
          8.24325,48.49635,0
          8.24303,48.49665,0
          8.24275,48.49692,0
          8.24254,48.49708,0
          8.2423,48.49723,0
          8.24206,48.49735,0
          8.24205,48.49735,0
          8.24202,48.49737,0
          8.24183,48.49744,0
          8.24126,48.49755,0
          8.24092,48.49759,0
          8.24058,48.49766,0
          8.24045,48.49767,0
          8.2403,48.4977,0
          8.23963,48.49773,0
          8.23874,48.49772,0
          8.23842,48.49774,0
          8.23798,48.49781,0
          8.23758,48.49792,0
          8.23757,48.49793,0
          8.23753,48.49794,0
          8.23712,48.49812,0
          8.23688,48.49827,0
          8.23648,48.4986,0
          8.23628,48.49882,0
          8.23627,48.49882,0
          8.23588,48.49924,0
          8.23555,48.49954,0
          8.23517,48.49981,0
          8.23504,48.49989,0
          8.23472,48.50005,0
          8.23432,48.50021,0
          8.23411,48.50028,0
          8.23408,48.50028,0
          8.23355,48.5004,0
          8.2333,48.50044,0
          8.22986,48.50061,0
          8.22928,48.50069,0
          8.22882,48.50079,0
          8.22881,48.5008,0
          8.22871,48.50082,0
          8.22827,48.50096,0
          8.22785,48.50113,0
          8.22746,48.50132,0
          8.22721,48.50146,0
          8.22688,48.5017,0
          8.22653,48.50201,0
          8.22632,48.50223,0
          8.2261,48.50252,0
          8.22542,48.50384,0
          8.22542,48.50385,0
          8.22536,48.50396,0
          8.22533,48.50403,0
          8.22527,48.50414,0
          8.22499,48.50458,0
          8.2248,48.50483,0
          8.22476,48.50487,0
          8.2235,48.50643,0
          8.22341,48.50672,0
          8.2234,48.50679,0
          8.2234,48.50704,0
          8.22343,48.5072,0
          8.22346,48.50731,0
          8.22356,48.50754,0
          8.22362,48.50765,0
          8.22409,48.50835,0
          8.22419,48.50852,0
          8.22429,48.50873,0
          8.22439,48.50907,0
          8.2244,48.50908,0
          8.22442,48.50926,0
          8.22442,48.50942,0
          8.22441,48.50944,0
          8.2244,48.50958,0
          8.22436,48.50976,0
          8.22428,48.50993,0
          8.22427,48.50997,0
          8.2242,48.51011,0
          8.22404,48.51035,0
          8.22337,48.51115,0
          8.22319,48.51148,0
          8.22315,48.51158,0
          8.22311,48.51172,0
          8.22306,48.51198,0
          8.22306,48.51209,0
          8.22307,48.51216,0
          8.22307,48.51219,0
          8.22308,48.51221,0
          8.22309,48.51227,0
          8.22312,48.51237,0
          8.22313,48.51238,0
          8.22317,48.51248,0
          8.2233,48.51273,0
          8.22341,48.51287,0
          8.22355,48.51302,0
          8.22439,48.51383,0
          8.22463,48.5141,0
          8.22479,48.51437,0
          8.22486,48.51458,0
          8.22487,48.5146,0
          8.22487,48.51462,0
          8.2249,48.5148,0
          8.22488,48.51507,0
          8.22483,48.5153,0
          8.22482,48.51531,0
          8.22482,48.51533,0
          8.22478,48.51544,0
          8.22474,48.51552,0
          8.22466,48.51564,0
          8.22453,48.5158,0
          8.22425,48.51606,0
          8.22332,48.51676,0
          8.2233,48.51678,0
          8.22328,48.51679,0
          8.22308,48.51697,0
          8.22286,48.51723,0
          8.22272,48.51747,0
          8.22269,48.51757,0
          8.22267,48.51761,0
          8.22264,48.51773,0
          8.22263,48.51774,0
          8.2226,48.51792,0
          8.22259,48.51795,0
          8.22257,48.51808,0
          8.22257,48.5181,0
          8.22255,48.51823,0
          8.22252,48.51856,0
          8.22244,48.51897,0
          8.2224,48.51907,0
          8.22224,48.51938,0
          8.22217,48.51948,0
          8.22189,48.51979,0
          8.22131,48.52027,0
          8.21973,48.52147,0
          8.21963,48.52152,0
          8.21959,48.52155,0
          8.21958,48.52155,0
          8.21938,48.52167,0
          8.21872,48.52198,0
          8.21707,48.52251,0
          8.21624,48.5228,0
          8.21611,48.52286,0
          8.21581,48.52303,0
          8.21552,48.52327,0
          8.21524,48.52356,0
          8.21521,48.5236,0
          8.2152,48.52363,0
          8.21511,48.52376,0
          8.21501,48.52395,0
          8.21501,48.52396,0
          8.21497,48.52406,0
          8.21494,48.52417,0
          8.21488,48.52449,0
          8.21488,48.52459,0
          8.21489,48.52471,0
          8.21491,48.52483,0
          8.21495,48.52498,0
          8.21506,48.52528,0
          8.21542,48.52599,0
          8.2155,48.5262,0
          8.21556,48.5264,0
          8.2156,48.52659,0
          8.21561,48.52672,0
          8.21561,48.52691,0
          8.21551,48.52797,0
          8.21552,48.52826,0
          8.21554,48.52842,0
          8.21555,48.52846,0
          8.21561,48.52861,0
          8.21571,48.52882,0
          8.21585,48.52902,0
          8.21605,48.52922,0
          8.21632,48.52944,0
          8.21741,48.53023,0
          8.21774,48.5305,0
          8.21794,48.5307,0
          8.21805,48.53085,0
          8.21815,48.53103,0
          8.21819,48.53112,0
          8.21822,48.53121,0
          8.21823,48.53127,0
          8.21824,48.53129,0
          8.21824,48.5313,0
          8.21825,48.53133,0
          8.21825,48.53139,0
          8.21826,48.53143,0
          8.21826,48.5315,0
          8.21827,48.53157,0
          8.21826,48.53165,0
          8.21826,48.53178,0
          8.21816,48.53261,0
          8.21818,48.53283,0
          8.21822,48.53303,0
          8.2183,48.53324,0
          8.21843,48.53345,0
          8.21853,48.53357,0
          8.21863,48.53367,0
          8.21879,48.53381,0
          8.21893,48.53391,0
          8.21927,48.53412,0
          8.22015,48.53459,0
          8.22024,48.53465,0
          8.22025,48.53466,0
          8.22029,48.53468,0
          8.22056,48.53487,0
          8.2207,48.535,0
          8.22089,48.53521,0
          8.22103,48.53544,0
          8.22139,48.53636,0
          8.22165,48.53691,0
          8.22247,48.53794,0
          8.2226,48.53819,0
          8.22264,48.53831,0
          8.22267,48.53844,0
          8.2227,48.53863,0
          8.22269,48.53886,0
          8.22264,48.53907,0
          8.22256,48.53927,0
          8.22246,48.53945,0
          8.2223,48.53964,0
          8.22229,48.53966,0
          8.22228,48.53966,0
          8.22225,48.5397,0
          8.22214,48.5398,0
          8.22184,48.54003,0
          8.22159,48.54017,0
          8.22125,48.54032,0
          8.22073,48.54047,0
          8.21923,48.54076,0
          8.21876,48.54089,0
          8.2187,48.54092,0
          8.21846,48.54101,0
          8.21807,48.54119,0
          8.21804,48.5412,0
          8.21766,48.54142,0
          8.21762,48.54146,0
          8.21747,48.54156,0
          8.21744,48.54159,0
          8.21732,48.54168,0
          8.21705,48.54195,0
          8.21694,48.54209,0
          8.21677,48.54235,0
          8.2167,48.54248,0
          8.21658,48.54279,0
          8.21656,48.54289,0
          8.21653,48.54297,0
          8.2165,48.54318,0
          8.2165,48.54338,0
          8.21652,48.54364,0
          8.21661,48.54392,0
          8.21675,48.54423,0
          8.21702,48.54463,0
          8.21767,48.54536,0
          8.21781,48.54555,0
          8.21792,48.54573,0
          8.21794,48.5458,0
          8.21799,48.54591,0
          8.218,48.54591,0
          8.21802,48.54596,0
          8.21807,48.54615,0
          8.21808,48.54626,0
          8.2181,48.54637,0
          8.2181,48.54649,0
          8.21806,48.5468,0
          8.21801,48.54697,0
          8.218,48.54699,0
          8.218,48.54702,0
          8.21791,48.54721,0
          8.21779,48.54742,0
          8.21774,48.54748,0
          8.21733,48.54807,0
          8.21708,48.54852,0
          8.21698,48.54878,0
          8.21695,48.54889,0
          8.2169,48.54914,0
          8.2169,48.54915,0
          8.21689,48.54916,0
          8.21687,48.54932,0
          8.21686,48.54935,0
          8.21686,48.54939,0
          8.21681,48.54967,0
          8.21681,48.54969,0
          8.2168,48.5497,0
          8.21678,48.54983,0
          8.21678,48.54985,0
          8.21675,48.54992,0
          8.21672,48.55002,0
          8.21669,48.55008,0
          8.21665,48.5502,0
          8.21664,48.55022,0
          8.21664,48.55023,0
          8.21659,48.55035,0
          8.21648,48.55053,0
          8.21632,48.55075,0
          8.21604,48.5512,0
          8.21601,48.55126,0
          8.21594,48.55137,0
          8.21592,48.55139,0
          8.21591,48.55144,0
          8.21579,48.55172,0
          8.21579,48.55174,0
          8.21575,48.55196,0
          8.21573,48.55228,0
          8.21574,48.55252,0
          8.21576,48.55261,0
          8.21577,48.5527,0
          8.21579,48.55279,0
          8.21579,48.55282,0
          8.21582,48.55297,0
          8.21593,48.55332,0
          8.21593,48.55335,0
          8.21598,48.5535,0
          8.21612,48.55385,0
          8.21613,48.55386,0
          8.21613,48.55387,0
          8.21614,48.55388,0
          8.21627,48.55414,0
          8.21641,48.55437,0
          8.21642,48.55438,0
          8.21651,48.55455,0
          8.21708,48.55527,0
          8.21726,48.55544,0
          8.21739,48.55558,0
          8.21742,48.55562,0
          8.21753,48.55571,0
          8.2179,48.55606,0
          8.21804,48.55621,0
          8.21815,48.55637,0
          8.21819,48.55644,0
          8.21823,48.55657,0
          8.21824,48.55668,0
          8.21824,48.55677,0
          8.21821,48.55693,0
          8.21816,48.55706,0
          8.21807,48.55723,0
          8.21803,48.55728,0
          8.21736,48.55798,0
          8.21721,48.55818,0
          8.21708,48.55838,0
          8.21689,48.55878,0
          8.21682,48.55895,0
          8.21671,48.55916,0
          8.21651,48.55946,0
          8.21629,48.55967,0
          8.21618,48.55976,0
          8.21592,48.55994,0
          8.21589,48.55995,0
          8.21506,48.56042,0
          8.215,48.56044,0
          8.21484,48.56053,0
          8.21472,48.56061,0
          8.21462,48.56069,0
          8.21457,48.56075,0
          8.21452,48.56083,0
          8.21448,48.56095,0
          8.21449,48.561,0
          8.21449,48.56104,0
          8.21451,48.56111,0
          8.21459,48.56122,0
          8.21463,48.56126,0
          8.21469,48.5613,0
          8.21471,48.56132,0
          8.21488,48.5614,0
          8.21497,48.56143,0
          8.21511,48.56145,0
          8.2153,48.56145,0
          8.21542,48.56143,0
          8.21547,48.56143,0
          8.21581,48.56133,0
          8.21599,48.56126,0
          8.21641,48.56113,0
          8.21737,48.56079,0
          8.21743,48.56078,0
          8.21832,48.56054,0
          8.21859,48.56049,0
          8.2189,48.56047,0
          8.21897,48.56044,0
          8.21901,48.56043,0
          8.21909,48.56042,0
          8.21922,48.56042,0
          8.21945,48.56046,0
          8.21949,48.56046,0
          8.21976,48.56052,0
          8.21978,48.56053,0
          8.21996,48.56057,0
          8.22032,48.5607,0
          8.22046,48.5608,0
          8.2205,48.56082,0
          8.22075,48.56101,0
          8.2209,48.56114,0
          8.221,48.56124,0
          8.22118,48.5613,0
          8.2212,48.5613,0
          8.22122,48.56129,0
          8.22126,48.56129,0
          8.22127,48.5613,0
          8.22132,48.5613,0
          8.22133,48.56131,0
          8.22135,48.56131,0
          8.22136,48.56132,0
          8.22137,48.56132,0
          8.22137,48.56133,0
          8.22138,48.56133,0
          8.22143,48.56138,0
          8.22143,48.5614,0
          8.22144,48.56141,0
          8.22144,48.56144,0
          8.22143,48.56145,0
          8.22143,48.56147,0
          8.22139,48.56151,0
          8.22138,48.56151,0
          8.22138,48.56152,0
          8.22137,48.56152,0
          8.22136,48.56153,0
          8.22135,48.56153,0
          8.22134,48.56164,0
          8.22135,48.56174,0
          8.2215,48.56206,0
          8.22181,48.56251,0
          8.22206,48.56281,0
          8.22207,48.56281,0
          8.22251,48.56326,0
          8.22255,48.56337,0
          8.22259,48.56343,0
          8.22261,48.56347,0
          8.22267,48.56355,0
          8.22277,48.56378,0
          8.22286,48.56405,0
          8.22291,48.56417,0
          8.2232,48.56505,0
          8.22329,48.56538,0
          8.2233,48.5654,0
          8.22349,48.56624,0
          8.22358,48.56696,0
          8.22358,48.56709,0
          8.22359,48.56719,0
          8.22359,48.56727,0
          8.2236,48.56737,0
          8.2236,48.56745,0
          8.2234,48.56956,0
          8.22341,48.56974,0
          8.22344,48.56989,0
          8.22351,48.57009,0
          8.22352,48.57014,0
          8.22355,48.57021,0
          8.22366,48.57041,0
          8.22379,48.57058,0
          8.22394,48.57075,0
          8.22461,48.57135,0
          8.22483,48.57152,0
          8.22502,48.57165,0
          8.22546,48.57201,0
          8.22558,48.57209,0
          8.22638,48.57249,0
          8.22647,48.57256,0
          8.22652,48.57263,0
          8.22656,48.57272,0
          8.22657,48.57276,0
          8.22655,48.57287,0
          8.22655,48.5729,0
          8.2265,48.57299,0
          8.2264,48.57309,0
          8.22627,48.57317,0
          8.22612,48.57323,0
          8.22601,48.57325,0
          8.22598,48.57326,0
          8.22589,48.57327,0
          8.22585,48.57328,0
          8.22545,48.57332,0
          8.22496,48.57341,0
          8.22494,48.57341,0
          8.22481,48.57343,0
          8.22454,48.5735,0
          8.22443,48.57354,0
          8.22404,48.57358,0
          8.22371,48.57358,0
          8.22197,48.57342,0
          8.22131,48.57339,0
          8.22083,48.57341,0
          8.22061,48.57344,0
          8.22036,48.57346,0
          8.22005,48.57352,0
          8.21973,48.57364,0
          8.21946,48.57377,0
          8.21933,48.57385,0
          8.21883,48.5742,0
          8.21849,48.57446,0
          8.21829,48.57463,0
          8.21803,48.5749,0
          8.21802,48.5749,0
          8.21801,48.57491,0
          8.21799,48.57494,0
          8.21794,48.57499,0
          8.21784,48.57513,0
          8.21771,48.57538,0
          8.21765,48.57556,0
          8.21763,48.5757,0
          8.21763,48.57597,0
          8.21765,48.57613,0
          8.21766,48.57617,0
          8.21767,48.57625,0
          8.21784,48.57702,0
          8.21804,48.57776,0
          8.21818,48.57807,0
          8.21833,48.57832,0
          8.21853,48.57856,0
          8.21874,48.57877,0
          8.219,48.579,0
          8.22032,48.58003,0
          8.22102,48.58054,0
          8.22153,48.58094,0
          8.22163,48.58104,0
          8.22169,48.58112,0
          8.22177,48.58125,0
          8.22181,48.58138,0
          8.22182,48.58144,0
          8.22182,48.58154,0
          8.22181,48.58162,0
          8.22179,48.58171,0
          8.22174,48.5818,0
          8.2217,48.58189,0
          8.22152,48.58213,0
          8.2214,48.58226,0
          8.22126,48.58239,0
          8.22085,48.58271,0
          8.22048,48.58294,0
          8.21952,48.58344,0
          8.21888,48.58382,0
          8.2184,48.58413,0
          8.21807,48.58429,0
          8.21788,48.58437,0
          8.21749,48.58448,0
          8.21701,48.58456,0
          8.21618,48.5846,0
          8.21592,48.58463,0
          8.21588,48.58464,0
          8.21587,48.58464,0
          8.21551,48.58472,0
          8.2154,48.58476,0
          8.21515,48.58488,0
          8.21505,48.58495,0
          8.2149,48.58509,0
          8.21482,48.58519,0
          8.21476,48.58528,0
          8.21471,48.58538,0
          8.21469,48.58545,0
          8.21469,48.58547,0
          8.21468,48.58549,0
          8.21467,48.58558,0
          8.21468,48.58569,0
          8.21467,48.58574,0
          8.21476,48.58598,0
          8.21486,48.58618,0
          8.21497,48.58634,0
          8.21542,48.58692,0
          8.21548,48.58698,0
          8.21584,48.58748,0
          8.21604,48.58779,0
          8.21604,48.5878,0
          8.21605,48.58781,0
          8.21619,48.58806,0
          8.21638,48.58857,0
          8.21647,48.58899,0
          8.21649,48.58915,0
          8.2165,48.58953,0
          8.21648,48.58988,0
          8.21643,48.59013,0
          8.21634,48.59044,0
          8.21622,48.59076,0
          8.21615,48.59102,0
          8.21606,48.59126,0
          8.21603,48.59149,0
          8.21603,48.59171,0
          8.21605,48.59183,0
          8.21714,48.59429,0
          8.21716,48.59432,0
          8.21724,48.59449,0
          8.21726,48.59452,0
          8.21736,48.59474,0
          8.21744,48.59496,0
          8.21747,48.5952,0
          8.21746,48.59534,0
          8.21744,48.59541,0
          8.21736,48.59558,0
          8.21735,48.59561,0
          8.21724,48.5958,0
          8.21714,48.59592,0
          8.2169,48.59615,0
          8.21675,48.59625,0
          8.21664,48.59631,0
          8.21661,48.59632,0
          8.21636,48.59644,0
          8.21553,48.59664,0
          8.21546,48.59665,0
          8.21521,48.59671,0
          8.21423,48.59688,0
          8.21352,48.59696,0
          8.21292,48.597,0
          8.21152,48.59702,0
          8.2112,48.59704,0
          8.21074,48.59709,0
          8.21054,48.59713,0
          8.21032,48.59716,0
          8.21031,48.59717,0
          8.20896,48.59746,0
          8.20892,48.59746,0
          8.20843,48.59754,0
          8.20754,48.59761,0
          8.20662,48.59761,0
          8.20595,48.59757,0
          8.20535,48.59751,0
          8.20448,48.59737,0
          8.20382,48.59721,0
          8.2036,48.59714,0
          8.20357,48.59714,0
          8.20335,48.59706,0
          8.20333,48.59706,0
          8.20291,48.59691,0
          8.20288,48.59689,0
          8.20264,48.59677,0
          8.20259,48.5968,0
          8.20259,48.59683,0
          8.20261,48.59686,0
          8.20272,48.59693,0
          8.20281,48.59702,0
          8.20283,48.59706,0
          8.20286,48.5971,0
          8.20289,48.59716,0
          8.20287,48.59723,0
          8.20285,48.59725,0
          8.20278,48.59728,0
          8.20268,48.5973,0
          8.20261,48.5973,0
          8.20268,48.5973,0
          8.20278,48.59728,0
          8.20285,48.59725,0
          8.20287,48.59723,0
          8.20289,48.59716,0
          8.20286,48.5971,0
          8.20283,48.59706,0
          8.20281,48.59702,0
          8.20272,48.59693,0
          8.20261,48.59686,0
          8.20259,48.59683,0
          8.20259,48.5968,0
          8.20264,48.59677,0
          8.20288,48.59689,0
          8.20291,48.59691,0
          8.20333,48.59706,0
          8.20335,48.59706,0
          8.20357,48.59714,0
          8.2036,48.59714,0
          8.20382,48.59721,0
          8.20448,48.59737,0
          8.20535,48.59751,0
          8.20595,48.59757,0
          8.20662,48.59761,0
          8.20754,48.59761,0
          8.20843,48.59754,0
          8.20892,48.59746,0
          8.20896,48.59746,0
          8.21031,48.59717,0
          8.21032,48.59716,0
          8.21054,48.59713,0
          8.21074,48.59709,0
          8.2112,48.59704,0
          8.21152,48.59702,0
          8.21292,48.597,0
          8.21352,48.59696,0
          8.21423,48.59688,0
          8.21521,48.59671,0
          8.21546,48.59665,0
          8.21553,48.59664,0
          8.21636,48.59644,0
          8.21661,48.59632,0
          8.21664,48.59631,0
          8.21675,48.59625,0
          8.2169,48.59615,0
          8.21714,48.59592,0
          8.21724,48.5958,0
          8.21735,48.59561,0
          8.21736,48.59558,0
          8.21744,48.59541,0
          8.21746,48.59534,0
          8.21747,48.5952,0
          8.21744,48.59496,0
          8.21736,48.59474,0
          8.21726,48.59452,0
          8.21724,48.59449,0
          8.21716,48.59432,0
          8.21714,48.59429,0
          8.21605,48.59183,0
          8.21603,48.59171,0
          8.21603,48.59149,0
          8.21606,48.59126,0
          8.21615,48.59102,0
          8.21622,48.59076,0
          8.21634,48.59044,0
          8.21643,48.59013,0
          8.21648,48.58988,0
          8.2165,48.58953,0
          8.21649,48.58915,0
          8.21647,48.58899,0
          8.21638,48.58857,0
          8.21619,48.58806,0
          8.21605,48.58781,0
          8.21604,48.5878,0
          8.21604,48.58779,0
          8.21584,48.58748,0
          8.21548,48.58698,0
          8.21542,48.58692,0
          8.21497,48.58634,0
          8.21486,48.58618,0
          8.21476,48.58598,0
          8.21467,48.58574,0
          8.21468,48.58569,0
          8.21467,48.58558,0
          8.21468,48.58549,0
          8.21469,48.58547,0
          8.21469,48.58545,0
          8.21471,48.58538,0
          8.21476,48.58528,0
          8.21482,48.58519,0
          8.2149,48.58509,0
          8.21505,48.58495,0
          8.21515,48.58488,0
          8.2154,48.58476,0
          8.21551,48.58472,0
          8.21587,48.58464,0
          8.21588,48.58464,0
          8.21592,48.58463,0
          8.21618,48.5846,0
          8.21701,48.58456,0
          8.21749,48.58448,0
          8.21788,48.58437,0
          8.21807,48.58429,0
          8.2184,48.58413,0
          8.21888,48.58382,0
          8.21952,48.58344,0
          8.22048,48.58294,0
          8.22085,48.58271,0
          8.22126,48.58239,0
          8.2214,48.58226,0
          8.22152,48.58213,0
          8.2217,48.58189,0
          8.22174,48.5818,0
          8.22179,48.58171,0
          8.22181,48.58162,0
          8.22182,48.58154,0
          8.22182,48.58144,0
          8.22181,48.58138,0
          8.22177,48.58125,0
          8.22169,48.58112,0
          8.22163,48.58104,0
          8.22153,48.58094,0
          8.22102,48.58054,0
          8.22032,48.58003,0
          8.219,48.579,0
          8.21874,48.57877,0
          8.21853,48.57856,0
          8.21833,48.57832,0
          8.21818,48.57807,0
          8.21804,48.57776,0
          8.21784,48.57702,0
          8.21767,48.57625,0
          8.21766,48.57617,0
          8.21765,48.57613,0
          8.21763,48.57597,0
          8.21763,48.5757,0
          8.21765,48.57556,0
          8.21771,48.57538,0
          8.21784,48.57513,0
          8.21794,48.57499,0
          8.21799,48.57494,0
          8.21801,48.57491,0
          8.21802,48.5749,0
          8.21803,48.5749,0
          8.21829,48.57463,0
          8.21849,48.57446,0
          8.21883,48.5742,0
          8.21933,48.57385,0
          8.21946,48.57377,0
          8.21973,48.57364,0
          8.22005,48.57352,0
          8.22036,48.57346,0
          8.22061,48.57344,0
          8.22083,48.57341,0
          8.22131,48.57339,0
          8.22197,48.57342,0
          8.22371,48.57358,0
          8.22404,48.57358,0
          8.22443,48.57354,0
          8.22454,48.5735,0
          8.22481,48.57343,0
          8.22494,48.57341,0
          8.22496,48.57341,0
          8.22545,48.57332,0
          8.22585,48.57328,0
          8.22589,48.57327,0
          8.22598,48.57326,0
          8.22601,48.57325,0
          8.22612,48.57323,0
          8.22627,48.57317,0
          8.2264,48.57309,0
          8.2265,48.57299,0
          8.22655,48.5729,0
          8.22655,48.57287,0
          8.22657,48.57276,0
          8.22656,48.57272,0
          8.22652,48.57263,0
          8.22647,48.57256,0
          8.22638,48.57249,0
          8.22558,48.57209,0
          8.22546,48.57201,0
          8.22502,48.57165,0
          8.22483,48.57152,0
          8.22461,48.57135,0
          8.22394,48.57075,0
          8.22379,48.57058,0
          8.22366,48.57041,0
          8.22355,48.57021,0
          8.22352,48.57014,0
          8.22351,48.57009,0
          8.22344,48.56989,0
          8.22341,48.56974,0
          8.2234,48.56956,0
          8.2236,48.56745,0
          8.2236,48.56737,0
          8.22359,48.56727,0
          8.22359,48.56719,0
          8.22358,48.56709,0
          8.22358,48.56696,0
          8.22349,48.56624,0
          8.2233,48.5654,0
          8.22329,48.56538,0
          8.2232,48.56505,0
          8.22291,48.56417,0
          8.22286,48.56405,0
          8.22277,48.56378,0
          8.22267,48.56355,0
          8.22261,48.56347,0
          8.22259,48.56343,0
          8.22255,48.56337,0
          8.22242,48.56328,0
          8.22225,48.5631,0
          8.22211,48.56297,0
          8.22184,48.56269,0
          8.22181,48.56264,0
          8.22176,48.56259,0
          8.2215,48.56223,0
          8.22114,48.56167,0
          8.2211,48.56152,0
          8.22106,48.56148,0
          8.22106,48.56147,0
          8.22105,48.56147,0
          8.22105,48.56145,0
          8.22104,48.56144,0
          8.22104,48.56141,0
          8.22105,48.5614,0
          8.22105,48.56138,0
          8.22107,48.56136,0
          8.22107,48.56135,0
          8.22108,48.56135,0
          8.22111,48.56132,0
          8.22113,48.56132,0
          8.22114,48.56131,0
          8.22115,48.56131,0
          8.22116,48.5613,0
          8.2212,48.5613,0
          8.22122,48.56129,0
          8.22126,48.56129,0
          8.22127,48.5613,0
          8.22132,48.5613,0
          8.22133,48.56131,0
          8.22135,48.56131,0
          8.22136,48.56132,0
          8.22168,48.5613,0
          8.22181,48.56124,0
          8.22192,48.5612,0
          8.22203,48.56117,0
          8.22284,48.56109,0
          8.22313,48.56108,0
          8.22335,48.56106,0
          8.2239,48.56096,0
          8.22467,48.56075,0
          8.22629,48.56026,0
          8.22667,48.56017,0
          8.22669,48.56016,0
          8.22748,48.55999,0
          8.22734,48.55992,0
          8.22725,48.55989,0
          8.22704,48.55988,0
          8.22698,48.55989,0
          8.22538,48.5599,0
          8.22523,48.55994,0
          8.22521,48.55994,0
          8.22519,48.55995,0
          8.22509,48.55997,0
          8.22503,48.55996,0
          8.22493,48.55997,0
          8.22486,48.55997,0
          8.22477,48.55996,0
          8.22468,48.55994,0
          8.22446,48.55984,0
          8.22451,48.55981,0
          8.22446,48.55984,0
          8.22468,48.55994,0
          8.22477,48.55996,0
          8.22486,48.55997,0
          8.22493,48.55997,0
          8.22503,48.55996,0
          8.22509,48.55997,0
          8.22519,48.55995,0
          8.22521,48.55994,0
          8.22523,48.55994,0
          8.22538,48.5599,0
          8.22589,48.55989,0
          8.22616,48.5599,0
          8.22698,48.55989,0
          8.22704,48.55988,0
          8.22725,48.55989,0
          8.22734,48.55992,0
          8.22748,48.55999,0
          8.22669,48.56016,0
          8.22667,48.56017,0
          8.22629,48.56026,0
          8.22467,48.56075,0
          8.2239,48.56096,0
          8.22335,48.56106,0
          8.22313,48.56108,0
          8.22284,48.56109,0
          8.22203,48.56117,0
          8.22192,48.5612,0
          8.22181,48.56124,0
          8.22168,48.5613,0
          8.22143,48.56146,0
          8.22143,48.56147,0
          8.22139,48.56151,0
          8.22138,48.56151,0
          8.22138,48.56152,0
          8.22137,48.56152,0
          8.22136,48.56153,0
          8.22135,48.56153,0
          8.22134,48.56154,0
          8.22132,48.56154,0
          8.22131,48.56155,0
          8.22117,48.56155,0
          8.22116,48.56154,0
          8.22114,48.56154,0
          8.22113,48.56153,0
          8.22112,48.56153,0
          8.22111,48.56152,0
          8.2211,48.56152,0
          8.22106,48.56148,0
          8.22106,48.56147,0
          8.22105,48.56147,0
          8.22105,48.56145,0
          8.22104,48.56144,0
          8.22104,48.56141,0
          8.22105,48.5614,0
          8.22105,48.56139,0
          8.2209,48.56132,0
          8.22078,48.56118,0
          8.2205,48.56092,0
          8.22031,48.56079,0
          8.22021,48.56074,0
          8.21981,48.56061,0
          8.21958,48.56055,0
          8.21956,48.56055,0
          8.21938,48.56051,0
          8.21919,48.56049,0
          8.21911,48.56049,0
          8.21907,48.56048,0
          8.2189,48.56047,0
          8.21859,48.56049,0
          8.21832,48.56054,0
          8.21743,48.56078,0
          8.21737,48.56079,0
          8.21641,48.56113,0
          8.21599,48.56126,0
          8.21581,48.56133,0
          8.21547,48.56143,0
          8.21542,48.56143,0
          8.2153,48.56145,0
          8.21511,48.56145,0
          8.21497,48.56143,0
          8.21488,48.5614,0
          8.21471,48.56132,0
          8.21469,48.5613,0
          8.21463,48.56126,0
          8.21459,48.56122,0
          8.21451,48.56111,0
          8.21449,48.56104,0
          8.21449,48.561,0
          8.21448,48.56095,0
          8.21452,48.56083,0
          8.21457,48.56075,0
          8.21462,48.56069,0
          8.21472,48.56061,0
          8.21484,48.56053,0
          8.215,48.56044,0
          8.21506,48.56042,0
          8.21589,48.55995,0
          8.21592,48.55994,0
          8.21618,48.55976,0
          8.21629,48.55967,0
          8.21651,48.55946,0
          8.21671,48.55916,0
          8.21682,48.55895,0
          8.21689,48.55878,0
          8.21708,48.55838,0
          8.21721,48.55818,0
          8.21736,48.55798,0
          8.21803,48.55728,0
          8.21807,48.55723,0
          8.21816,48.55706,0
          8.21821,48.55693,0
          8.21824,48.55677,0
          8.21824,48.55668,0
          8.21823,48.55657,0
          8.21819,48.55644,0
          8.21815,48.55637,0
          8.21804,48.55621,0
          8.2179,48.55606,0
          8.21753,48.55571,0
          8.21742,48.55562,0
          8.21739,48.55558,0
          8.21726,48.55544,0
          8.21708,48.55527,0
          8.21651,48.55455,0
          8.21642,48.55438,0
          8.21641,48.55437,0
          8.21627,48.55414,0
          8.21614,48.55388,0
          8.21613,48.55387,0
          8.21613,48.55386,0
          8.21612,48.55385,0
          8.21598,48.5535,0
          8.21593,48.55335,0
          8.21593,48.55332,0
          8.21582,48.55297,0
          8.21579,48.55282,0
          8.21579,48.55279,0
          8.21577,48.5527,0
          8.21576,48.55261,0
          8.21574,48.55252,0
          8.21573,48.55228,0
          8.21575,48.55196,0
          8.21579,48.55174,0
          8.21579,48.55172,0
          8.21591,48.55144,0
          8.21592,48.55139,0
          8.21594,48.55137,0
          8.21601,48.55126,0
          8.21604,48.5512,0
          8.21632,48.55075,0
          8.21648,48.55053,0
          8.21659,48.55035,0
          8.21664,48.55023,0
          8.21664,48.55022,0
          8.21665,48.5502,0
          8.21669,48.55008,0
          8.21672,48.55002,0
          8.21675,48.54992,0
          8.21678,48.54985,0
          8.21678,48.54983,0
          8.2168,48.5497,0
          8.21681,48.54969,0
          8.21681,48.54967,0
          8.21686,48.54939,0
          8.21686,48.54935,0
          8.21687,48.54932,0
          8.21689,48.54916,0
          8.2169,48.54915,0
          8.2169,48.54914,0
          8.21695,48.54889,0
          8.21698,48.54878,0
          8.21708,48.54852,0
          8.21733,48.54807,0
          8.21774,48.54748,0
          8.21779,48.54742,0
          8.21791,48.54721,0
          8.218,48.54702,0
          8.218,48.54699,0
          8.21801,48.54697,0
          8.21806,48.5468,0
          8.2181,48.54649,0
          8.2181,48.54637,0
          8.21808,48.54626,0
          8.21807,48.54615,0
          8.21802,48.54596,0
          8.218,48.54591,0
          8.21799,48.54591,0
          8.21794,48.5458,0
          8.21792,48.54573,0
          8.21781,48.54555,0
          8.21767,48.54536,0
          8.21702,48.54463,0
          8.21675,48.54423,0
          8.21661,48.54392,0
          8.21652,48.54364,0
          8.2165,48.54338,0
          8.2165,48.54318,0
          8.21653,48.54297,0
          8.21656,48.54289,0
          8.21658,48.54279,0
          8.2167,48.54248,0
          8.21677,48.54235,0
          8.21694,48.54209,0
          8.21705,48.54195,0
          8.21732,48.54168,0
          8.21744,48.54159,0
          8.21747,48.54156,0
          8.21762,48.54146,0
          8.21766,48.54142,0
          8.21804,48.5412,0
          8.21807,48.54119,0
          8.21846,48.54101,0
          8.2187,48.54092,0
          8.21876,48.54089,0
          8.21923,48.54076,0
          8.22073,48.54047,0
          8.22125,48.54032,0
          8.22159,48.54017,0
          8.22184,48.54003,0
          8.22214,48.5398,0
          8.22225,48.5397,0
          8.22228,48.53966,0
          8.22229,48.53966,0
          8.2223,48.53964,0
          8.22246,48.53945,0
          8.22256,48.53927,0
          8.22264,48.53907,0
          8.22269,48.53886,0
          8.2227,48.53863,0
          8.22267,48.53844,0
          8.22264,48.53831,0
          8.2226,48.53819,0
          8.22247,48.53794,0
          8.22165,48.53691,0
          8.22139,48.53636,0
          8.22103,48.53544,0
          8.22089,48.53521,0
          8.2207,48.535,0
          8.22056,48.53487,0
          8.22029,48.53468,0
          8.22025,48.53466,0
          8.22024,48.53465,0
          8.22015,48.53459,0
          8.21927,48.53412,0
          8.21893,48.53391,0
          8.21879,48.53381,0
          8.21863,48.53367,0
          8.21853,48.53357,0
          8.21843,48.53345,0
          8.2183,48.53324,0
          8.21822,48.53303,0
          8.21818,48.53283,0
          8.21816,48.53261,0
          8.21826,48.53178,0
          8.21826,48.53165,0
          8.21827,48.53157,0
          8.21826,48.5315,0
          8.21826,48.53143,0
          8.21825,48.53139,0
          8.21825,48.53133,0
          8.21824,48.5313,0
          8.21824,48.53129,0
          8.21823,48.53127,0
          8.21822,48.53121,0
          8.21819,48.53112,0
          8.21815,48.53103,0
          8.21805,48.53085,0
          8.21794,48.5307,0
          8.21774,48.5305,0
          8.21741,48.53023,0
          8.21632,48.52944,0
          8.21605,48.52922,0
          8.21585,48.52902,0
          8.21571,48.52882,0
          8.21561,48.52861,0
          8.21555,48.52846,0
          8.21554,48.52842,0
          8.21552,48.52826,0
          8.21551,48.52797,0
          8.21561,48.52691,0
          8.21561,48.52672,0
          8.2156,48.52659,0
          8.21556,48.5264,0
          8.2155,48.5262,0
          8.21542,48.52599,0
          8.21506,48.52528,0
          8.21495,48.52498,0
          8.21491,48.52483,0
          8.21489,48.52471,0
          8.21488,48.52459,0
          8.21488,48.52449,0
          8.21494,48.52417,0
          8.21497,48.52406,0
          8.21501,48.52396,0
          8.21501,48.52395,0
          8.21511,48.52376,0
          8.2152,48.52363,0
          8.21521,48.5236,0
          8.21524,48.52356,0
          8.21552,48.52327,0
          8.21581,48.52303,0
          8.21611,48.52286,0
          8.21624,48.5228,0
          8.21707,48.52251,0
          8.21872,48.52198,0
          8.21938,48.52167,0
          8.21958,48.52155,0
          8.21959,48.52155,0
          8.21963,48.52152,0
          8.21973,48.52147,0
          8.22131,48.52027,0
          8.22189,48.51979,0
          8.22217,48.51948,0
          8.22224,48.51938,0
          8.2224,48.51907,0
          8.22244,48.51897,0
          8.22252,48.51856,0
          8.22255,48.51823,0
          8.22257,48.5181,0
          8.22257,48.51808,0
          8.22259,48.51795,0
          8.2226,48.51792,0
          8.22263,48.51774,0
          8.22264,48.51773,0
          8.22267,48.51761,0
          8.22269,48.51757,0
          8.22272,48.51747,0
          8.22286,48.51723,0
          8.22308,48.51697,0
          8.22328,48.51679,0
          8.2233,48.51678,0
          8.22332,48.51676,0
          8.22425,48.51606,0
          8.22453,48.5158,0
          8.22466,48.51564,0
          8.22474,48.51552,0
          8.22478,48.51544,0
          8.22482,48.51533,0
          8.22482,48.51531,0
          8.22483,48.5153,0
          8.22488,48.51507,0
          8.2249,48.5148,0
          8.22487,48.51462,0
          8.22487,48.5146,0
          8.22486,48.51458,0
          8.22479,48.51437,0
          8.22463,48.5141,0
          8.22439,48.51383,0
          8.22355,48.51302,0
          8.22341,48.51287,0
          8.2233,48.51273,0
          8.22317,48.51248,0
          8.22313,48.51238,0
          8.22312,48.51237,0
          8.22309,48.51227,0
          8.22308,48.51221,0
          8.22307,48.51219,0
          8.22307,48.51216,0
          8.22306,48.51209,0
          8.22306,48.51198,0
          8.22311,48.51172,0
          8.22315,48.51158,0
          8.22319,48.51148,0
          8.22337,48.51115,0
          8.22404,48.51035,0
          8.2242,48.51011,0
          8.22427,48.50997,0
          8.22428,48.50993,0
          8.22436,48.50976,0
          8.2244,48.50958,0
          8.22441,48.50944,0
          8.22442,48.50942,0
          8.22442,48.50926,0
          8.2244,48.50908,0
          8.22439,48.50907,0
          8.22429,48.50873,0
          8.22419,48.50852,0
          8.22409,48.50835,0
          8.22362,48.50765,0
          8.22356,48.50754,0
          8.22346,48.50731,0
          8.22343,48.5072,0
          8.2234,48.50704,0
          8.2234,48.50679,0
          8.22341,48.50672,0
          8.2235,48.50643,0
          8.22476,48.50487,0
          8.2248,48.50483,0
          8.22499,48.50458,0
          8.22527,48.50414,0
          8.22533,48.50403,0
          8.22536,48.50396,0
          8.22542,48.50385,0
          8.22542,48.50384,0
          8.2261,48.50252,0
          8.22632,48.50223,0
          8.22653,48.50201,0
          8.22688,48.5017,0
          8.22721,48.50146,0
          8.22746,48.50132,0
          8.22785,48.50113,0
          8.22827,48.50096,0
          8.22871,48.50082,0
          8.22881,48.5008,0
          8.22882,48.50079,0
          8.22928,48.50069,0
          8.22986,48.50061,0
          8.2333,48.50044,0
          8.23355,48.5004,0
          8.23408,48.50028,0
          8.23411,48.50028,0
          8.23432,48.50021,0
          8.23472,48.50005,0
          8.23504,48.49989,0
          8.23517,48.49981,0
          8.23555,48.49954,0
          8.23588,48.49924,0
          8.23627,48.49882,0
          8.23628,48.49882,0
          8.23648,48.4986,0
          8.23688,48.49827,0
          8.23712,48.49812,0
          8.23753,48.49794,0
          8.23757,48.49793,0
          8.23758,48.49792,0
          8.23798,48.49781,0
          8.23842,48.49774,0
          8.23874,48.49772,0
          8.23963,48.49773,0
          8.2403,48.4977,0
          8.24045,48.49767,0
          8.24058,48.49766,0
          8.24092,48.49759,0
          8.24126,48.49755,0
          8.24183,48.49744,0
          8.24202,48.49737,0
          8.24205,48.49735,0
          8.24206,48.49735,0
          8.2423,48.49723,0
          8.24254,48.49708,0
          8.24275,48.49692,0
          8.24303,48.49665,0
          8.24325,48.49635,0
          8.24359,48.4958,0
          8.24381,48.49553,0
          8.24385,48.49547,0
          8.24429,48.4951,0
          8.2446,48.49491,0
          8.24484,48.49479,0
          8.24513,48.49467,0
          8.24564,48.49451,0
          8.24631,48.49438,0
          8.24699,48.4943,0
          8.24789,48.49427,0
          8.24861,48.49432,0
          8.24926,48.49442,0
          8.25095,48.49484,0
          8.25152,48.49501,0
          8.25182,48.49508,0
          8.25231,48.49515,0
          8.25254,48.49517,0
          8.25258,48.49518,0
          8.25263,48.49518,0
          8.25318,48.49523,0
          8.25333,48.49523,0
          8.25353,48.49521,0
          8.25443,48.49522,0
          8.25542,48.49519,0
          8.25643,48.49506,0
          8.25672,48.49501,0
          8.25674,48.495,0
          8.25802,48.49475,0
          8.25881,48.49449,0
          8.2601,48.49399,0
          8.26074,48.49377,0
          8.26142,48.49359,0
          8.2621,48.49345,0
          8.26247,48.4934,0
          8.26292,48.49336,0
          8.2648,48.49329,0
          8.26481,48.49328,0
          8.26517,48.49325,0
          8.26556,48.49319,0
          8.26583,48.49313,0
          8.26586,48.49313,0
          8.26609,48.49307,0
          8.26611,48.49306,0
          8.26624,48.49303,0
          8.26643,48.49297,0
          8.26688,48.49279,0
          8.26718,48.49264,0
          8.2675,48.49246,0
          8.26777,48.49228,0
          8.26805,48.49205,0
          8.26807,48.49204,0
          8.26824,48.49187,0
          8.26846,48.49162,0
          8.2687,48.49128,0
          8.26895,48.49084,0
          8.26895,48.49083,0
          8.26905,48.49064,0
          8.26935,48.49017,0
          8.2696,48.48986,0
          8.26997,48.48948,0
          8.27026,48.48924,0
          8.27091,48.48878,0
          8.27149,48.48841,0
          8.2715,48.48841,0
          8.27209,48.48803,0
          8.27257,48.48768,0
          8.27312,48.48719,0
          8.27313,48.48717,0
          8.27334,48.48694,0
          8.27361,48.48657,0
          8.27373,48.48638,0
          8.27389,48.48606,0
          8.27405,48.48567,0
          8.27409,48.48555,0
          8.27409,48.48554,0
          8.27428,48.48485,0
          8.27428,48.48483,0
          8.27429,48.48479,0
          8.27436,48.48431,0
          8.27437,48.48413,0
          8.27438,48.48406,0
          8.27441,48.48324,0
          8.27446,48.48256,0
          8.2745,48.48224,0
          8.27457,48.48191,0
          8.27466,48.48163,0
          8.27476,48.48139,0
          8.27489,48.48114,0
          8.27504,48.48094,0
          8.27516,48.4808,0
          8.2753,48.48067,0
          8.2754,48.48052,0
          8.27567,48.48028,0
          8.2757,48.48026,0
          8.27575,48.48021,0
          8.27601,48.48,0
          8.27609,48.47996,0
          8.27617,48.48,0
          8.27638,48.48014,0
          8.27642,48.48015,0
          8.27658,48.48023,0
          8.27676,48.4803,0
          8.27686,48.48038,0
          8.27711,48.48045,0
          8.27737,48.48049,0
          8.27758,48.4805,0
          8.27776,48.48049,0
          8.27792,48.48047,0
          8.278,48.48047,0
          8.27819,48.48043,0
          8.2782,48.48043,0
          8.27833,48.4804,0
          8.27851,48.48034,0
          8.28052,48.47945,0
          8.28056,48.47944,0
          8.28075,48.47936,0
          8.28076,48.47936,0
          8.28099,48.47928,0
          8.281,48.47928,0
          8.28117,48.47922,0
          8.28172,48.47907,0
          8.28174,48.47906,0
          8.28932,48.4772,0
          8.28953,48.47713,0
          8.29074,48.47683,0
          8.29123,48.47666,0
          8.29172,48.47644,0
          8.29252,48.476,0
          8.29585,48.47406,0
          8.29625,48.47378,0
          8.29654,48.47362,0
          8.29731,48.47327,0
          8.29744,48.47322,0
          8.29746,48.47325,0
        </coordinates>
      </LineString>
    </Placemark>
    <Placemark>
      <name>Baden-Baden</name>
      <styleUrl>#icon-1899-DB4436-nodesc</styleUrl>
      <Point>
        <coordinates>
          8.2278908,48.7656734,0
        </coordinates>
      </Point>
    </Placemark>
    <Placemark>
      <name>Freudenstadt, Germany</name>
      <styleUrl>#icon-1899-DB4436-nodesc</styleUrl>
      <Point>
        <coordinates>
          8.4181439,48.4645598,0
        </coordinates>
      </Point>
    </Placemark>
    <Placemark>
      <name>Bühler Höhe, Dornhan, Germany</name>
      <styleUrl>#icon-1899-DB4436-nodesc</styleUrl>
      <Point>
        <coordinates>
          8.5038215,48.3496161,0
        </coordinates>
      </Point>
    </Placemark>
    <Placemark>
      <name>Mummelsee, Seebach, Germany</name>
      <styleUrl>#icon-1899-DB4436-nodesc</styleUrl>
      <Point>
        <coordinates>
          8.2026069,48.5972964,0
        </coordinates>
      </Point>
    </Placemark>
    <Placemark>
      <name>Ruhestein</name>
      <styleUrl>#icon-1899-DB4436-nodesc</styleUrl>
      <Point>
        <coordinates>
          8.2245053,48.5598075,0
        </coordinates>
      </Point>
    </Placemark>
    <Placemark>
      <name>Kniebis, Freudenstadt, Germany</name>
      <styleUrl>#icon-1899-DB4436-nodesc</styleUrl>
      <Point>
        <coordinates>
          8.2974624,48.4732488,0
        </coordinates>
      </Point>
    </Placemark>
  </Document>
</kml>
