z,east,north,dir_east,dir_north
0.00,443943.73,5396480.39,-0.69984,-0.71430
5.00,443940.25,5396476.83,-0.74758,-0.66417
10.00,443936.33,5396473.81,-0.75765,-0.65266
15.00,443932.75,5396470.37,-0.74725,-0.66454
20.00,443928.88,5396467.18,-0.71136,-0.70283
25.00,443925.65,5396463.35,-0.64503,-0.76416
30.00,443922.41,5396459.52,-0.64503,-0.76416
35.00,443919.18,5396455.69,-0.62236,-0.78273
40.00,443916.18,5396451.68,-0.57979,-0.81477
45.00,443913.37,5396447.52,-0.56014,-0.82840
50.00,443910.56,5396443.36,-0.55591,-0.83124
55.00,443907.79,5396439.18,-0.51145,-0.85931
60.00,443905.43,5396434.75,-0.47014,-0.88259
65.00,443903.07,5396430.32,-0.47014,-0.88259
70.00,443900.71,5396425.88,-0.43843,-0.89877
75.00,443898.67,5396421.30,-0.38465,-0.92306
80.00,443896.85,5396416.62,-0.28488,-0.95856
85.00,443895.82,5396411.73,-0.22758,-0.97376
90.00,443894.57,5396406.86,-0.20776,-0.97818
95.00,443893.74,5396401.91,-0.15998,-0.98712
100.00,443892.96,5396396.94,-0.09074,-0.99587
105.00,443892.83,5396391.92,-0.01783,-0.99984
110.00,443892.78,5396386.89,-0.01000,-0.99995
115.00,443892.73,5396381.86,-0.01000,-0.99995
120.00,443892.68,5396376.83,-0.01000,-0.99995
125.00,443892.63,5396371.81,-0.08380,-0.99648
129.99,443891.84,5396366.91,-0.08380,-0.99648
134.99,443891.79,5396361.88,-0.16583,-0.98615
139.98,443890.23,5396357.32,-0.27393,-0.96175
144.97,443889.10,5396352.42,-0.22576,-0.97418
149.96,443887.96,5396347.52,-0.39982,-0.91659
154.94,443885.15,5396343.37,-0.56015,-0.82839
159.91,443882.34,5396339.21,-0.62960,-0.77692
164.89,443878.86,5396335.61,-0.70309,-0.71110
169.86,443875.30,5396332.09,-0.73929,-0.67338
174.83,443871.48,5396328.89,-0.80726,-0.59020
179.81,443867.25,5396326.21,-0.84473,-0.53519
184.78,443863.03,5396323.53,-0.84473,-0.53519
189.75,443858.80,5396320.85,-0.84473,-0.53519
194.72,443854.57,5396318.17,-0.90602,-0.42322
199.68,443849.99,5396316.74,-0.95027,-0.31143
204.65,443845.26,5396315.12,-0.94637,-0.32309
209.62,443840.53,5396313.51,-0.94637,-0.32309
214.59,443835.80,5396311.89,-0.94637,-0.32309
219.55,443831.06,5396310.28,-0.95755,-0.28827
224.49,443826.25,5396309.02,-0.98238,-0.18689
229.42,443821.29,5396308.42,-0.99273,-0.12035
234.33,443816.33,5396307.82,-0.99273,-0.12035
239.23,443811.37,5396307.21,-0.99823,-0.05940
244.12,443806.38,5396307.22,-0.99998,0.00591
249.02,443801.39,5396307.27,-0.99995,0.01002
253.92,443796.39,5396307.32,-0.99995,0.01002
258.84,443791.40,5396307.37,-0.99995,0.01002
263.75,443786.40,5396307.42,-0.99995,0.01002
268.67,443781.41,5396307.47,-0.99995,0.01002
273.57,443776.41,5396307.52,-0.99995,0.01003
278.46,443771.42,5396307.57,-0.99883,0.04827
283.34,443766.44,5396308.01,-0.99559,0.09383
288.20,443761.47,5396308.51,-0.99487,0.10119
293.03,443756.50,5396309.02,-0.99487,0.10119
297.85,443751.53,5396309.52,-0.99487,0.10119
302.68,443746.56,5396310.03,-0.98834,0.15228
307.52,443741.67,5396311.04,-0.97873,0.20516
312.39,443736.78,5396312.08,-0.99038,0.13837
317.28,443731.82,5396312.42,-0.99923,0.03918
322.20,443726.83,5396312.47,-0.99959,0.02880
327.15,443721.84,5396312.71,-0.99659,0.08251
332.12,443716.88,5396313.29,-0.99647,0.08399
337.11,443711.92,5396313.54,-0.99927,-0.03830
342.11,443706.97,5396312.91,-0.99201,-0.12616
347.10,443702.01,5396312.28,-0.99193,-0.12680
352.06,443697.06,5396311.64,-0.97373,-0.22772
356.99,443692.33,5396310.02,-0.94552,-0.32556
361.89,443687.60,5396308.39,-0.94552,-0.32556
366.80,443682.88,5396306.76,-0.94552,-0.32556
371.69,443678.15,5396305.13,-0.94552,-0.32555
376.57,443673.42,5396303.51,-0.95535,-0.29549
381.43,443668.68,5396302.21,-0.94105,-0.33828
386.29,443664.12,5396300.16,-0.91266,-0.40871
391.14,443659.55,5396298.12,-0.91266,-0.40871
396.00,443654.99,5396296.07,-0.92689,-0.37533
400.88,443650.30,5396294.37,-0.93520,-0.35412
405.75,443645.67,5396292.54,-0.94241,-0.33447
410.62,443641.07,5396291.10,-0.93683,-0.34979
415.51,443636.49,5396289.12,-0.91650,-0.40004
420.39,443631.91,5396287.10,-0.91487,-0.40374
425.29,443627.34,5396285.08,-0.93986,-0.34155
430.20,443622.55,5396283.70,-0.95166,-0.30717
435.11,443617.85,5396282.02,-0.93826,-0.34593
440.03,443613.17,5396280.24,-0.93471,-0.35542
444.97,443608.50,5396278.46,-0.93471,-0.35542
449.92,443603.83,5396276.68,-0.94425,-0.32924
454.89,443599.07,5396275.17,-0.95915,-0.28290
459.88,443594.25,5396273.86,-0.96644,-0.25688
464.88,443589.41,5396272.61,-0.97809,-0.20816
469.88,443584.48,5396271.78,-0.98627,-0.16513
474.87,443579.56,5396270.96,-0.99144,-0.13054
479.86,443574.59,5396270.48,-0.99749,-0.07078
484.83,443569.60,5396270.25,-0.99895,-0.04583
489.81,443564.61,5396270.02,-0.99895,-0.04583
494.79,443559.62,5396269.79,-0.99638,-0.08503
499.75,443554.67,5396269.17,-0.99362,-0.11279
504.71,443549.72,5396268.67,-0.99896,-0.04561
509.67,443544.73,5396268.72,-0.99995,0.01007
514.62,443539.73,5396268.77,-0.99995,0.01007
519.58,443534.74,5396268.82,-0.99995,0.01007
524.56,443529.74,5396268.87,-0.99760,-0.06922
529.55,443524.86,5396268.13,-0.99475,-0.10238
534.55,443519.91,5396267.86,-0.99885,-0.04790
539.54,443514.93,5396267.66,-0.99518,-0.09811
544.52,443509.99,5396266.88,-0.96451,-0.26406
549.44,443505.44,5396265.06,-0.95301,-0.30295
554.28,443500.58,5396263.89,-0.94209,-0.33537
559.03,443496.13,5396261.74,-0.89858,-0.43881
563.68,443491.67,5396259.54,-0.85700,-0.51531
568.26,443487.60,5396256.62,-0.81256,-0.58288
572.79,443483.53,5396253.70,-0.81256,-0.58288
577.29,443479.46,5396250.78,-0.81256,-0.58288
581.77,443475.40,5396247.86,-0.81256,-0.58288
586.26,443471.33,5396244.94,-0.79547,-0.60600
590.74,443467.45,5396241.81,-0.75612,-0.65444
595.21,443463.80,5396238.43,-0.78209,-0.62317
599.66,443459.66,5396235.61,-0.82377,-0.56693
604.11,443455.55,5396232.75,-0.77962,-0.62625
608.52,443451.88,5396229.35,-0.73388,-0.67928
612.86,443448.20,5396225.95,-0.73388,-0.67928
617.14,443444.52,5396222.54,-0.76371,-0.64556
621.34,443440.56,5396219.49,-0.71924,-0.69476
625.39,443437.40,5396215.67,-0.64772,-0.76188
629.22,443434.14,5396211.94,-0.63687,-0.77097
632.93,443431.07,5396208.00,-0.56895,-0.82238
636.65,443428.48,5396203.76,-0.46735,-0.88407
640.37,443426.41,5396199.18,-0.36908,-0.92940
644.08,443424.79,5396194.46,-0.26216,-0.96503
647.80,443423.79,5396189.53,-0.19940,-0.97992
651.51,443422.79,5396184.61,-0.19940,-0.97992
655.23,443421.78,5396179.68,-0.19940,-0.97992
658.94,443420.78,5396174.76,-0.19864,-0.98007
662.66,443419.79,5396169.83,-0.15889,-0.98730
666.38,443419.18,5396164.84,-0.08226,-0.99661
670.09,443418.96,5396159.82,-0.05918,-0.99825
673.84,443418.59,5396154.81,-0.09669,-0.99531
677.71,443417.99,5396149.82,-0.11965,-0.99282
681.75,443417.39,5396144.83,-0.11965,-0.99282
685.97,443416.79,5396139.84,-0.15019,-0.98866
690.40,443415.88,5396134.90,-0.27278,-0.96208
695.03,443414.06,5396130.24,-0.34090,-0.94010
699.83,443412.47,5396125.50,-0.42578,-0.90483
704.73,443409.83,5396121.24,-0.57920,-0.81519
709.70,443406.69,5396117.36,-0.77039,-0.63758
714.70,443402.32,5396115.03,-0.89694,-0.44214
719.69,443397.76,5396112.96,-0.96292,-0.26980
724.62,443392.90,5396112.39,-0.99993,-0.01224
729.46,443387.98,5396112.85,-0.97301,0.23076
734.17,443383.32,5396114.66,-0.93720,0.34880
738.73,443378.81,5396116.26,-0.88728,0.46122
743.11,443374.72,5396119.13,-0.80326,0.59563
747.38,443370.78,5396122.22,-0.77514,0.63179
751.65,443366.96,5396125.46,-0.76255,0.64693
756.00,443363.14,5396128.70,-0.76255,0.64693
760.47,443359.32,5396131.94,-0.80148,0.59802
765.09,443355.14,5396134.67,-0.84862,0.52900
769.85,443350.84,5396137.22,-0.88134,0.47249
774.74,443346.34,5396139.38,-0.91739,0.39800
779.70,443341.69,5396141.19,-0.93349,0.35860
784.69,443337.02,5396142.96,-0.98696,0.16098
789.69,443332.03,5396142.77,-0.99925,-0.03860
794.64,443327.04,5396142.58,-0.99925,-0.03859
799.56,443322.04,5396142.38,-0.99925,-0.03859
804.44,443317.05,5396142.19,-0.99666,-0.08169
809.28,443312.12,5396141.57,-0.98427,-0.17668
814.08,443307.25,5396140.43,-0.97370,-0.22783
818.85,443302.39,5396139.29,-0.97370,-0.22783
823.63,443297.52,5396138.16,-0.97370,-0.22783
828.40,443292.65,5396137.02,-0.97370,-0.22782
833.19,443287.79,5396135.88,-0.97370,-0.22782
837.97,443282.92,5396134.74,-0.97370,-0.22782
842.77,443278.06,5396133.60,-0.97370,-0.22782
847.56,443273.19,5396132.46,-0.97370,-0.22782
852.36,443268.32,5396131.32,-0.97370,-0.22782
857.17,443263.46,5396130.19,-0.97370,-0.22782
861.98,443258.59,5396129.05,-0.97370,-0.22782
866.80,443253.73,5396127.91,-0.97370,-0.22782
871.65,443248.86,5396126.77,-0.97370,-0.22782
876.51,443244.00,5396125.63,-0.97370,-0.22782
881.38,443239.13,5396124.49,-0.98638,-0.16448
886.28,443234.19,5396124.00,-0.98959,-0.14389
891.21,443229.31,5396123.07,-0.97748,-0.21102
896.16,443224.45,5396121.89,-0.98866,-0.15014
901.14,443219.47,5396121.57,-0.99800,-0.06320
906.13,443214.48,5396121.26,-0.99810,-0.06167
911.13,443209.49,5396120.95,-0.99999,0.00497
916.12,443204.52,5396121.31,-0.99675,0.08053
921.09,443199.54,5396121.76,-0.99514,0.09851
926.06,443194.59,5396122.30,-0.97565,0.21934
931.03,443189.86,5396123.93,-0.96994,0.24333
936.00,443184.96,5396124.71,-0.99342,0.11449
940.99,443179.98,5396125.07,-0.99734,0.07295
945.99,443175.00,5396125.44,-0.99734,0.07295
950.99,443170.02,5396125.80,-0.99734,0.07295
955.99,443165.04,5396126.17,-0.99734,0.07295
960.99,443160.05,5396126.53,-0.99734,0.07295
965.95,443155.07,5396126.90,-0.99966,0.02624
970.85,443150.09,5396126.79,-0.99863,-0.05237
975.64,443145.11,5396126.37,-0.98248,-0.18637
980.29,443140.76,5396125.02,-0.75140,-0.65984
984.76,443138.48,5396120.55,-0.45362,-0.89120
989.03,443136.20,5396116.07,-0.39977,-0.91662
993.07,443134.51,5396111.45,-0.17750,-0.98412
996.84,443134.46,5396106.42,0.11660,-0.99318
1000.56,443135.67,5396101.57,0.38911,-0.92119
1004.27,443138.28,5396097.37,0.62934,-0.77713
1007.99,443141.89,5396093.89,0.75628,-0.65425
1011.71,443145.84,5396090.83,0.81283,-0.58250
1015.42,443150.00,5396088.08,0.90306,-0.42952
1019.14,443154.77,5396086.59,0.97420,-0.22567
1022.85,443159.66,5396085.84,0.99680,-0.08000
1026.57,443164.65,5396085.79,0.99919,0.04024
1030.28,443169.61,5396086.24,0.99483,0.10152
1034.00,443174.56,5396086.80,0.99790,0.06477
1037.72,443179.54,5396086.89,0.98629,0.16501
1041.43,443184.29,5396088.43,0.96422,0.26509
1045.15,443189.16,5396089.53,0.97968,0.20055
1048.91,443194.07,5396090.43,0.98362,0.18025
1052.74,443198.99,5396091.33,0.98362,0.18025
1056.60,443203.90,5396092.23,0.98362,0.18025
1060.48,443208.82,5396093.14,0.98362,0.18025
1064.39,443213.73,5396094.04,0.98362,0.18025
1068.32,443218.65,5396094.94,0.98362,0.18025
1072.27,443223.56,5396095.84,0.98362,0.18026
1076.24,443228.48,5396096.74,0.98362,0.18026
1080.24,443233.39,5396097.64,0.98362,0.18026
1084.26,443238.31,5396098.54,0.98362,0.18026
1088.29,443243.22,5396099.44,0.98362,0.18026
1092.35,443248.14,5396100.34,0.98362,0.18026
1096.43,443253.05,5396101.24,0.98362,0.18026
1100.55,443257.96,5396102.14,0.98362,0.18026
1104.71,443262.88,5396103.04,0.98362,0.18026
1108.92,443267.79,5396103.94,0.98445,0.17564
1113.18,443272.72,5396104.80,0.98972,0.14301
1117.50,443277.68,5396105.37,0.99338,0.11490
1121.86,443282.64,5396105.95,0.99338,0.11490
1126.28,443287.60,5396106.52,0.99338,0.11491
1130.77,443292.57,5396107.09,0.99338,0.11491
1135.37,443297.53,5396107.67,0.99788,0.06504
1140.10,443302.52,5396107.74,1.00000,0.00241
1144.96,443307.51,5396107.69,0.99825,-0.05917
1149.91,443312.46,5396107.15,0.98617,-0.16574
1154.90,443317.32,5396106.04,0.95590,-0.29369
1159.90,443321.98,5396104.23,0.90146,-0.43287
1164.86,443326.31,5396101.73,0.82808,-0.56061
1169.74,443330.22,5396098.65,0.72958,-0.68390
1174.51,443333.56,5396094.93,0.60976,-0.79259
1179.14,443336.30,5396090.75,0.50391,-0.86375
1183.64,443338.60,5396086.29,0.45892,-0.88848
1188.08,443340.91,5396081.83,0.43052,-0.90258
1192.48,443342.92,5396077.23,0.40140,-0.91590
1196.88,443344.94,5396072.63,0.40112,-0.91603
1201.27,443346.95,5396068.03,0.40112,-0.91603
1205.65,443348.97,5396063.43,0.40112,-0.91603
1210.04,443350.98,5396058.83,0.40112,-0.91603
1214.44,443353.00,5396054.22,0.35907,-0.93331
1218.85,443354.56,5396049.53,0.35954,-0.93313
1223.29,443356.58,5396044.93,0.40204,-0.91562
1227.80,443358.60,5396040.33,0.40204,-0.91562
1232.37,443360.62,5396035.73,0.40204,-0.91562
1237.02,443362.64,5396031.14,0.42827,-0.90365
1241.73,443364.91,5396026.68,0.49954,-0.86629
1246.54,443367.64,5396022.46,0.53115,-0.84728
1251.42,443370.24,5396018.18,0.52612,-0.85041
1256.34,443372.86,5396014.02,0.61639,-0.78744
1261.30,443376.32,5396010.40,0.68412,-0.72937
1266.30,443379.71,5396006.71,0.67653,-0.73641
1271.30,443383.11,5396003.02,0.69817,-0.71593
1276.28,443386.69,5395999.56,0.78562,-0.61871
1281.19,443390.91,5395996.87,0.84368,-0.53685
1286.01,443395.13,5395994.19,0.86884,-0.49510
1290.70,443399.54,5395991.95,0.94910,-0.31497
1295.23,443404.44,5395991.10,0.98345,-0.18118
1299.56,443409.33,5395990.15,0.97701,-0.21319
1303.66,443414.18,5395988.97,0.98962,-0.14371
1307.52,443419.16,5395988.72,0.99938,0.03532
1311.23,443424.07,5395989.32,0.98278,0.18476
1314.95,443428.92,5395990.56,0.96878,0.24791
1318.66,443433.76,5395991.80,0.94127,0.33766
1322.38,443438.28,5395993.92,0.90154,0.43270
1326.09,443442.77,5395996.12,0.83255,0.55395
1329.81,443446.53,5395999.41,0.74739,0.66439
1333.53,443450.25,5396002.77,0.74146,0.67100
1337.24,443453.96,5396006.13,0.72375,0.69006
1340.96,443457.49,5396009.68,0.66843,0.74378
1344.67,443460.65,5396013.57,0.62973,0.77681
1348.39,443463.81,5396017.47,0.60860,0.79348
1352.10,443466.75,5396021.53,0.56570,0.82461
1355.82,443469.48,5396025.74,0.54404,0.83906
1359.54,443472.21,5396029.95,0.54404,0.83906
1363.29,443474.94,5396034.16,0.54404,0.83906
1367.14,443477.67,5396038.37,0.54404,0.83906
1371.12,443480.40,5396042.58,0.55226,0.83367
1375.24,443483.21,5396046.73,0.59013,0.80731
1379.49,443486.32,5396050.67,0.66309,0.74854
1383.88,443489.82,5396054.20,0.70174,0.71243
1388.41,443493.32,5396057.79,0.69822,0.71589
1393.03,443496.82,5396061.38,0.72675,0.68690
1397.74,443500.58,5396064.65,0.79251,0.60985
1402.53,443504.73,5396067.46,0.82777,0.56107
1407.41,443508.87,5396070.27,0.82777,0.56107
1412.33,443513.02,5396073.08,0.83656,0.54787
1417.29,443517.23,5396075.74,0.90529,0.42479
1422.28,443521.98,5396077.29,0.93411,0.35698
1427.28,443526.55,5396079.30,0.91563,0.40201
1432.28,443531.12,5396081.30,0.94379,0.33056
1437.27,443535.94,5396082.59,0.96567,0.25978
1442.27,443540.77,5396083.89,0.96567,0.25979
1447.26,443545.60,5396085.19,0.96567,0.25979
1452.25,443550.42,5396086.49,0.96567,0.25979
1457.24,443555.25,5396087.79,0.96567,0.25979
1462.23,443560.07,5396089.09,0.96567,0.25979
1467.21,443564.90,5396090.38,0.96567,0.25979
1472.18,443569.73,5396091.68,0.97578,0.21875
1477.14,443574.64,5396092.57,0.98430,0.17651
1482.11,443579.56,5396093.45,0.98444,0.17572
1487.07,443584.48,5396094.32,0.98444,0.17572
1492.04,443589.40,5396095.20,0.98264,0.18553
1497.02,443594.30,5396096.18,0.97133,0.23774
1501.99,443599.10,5396097.57,0.97068,0.24037
1506.95,443603.98,5396098.58,0.98385,0.17897
1511.90,443608.92,5396099.36,0.98755,0.15731
1516.85,443613.85,5396100.15,0.98755,0.15731
1521.80,443618.78,5396100.93,0.98755,0.15731
1526.75,443623.72,5396101.72,0.98755,0.15731
1531.70,443628.65,5396102.51,0.98755,0.15732
1536.65,443633.59,5396103.29,0.98755,0.15732
1541.60,443638.52,5396104.08,0.98755,0.15732
1546.56,443643.45,5396104.86,0.98755,0.15732
1551.51,443648.39,5396105.65,0.98755,0.15732
1556.47,443653.32,5396106.44,0.98755,0.15732
1561.42,443658.26,5396107.22,0.98755,0.15732
1566.37,443663.19,5396108.01,0.98755,0.15732
1571.31,443668.13,5396108.79,0.98762,0.15687
1576.24,443673.06,5396109.57,0.99203,0.12600
1581.17,443678.03,5396110.05,0.99543,0.09546
1586.08,443683.01,5396110.53,0.99543,0.09547
1591.00,443687.98,5396111.01,0.99543,0.09547
1595.92,443692.95,5396111.48,0.99543,0.09547
1600.85,443697.93,5396111.96,0.99543,0.09547
1605.79,443702.90,5396112.44,0.99543,0.09547
1610.73,443707.87,5396112.91,0.99543,0.09547
1615.67,443712.84,5396113.39,0.98345,0.18118
1620.61,443717.58,5396114.70,0.98751,0.15754
1625.55,443722.57,5396114.94,0.99885,0.04800
1630.49,443727.56,5396115.18,0.99885,0.04801
1635.42,443732.55,5396115.42,0.98855,0.15087
1640.36,443737.00,5396116.62,0.98612,0.16601
1645.29,443741.95,5396117.00,0.99764,0.06867
1650.20,443746.93,5396117.31,0.99816,0.06065
1655.11,443751.92,5396117.61,0.99816,0.06065
1660.02,443756.91,5396117.91,0.99816,0.06065
1664.93,443761.89,5396118.22,0.99816,0.06065
1669.84,443766.88,5396118.52,0.99816,0.06065
1674.75,443771.86,5396118.82,0.99816,0.06066
1679.64,443776.85,5396119.12,0.99816,0.06066
1684.53,443781.84,5396119.43,0.99912,0.04187
1689.40,443786.83,5396119.54,0.99998,0.00652
1694.26,443791.82,5396119.49,0.99995,-0.01002
1699.12,443796.82,5396119.44,0.99995,-0.01002
1703.97,443801.81,5396119.39,0.99995,-0.01002
1708.83,443806.81,5396119.34,0.99995,-0.01002
1713.70,443811.80,5396119.29,0.99995,-0.01002
1718.56,443816.80,5396119.24,0.99995,-0.01002
1723.43,443821.79,5396119.19,0.99995,-0.01002
1728.30,443826.79,5396119.14,0.99995,-0.01002
1733.17,443831.78,5396119.09,0.99995,-0.01001
1738.01,443836.78,5396119.04,0.99995,-0.01001
1742.82,443841.78,5396118.99,0.99994,-0.01117
1747.59,443846.77,5396118.93,0.99620,-0.08713
1752.31,443851.70,5396118.12,0.98688,-0.16143
1757.01,443856.63,5396117.32,0.98688,-0.16142
1761.70,443861.56,5396116.51,0.98689,-0.16142
1766.39,443866.49,5396115.70,0.98689,-0.16142
1771.10,443871.42,5396114.90,0.98689,-0.16142
1775.81,443876.35,5396114.09,0.98689,-0.16142
1780.50,443881.28,5396113.29,0.98689,-0.16142
1785.15,443886.21,5396112.48,0.98689,-0.16142
1789.71,443891.14,5396111.67,0.98689,-0.16142
1794.17,443896.08,5396110.87,0.96610,-0.25815
1798.50,443900.72,5396109.11,0.92262,-0.38572
1802.68,443905.26,5396107.02,0.90855,-0.41777
1806.74,443909.81,5396104.93,0.90855,-0.41777
1810.70,443914.35,5396102.85,0.88954,-0.45686
1814.46,443918.67,5396100.38,0.83213,-0.55458
1818.17,443922.64,5396097.32,0.83931,-0.54365
1821.89,443927.04,5396094.96,0.77711,-0.62936
1825.60,443930.25,5396091.16,0.63312,-0.77406
1829.32,443933.37,5396087.22,0.58090,-0.81398
1833.03,443936.05,5396083.04,0.46036,-0.88773
1836.75,443937.95,5396078.39,0.37887,-0.92545
1840.47,443939.85,5396073.74,0.31070,-0.95051
1844.18,443941.06,5396068.88,0.21279,-0.97710
1847.90,443941.99,5396063.94,0.14024,-0.99012
1851.61,443942.46,5396058.96,0.04247,-0.99910
1855.33,443942.41,5396053.93,-0.04983,-0.99876
1859.04,443941.97,5396048.97,-0.20882,-0.97795
1862.76,443940.34,5396044.22,-0.32360,-0.94620
1866.48,443938.71,5396039.46,-0.37296,-0.92785
1870.19,443936.60,5396034.91,-0.42535,-0.90503
1873.91,443934.44,5396030.37,-0.46189,-0.88694
1877.62,443931.97,5396026.02,-0.52748,-0.84957
1881.34,443929.16,5396021.86,-0.57281,-0.81969
1885.05,443926.24,5396017.82,-0.64766,-0.76193
1888.77,443922.76,5396014.34,-0.60357,-0.79731
1892.49,443920.30,5396009.97,-0.60956,-0.79274
1896.21,443916.87,5396006.67,-0.69115,-0.72271
1899.95,443913.55,5396002.91,-0.66190,-0.74960
1903.72,443910.23,5395999.16,-0.66190,-0.74960
1907.53,443906.91,5395995.40,-0.62289,-0.78231
1911.35,443903.99,5395991.32,-0.62665,-0.77930
1915.17,443900.64,5395987.60,-0.66908,-0.74319
1918.98,443897.28,5395983.87,-0.66908,-0.74319
1922.80,443893.93,5395980.15,-0.66908,-0.74319
1926.63,443890.58,5395976.42,-0.66908,-0.74319
1930.46,443887.22,5395972.69,-0.66908,-0.74319
1934.29,443883.87,5395968.97,-0.66908,-0.74319
1938.16,443880.51,5395965.24,-0.70609,-0.70813
1942.07,443876.95,5395962.03,-0.70153,-0.71264
1946.02,443873.65,5395958.27,-0.65971,-0.75152
1950.03,443870.34,5395954.50,-0.65971,-0.75152
1954.10,443867.03,5395950.73,-0.65972,-0.75152
1958.22,443863.72,5395946.96,-0.65972,-0.75152
1962.39,443860.41,5395943.19,-0.64091,-0.76761
1966.61,443857.30,5395939.26,-0.62154,-0.78338
1970.85,443854.18,5395935.33,-0.62135,-0.78353
1975.13,443851.06,5395931.40,-0.62136,-0.78353
1979.46,443847.95,5395927.47,-0.62136,-0.78353
1983.85,443844.83,5395923.54,-0.62136,-0.78353
1988.31,443841.71,5395919.61,-0.59689,-0.80232
1992.87,443838.85,5395915.50,-0.54968,-0.83538
1997.52,443836.20,5395911.24,-0.52718,-0.84975
2002.26,443833.56,5395906.97,-0.49813,-0.86710
2007.09,443831.21,5395902.55,-0.42779,-0.90388
2012.00,443829.27,5395897.92,-0.38642,-0.92232
2016.96,443827.33,5395893.29,-0.35065,-0.93651
2021.95,443825.76,5395888.54,-0.23528,-0.97193
2026.95,443824.98,5395883.58,-0.14315,-0.98970
2031.92,443824.32,5395878.60,-0.10348,-0.99463
2036.81,443823.94,5395873.58,-0.06201,-0.99808
2041.60,443823.70,5395868.58,0.08922,-0.99601
2046.25,443824.83,5395863.68,0.22421,-0.97454
2050.72,443825.95,5395858.78,0.30036,-0.95382
2054.98,443827.82,5395854.17,0.42126,-0.90694
2059.02,443830.16,5395849.73,0.41342,-0.91054
2062.80,443831.97,5395845.04,0.49702,-0.86774
2066.52,443835.08,5395841.14,0.63910,-0.76912
2070.23,443838.36,5395837.35,0.67908,-0.73406
2073.95,443841.85,5395833.82,0.76026,-0.64962
2077.67,443845.90,5395830.91,0.79392,-0.60802
2081.38,443849.77,5395827.76,0.80813,-0.58901
2085.10,443853.97,5395825.03,0.83829,-0.54523
2088.81,443858.16,5395822.30,0.84071,-0.54148
2092.53,443862.38,5395819.61,0.87677,-0.48090
2096.24,443866.91,5395817.50,0.93277,-0.36046
2099.96,443871.63,5395816.03,0.97639,-0.21603
2103.71,443876.58,5395815.36,0.97112,-0.23859
2107.60,443881.23,5395813.67,0.92087,-0.38986
2111.63,443885.73,5395811.49,0.89927,-0.43739
2115.77,443890.23,5395809.30,0.89927,-0.43739
2119.93,443894.73,5395807.11,0.89927,-0.43739
2124.12,443899.22,5395804.92,0.89927,-0.43739
2128.36,443903.72,5395802.74,0.89927,-0.43739
2132.65,443908.22,5395800.55,0.89927,-0.43739
2137.02,443912.72,5395798.36,0.89036,-0.45526
2141.44,443917.12,5395796.00,0.86418,-0.50318
2145.93,443921.35,5395793.33,0.84628,-0.53274
2150.45,443925.59,5395790.67,0.84628,-0.53274
2154.99,443929.82,5395788.00,0.84628,-0.53274
2159.54,443934.06,5395785.33,0.84628,-0.53273
2164.11,443938.29,5395782.67,0.84628,-0.53273
2168.70,443942.53,5395780.00,0.84628,-0.53273
2173.36,443946.77,5395777.33,0.84628,-0.53273
2178.09,443951.00,5395774.67,0.84374,-0.53675
2182.86,443955.21,5395771.96,0.78152,-0.62388
2187.68,443958.78,5395768.46,0.71385,-0.70030
2192.55,443962.36,5395764.95,0.76866,-0.63966
2197.45,443966.42,5395762.10,0.78560,-0.61873
2202.38,443970.18,5395758.79,0.70906,-0.70515
2207.33,443973.52,5395755.04,0.66299,-0.74863
2212.32,443976.83,5395751.28,0.66073,-0.75062
2217.32,443980.14,5395747.52,0.66073,-0.75062
2222.32,443983.45,5395743.75,0.58617,-0.81019
2227.28,443985.98,5395739.45,0.48261,-0.87584
2232.17,443988.29,5395734.99,0.44570,-0.89518
2236.95,443990.45,5395730.46,0.38680,-0.92217
2241.59,443992.16,5395725.75,0.23214,-0.97268
2246.06,443992.77,5395720.76,0.05779,-0.99833
2250.31,443992.74,5395715.73,-0.03279,-0.99946
2254.33,443992.44,5395710.74,-0.15905,-0.98727
2258.11,443991.15,5395705.88,-0.25633,-0.96659
2261.82,443989.86,5395701.02,-0.27241,-0.96218
2265.54,443988.42,5395696.22,-0.34048,-0.94025
2269.26,443986.45,5395691.60,-0.46550,-0.88505
2272.97,443983.83,5395687.50,-0.59865,-0.80101
2276.69,443980.55,5395683.71,-0.64947,-0.76039
2280.40,443977.32,5395679.88,-0.64507,-0.76412
2284.12,443974.08,5395676.04,-0.71488,-0.69924
2287.83,443970.25,5395672.96,-0.83714,-0.54698
2291.55,443965.82,5395670.64,-0.88598,-0.46372
2295.27,443961.39,5395668.32,-0.88598,-0.46371
2298.98,443956.96,5395666.00,-0.88599,-0.46371
2302.70,443952.52,5395663.68,-0.89016,-0.45566
2306.41,443948.05,5395661.45,-0.90252,-0.43065
2310.13,443943.50,5395659.38,-0.91046,-0.41359
2313.85,443938.94,5395657.31,-0.91046,-0.41359
2317.59,443934.39,5395655.24,-0.91046,-0.41359
2321.36,443929.84,5395653.17,-0.91046,-0.41359
2325.16,443925.28,5395651.10,-0.91046,-0.41359
2328.98,443920.73,5395649.03,-0.91046,-0.41359
2332.82,443916.18,5395646.97,-0.91047,-0.41359
2336.69,443911.62,5395644.90,-0.91047,-0.41359
2340.58,443907.07,5395642.83,-0.91047,-0.41358
2344.47,443902.51,5395640.76,-0.91047,-0.41358
2348.35,443897.96,5395638.69,-0.91047,-0.41358
2352.24,443893.41,5395636.62,-0.91458,-0.40440
2356.16,443888.82,5395634.65,-0.93586,-0.35236
2360.13,443884.06,5395633.10,-0.93242,-0.36137
2364.16,443879.51,5395631.04,-0.90428,-0.42693
2368.27,443875.02,5395628.84,-0.89756,-0.44088
2372.42,443870.53,5395626.63,-0.89756,-0.44088
2376.57,443866.04,5395624.43,-0.89756,-0.44088
2380.71,443861.55,5395622.22,-0.89756,-0.44088
2384.82,443857.06,5395620.02,-0.89757,-0.44088
2388.94,443852.57,5395617.81,-0.92550,-0.37875
2393.06,443847.84,5395616.24,-0.93185,-0.36284
2397.19,443843.28,5395614.19,-0.91212,-0.40992
2401.37,443838.72,5395612.14,-0.91212,-0.40992
2405.58,443834.15,5395610.09,-0.91212,-0.40992
2409.80,443829.59,5395608.04,-0.91212,-0.40992
2414.05,443825.03,5395605.99,-0.91212,-0.40992
2418.30,443820.47,5395603.94,-0.91212,-0.40992
2422.58,443815.91,5395601.89,-0.91212,-0.40991
2426.87,443811.34,5395599.84,-0.91212,-0.40991
2431.18,443806.78,5395597.79,-0.91212,-0.40991
2435.50,443802.22,5395595.74,-0.91213,-0.40991
2439.83,443797.66,5395593.69,-0.91213,-0.40991
2444.18,443793.10,5395591.64,-0.91213,-0.40991
2448.54,443788.53,5395589.59,-0.91213,-0.40991
2452.92,443783.97,5395587.54,-0.91213,-0.40991
2457.31,443779.41,5395585.49,-0.91213,-0.40991
2461.72,443774.85,5395583.44,-0.91213,-0.40991
2466.13,443770.29,5395581.39,-0.91213,-0.40991
2470.56,443765.72,5395579.34,-0.91213,-0.40991
2475.01,443761.16,5395577.29,-0.91213,-0.40990
2479.46,443756.60,5395575.24,-0.91213,-0.40990
2483.93,443752.04,5395573.19,-0.91213,-0.40990
2488.40,443747.48,5395571.14,-0.91213,-0.40990
2492.89,443742.91,5395569.09,-0.91213,-0.40990
2497.39,443738.35,5395567.04,-0.91213,-0.40990
2501.90,443733.79,5395564.99,-0.91213,-0.40990
2506.42,443729.23,5395562.94,-0.91213,-0.40990
2510.96,443724.67,5395560.89,-0.91213,-0.40990
2515.50,443720.10,5395558.84,-0.91213,-0.40990
2520.05,443715.54,5395556.79,-0.91213,-0.40990
2524.63,443710.98,5395554.74,-0.91213,-0.40989
2529.24,443706.42,5395552.69,-0.91213,-0.40989
2533.90,443701.86,5395550.64,-0.90825,-0.41844
2538.59,443697.33,5395548.50,-0.88876,-0.45838
2543.32,443692.97,5395546.05,-0.87216,-0.48921
2548.07,443688.61,5395543.61,-0.87216,-0.48921
2552.83,443684.24,5395541.16,-0.87217,-0.48921
2557.60,443679.88,5395538.71,-0.87217,-0.48921
2562.36,443675.51,5395536.26,-0.87217,-0.48921
2567.12,443671.15,5395533.81,-0.87217,-0.48921
2571.88,443666.79,5395531.37,-0.87217,-0.48921
2576.66,443662.42,5395528.92,-0.89488,-0.44630
2581.45,443657.86,5395526.91,-0.88751,-0.46079
2586.28,443653.57,5395524.32,-0.85585,-0.51723
2591.14,443649.29,5395521.74,-0.85585,-0.51723
2596.02,443645.01,5395519.15,-0.84843,-0.52930
2600.90,443640.80,5395516.44,-0.82280,-0.56834
2605.79,443636.78,5395513.46,-0.81787,-0.57541
2610.69,443632.62,5395510.68,-0.84652,-0.53236
2615.61,443628.31,5395508.14,-0.86098,-0.50864
2620.53,443624.00,5395505.59,-0.83002,-0.55774
2625.47,443620.02,5395502.57,-0.79171,-0.61090
2630.42,443616.08,5395499.48,-0.78713,-0.61679
2635.37,443612.13,5395496.39,-0.81614,-0.57786
2640.33,443608.02,5395493.78,-0.81822,-0.57491
2645.28,443604.06,5395490.71,-0.79149,-0.61118
2650.25,443600.10,5395487.65,-0.79150,-0.61118
2655.22,443596.13,5395484.59,-0.79150,-0.61117
2660.18,443592.17,5395481.53,-0.79150,-0.61117
2665.16,443588.20,5395478.47,-0.79150,-0.61117
2670.13,443584.24,5395475.41,-0.79150,-0.61117
2675.12,443580.28,5395472.35,-0.79150,-0.61117
2680.11,443576.31,5395469.29,-0.76418,-0.64501
2685.11,443572.63,5395465.89,-0.73341,-0.67978
2690.11,443568.96,5395462.48,-0.73140,-0.68195
2695.11,443565.30,5395459.06,-0.73140,-0.68195
2700.11,443561.63,5395455.64,-0.73140,-0.68195
2705.11,443557.97,5395452.22,-0.71601,-0.69809
2710.10,443554.46,5395448.65,-0.68170,-0.73163
2715.09,443551.14,5395444.89,-0.66273,-0.74886
2720.08,443547.81,5395441.14,-0.66273,-0.74886
2725.06,443544.49,5395437.38,-0.66273,-0.74886
2730.05,443541.17,5395433.63,-0.66273,-0.74886
2735.03,443537.85,5395429.87,-0.66273,-0.74885
2740.02,443534.52,5395426.12,-0.66273,-0.74885
2744.99,443531.20,5395422.36,-0.66274,-0.74885
2749.94,443527.88,5395418.61,-0.66290,-0.74871
2754.86,443524.59,5395414.90,-0.61261,-0.79039
2759.72,443521.78,5395410.75,-0.54778,-0.83662
2764.51,443519.10,5395406.52,-0.48208,-0.87613
2769.26,443516.96,5395401.98,-0.42733,-0.90410
2773.99,443514.81,5395397.43,-0.42733,-0.90410
2778.70,443512.66,5395392.89,-0.42733,-0.90410
2783.39,443510.52,5395388.35,-0.42733,-0.90410
2788.04,443508.37,5395383.81,-0.42915,-0.90323
2792.61,443506.22,5395379.30,-0.37782,-0.92588
2797.09,443504.59,5395374.55,-0.32370,-0.94616
2801.49,443502.96,5395369.79,-0.26307,-0.96478
2805.80,443501.95,5395364.87,-0.20118,-0.97956
2810.04,443500.94,5395359.95,-0.20094,-0.97960
2814.23,443499.93,5395355.02,-0.19245,-0.98131
2818.35,443499.01,5395350.08,-0.14105,-0.99000
2822.35,443498.51,5395345.08,-0.09793,-0.99519
2826.21,443498.02,5395340.08,-0.09793,-0.99519
2829.96,443497.53,5395335.07,-0.01374,-0.99991
2833.67,443497.88,5395330.07,0.08711,-0.99620
2837.39,443498.40,5395325.07,0.10336,-0.99464
2841.10,443498.92,5395320.07,0.10336,-0.99464
2844.82,443499.44,5395315.07,0.10336,-0.99464
2848.53,443499.96,5395310.07,0.10336,-0.99464
2852.25,443500.48,5395305.07,0.13974,-0.99019
2855.97,443501.36,5395300.14,0.23405,-0.97222
2859.68,443502.83,5395295.33,0.29096,-0.95673
2863.40,443504.29,5395290.52,0.29096,-0.95673
2867.11,443505.75,5395285.72,0.29096,-0.95673
2870.83,443507.21,5395280.91,0.32880,-0.94440
2874.54,443509.05,5395276.25,0.40124,-0.91597
2878.26,443511.23,5395271.73,0.47996,-0.87729
2881.98,443513.85,5395267.47,0.55988,-0.82858
2885.69,443516.84,5395263.44,0.54998,-0.83518
2889.41,443519.35,5395259.12,0.46951,-0.88293
2893.12,443521.54,5395254.60,0.49263,-0.87024
2896.84,443524.27,5395250.42,0.58155,-0.81351
2900.55,443527.35,5395246.46,0.61401,-0.78930
2904.27,443530.43,5395242.50,0.61401,-0.78930
2907.99,443533.51,5395238.54,0.62995,-0.77664
2911.70,443536.74,5395234.72,0.67192,-0.74062
2915.42,443540.24,5395231.13,0.69736,-0.71673
2919.13,443543.74,5395227.54,0.70961,-0.70459
2922.85,443547.35,5395224.07,0.75785,-0.65242
2926.56,443551.31,5395221.02,0.79179,-0.61079
2930.28,443555.28,5395217.96,0.80938,-0.58728
2934.00,443559.41,5395215.14,0.83451,-0.55100
2937.71,443563.63,5395212.44,0.84254,-0.53863
2941.43,443567.84,5395209.75,0.84254,-0.53863
2945.14,443572.06,5395207.05,0.84254,-0.53863
2948.86,443576.28,5395204.36,0.86065,-0.50919
2952.57,443580.66,5395201.96,0.88699,-0.46179
2956.29,443585.14,5395199.74,0.89587,-0.44432
2960.01,443589.62,5395197.52,0.89587,-0.44432
2963.72,443594.11,5395195.29,0.90988,-0.41488
2967.44,443598.71,5395193.37,0.93275,-0.36053
2971.15,443603.42,5395191.69,0.94189,-0.33592
2974.87,443608.13,5395190.01,0.94189,-0.33592
2978.58,443612.84,5395188.33,0.94189,-0.33592
2982.30,443617.55,5395186.65,0.94391,-0.33020
2986.02,443622.28,5395185.03,0.96142,-0.27509
2989.73,443627.15,5395183.91,0.97436,-0.22498
2993.45,443632.02,5395182.78,0.97436,-0.22498
2997.17,443636.88,5395181.66,0.97436,-0.22498
3000.90,443641.75,5395180.54,0.97436,-0.22498
3004.62,443646.62,5395179.41,0.97436,-0.22498
3008.33,443651.49,5395178.29,0.97436,-0.22498
3012.06,443656.36,5395177.16,0.98938,-0.14535
3015.80,443661.33,5395176.84,0.99078,-0.13547
3019.59,443666.22,5395175.81,0.97865,-0.20553
3023.44,443671.11,5395174.79,0.97865,-0.20553
3027.34,443676.00,5395173.76,0.97865,-0.20553
3031.26,443680.89,5395172.73,0.97865,-0.20553
3035.23,443685.78,5395171.71,0.97865,-0.20553
3039.25,443690.67,5395170.68,0.97865,-0.20553
3043.30,443695.56,5395169.65,0.97687,-0.21385
3047.35,443700.43,5395168.54,0.96541,-0.26073
3051.40,443705.20,5395167.05,0.96656,-0.25643
3055.43,443710.08,5395165.98,0.98200,-0.18889
3059.46,443715.01,5395165.16,0.98641,-0.16433
3063.52,443719.93,5395164.34,0.98641,-0.16433
3067.66,443724.86,5395163.52,0.98330,-0.18198
3071.88,443729.75,5395162.52,0.97144,-0.23728
3076.17,443734.56,5395161.15,0.96157,-0.27456
3080.50,443739.37,5395159.78,0.96157,-0.27456
3084.86,443744.17,5395158.41,0.96157,-0.27455
3089.24,443748.98,5395157.04,0.96157,-0.27455
3093.63,443753.79,5395155.66,0.96157,-0.27455
3098.03,443758.59,5395154.29,0.96157,-0.27455
3102.44,443763.40,5395152.92,0.96157,-0.27455
3106.88,443768.20,5395151.55,0.96157,-0.27455
3111.35,443773.01,5395150.17,0.96157,-0.27455
3115.87,443777.82,5395148.80,0.96157,-0.27455
3120.42,443782.62,5395147.43,0.95151,-0.30763
3124.99,443787.32,5395145.73,0.93082,-0.36547
3129.60,443791.92,5395143.78,0.94654,-0.32259
3134.24,443796.74,5395142.52,0.95587,-0.29380
3138.89,443801.45,5395140.85,0.93616,-0.35158
3143.57,443806.09,5395139.01,0.92944,-0.36898
3148.27,443810.74,5395137.16,0.92944,-0.36897
3152.99,443815.39,5395135.32,0.92944,-0.36897
3157.71,443820.04,5395133.47,0.92944,-0.36897
3162.44,443824.68,5395131.63,0.92944,-0.36897
3167.17,443829.33,5395129.78,0.92944,-0.36897
3171.91,443833.98,5395127.94,0.92944,-0.36897
3176.65,443838.63,5395126.09,0.92944,-0.36897
3181.40,443843.27,5395124.25,0.92944,-0.36897
3186.16,443847.92,5395122.40,0.92944,-0.36897
3190.92,443852.57,5395120.56,0.92944,-0.36897
3195.70,443857.22,5395118.71,0.92944,-0.36897
3200.50,443861.87,5395116.87,0.92944,-0.36897
3205.32,443866.51,5395115.02,0.92485,-0.38033
3210.16,443871.11,5395113.06,0.90885,-0.41713
3215.01,443875.60,5395110.85,0.89688,-0.44227
3219.86,443880.08,5395108.64,0.89688,-0.44227
3224.72,443884.57,5395106.43,0.92443,-0.38136
3229.57,443889.22,5395104.87,0.92647,-0.37636
3234.44,443893.73,5395102.71,0.90156,-0.43266
3239.32,443898.24,5395100.54,0.90156,-0.43266
3244.20,443902.75,5395098.38,0.90156,-0.43266
3249.07,443907.26,5395096.21,0.90156,-0.43266
3253.95,443911.76,5395094.05,0.90156,-0.43266
3258.84,443916.27,5395091.89,0.93272,-0.36061
3263.73,443920.91,5395090.51,0.90948,-0.41575
3268.62,443925.11,5395087.85,0.87601,-0.48229
3273.52,443929.64,5395085.71,0.90432,-0.42684
3278.42,443934.16,5395083.58,0.90433,-0.42684
3283.33,443938.68,5395081.44,0.92377,-0.38295
3288.25,443943.38,5395079.75,0.91251,-0.40905
3293.20,443947.77,5395077.37,0.87511,-0.48393
3298.17,443952.13,5395074.91,0.87158,-0.49026
3303.15,443956.49,5395072.46,0.86602,-0.50001
3308.14,443960.79,5395069.91,0.84157,-0.54015
3313.14,443964.91,5395067.06,0.82173,-0.56987
3318.14,443969.02,5395064.21,0.82173,-0.56987
3323.14,443973.13,5395061.35,0.82173,-0.56987
3328.13,443977.25,5395058.50,0.82174,-0.56987
3333.13,443981.36,5395055.65,0.82174,-0.56987
3338.13,443985.48,5395052.79,0.82174,-0.56987
3343.13,443989.59,5395049.94,0.82174,-0.56987
3348.13,443993.70,5395047.09,0.82174,-0.56987
3353.13,443997.82,5395044.24,0.82174,-0.56987
3358.13,444001.93,5395041.38,0.82174,-0.56986
3363.13,444006.05,5395038.53,0.82174,-0.56986
3368.12,444010.16,5395035.68,0.79633,-0.60487
3373.12,444014.01,5395032.48,0.76896,-0.63930
3378.11,444017.86,5395029.27,0.76848,-0.63987
3383.10,444021.71,5395026.07,0.76849,-0.63987
3388.09,444025.56,5395022.86,0.76849,-0.63987
3393.08,444029.41,5395019.66,0.76849,-0.63987
3398.08,444033.26,5395016.45,0.76849,-0.63987
3403.07,444037.11,5395013.25,0.76849,-0.63986
3408.07,444040.96,5395010.04,0.76849,-0.63986
3413.06,444044.81,5395006.84,0.77970,-0.62616
3418.06,444048.77,5395003.77,0.80120,-0.59839
3423.06,444052.83,5395000.85,0.81149,-0.58436
3428.06,444056.89,5394997.92,0.81149,-0.58436
3433.06,444060.96,5394995.00,0.81149,-0.58436
3438.05,444065.02,5394992.07,0.81466,-0.57994
3443.03,444069.11,5394989.19,0.84226,-0.53907
3448.01,444073.44,5394986.68,0.88701,-0.46176
3452.98,444077.96,5394984.58,0.87604,-0.48225
3457.93,444082.17,5394981.87,0.84238,-0.53888
3462.87,444086.39,5394979.19,0.87335,-0.48709
3467.77,444090.89,5394977.01,0.89998,-0.43594
3472.62,444095.40,5394974.83,0.91526,-0.40287
3477.43,444100.03,5394972.99,0.94540,-0.32592
3482.19,444104.82,5394971.58,0.95937,-0.28213
3486.91,444109.62,5394970.17,0.95938,-0.28213
3491.61,444114.42,5394968.76,0.95938,-0.28213
3496.26,444119.21,5394967.35,0.96598,-0.25860
3500.84,444124.06,5394966.17,0.97658,-0.21516
3505.33,444128.97,5394965.20,0.98308,-0.18320
3509.73,444133.88,5394964.34,0.99488,-0.10109
3514.07,444138.88,5394964.19,0.99953,-0.03079
3518.37,444143.87,5394964.04,0.99953,-0.03079
3522.66,444148.86,5394963.88,0.99953,-0.03079
3526.97,444153.86,5394963.73,0.99953,-0.03079
3531.30,444158.85,5394963.57,0.99953,-0.03078
3535.64,444163.85,5394963.42,0.99953,-0.03078
3539.99,444168.84,5394963.27,0.99953,-0.03078
3544.36,444173.83,5394963.11,0.99953,-0.03078
3548.74,444178.83,5394962.96,0.99953,-0.03078
3553.13,444183.82,5394962.81,0.99953,-0.03078
3557.54,444188.82,5394962.65,0.99953,-0.03078
3561.96,444193.81,5394962.50,0.99953,-0.03078
3566.39,444198.80,5394962.34,0.99953,-0.03078
3570.84,444203.80,5394962.19,0.99953,-0.03078
3575.29,444208.79,5394962.04,0.99953,-0.03078
3579.76,444213.79,5394961.88,0.99953,-0.03077
3584.24,444218.78,5394961.73,0.99953,-0.03077
3588.76,444223.77,5394961.58,0.99953,-0.03077
3593.34,444228.77,5394961.42,0.99953,-0.03077
3597.97,444233.76,5394961.27,0.99953,-0.03077
3602.64,444238.76,5394961.11,0.98980,-0.14248
3607.38,444243.54,5394959.86,0.98437,-0.17613
3612.18,444248.51,5394959.37,0.99515,-0.09842
3617.02,444253.48,5394958.88,0.98680,-0.16191
3621.90,444258.33,5394957.76,0.96603,-0.25842
3626.82,444263.11,5394956.30,0.95661,-0.29139
3631.75,444267.89,5394954.84,0.95661,-0.29138
3636.71,444272.68,5394953.39,0.95661,-0.29138
3641.69,444277.46,5394951.93,0.95396,-0.29993
3646.69,444282.21,5394950.39,0.93066,-0.36588
3651.69,444286.74,5394948.28,0.89613,-0.44379
3656.69,444291.17,5394945.95,0.87408,-0.48579
3661.67,444295.48,5394943.42,0.86264,-0.50581
3666.65,444299.80,5394940.89,0.86264,-0.50581
3671.61,444304.12,5394938.36,0.86264,-0.50581
3676.54,444308.43,5394935.83,0.83053,-0.55698
3681.46,444312.40,5394932.81,0.76998,-0.63807
3686.36,444316.12,5394929.46,0.75300,-0.65802
3691.26,444319.94,5394926.22,0.78912,-0.61423
3696.15,444324.01,5394923.32,0.81455,-0.58010
3701.04,444328.09,5394920.41,0.78700,-0.61695
3705.92,444331.89,5394917.14,0.75521,-0.65548
3710.79,444335.66,5394913.84,0.75262,-0.65845
3715.65,444339.43,5394910.55,0.75262,-0.65845
3720.51,444343.20,5394907.25,0.75262,-0.65845
3725.37,444346.97,5394903.95,0.75262,-0.65845
3730.24,444350.74,5394900.65,0.75262,-0.65845
3735.11,444354.51,5394897.35,0.75263,-0.65845
3739.99,444358.28,5394894.05,0.75263,-0.65845
3744.87,444362.05,5394890.75,0.75263,-0.65845
3749.75,444365.82,5394887.46,0.75263,-0.65845
3754.62,444369.59,5394884.16,0.75263,-0.65845
3759.47,444373.36,5394880.86,0.75263,-0.65845
3764.30,444377.13,5394877.56,0.75263,-0.65844
3769.13,444380.91,5394874.26,0.68656,-0.72708
3773.96,444383.78,5394870.52,0.67137,-0.74112
3778.78,444387.42,5394867.07,0.72558,-0.68814
3783.63,444391.05,5394863.63,0.72558,-0.68814
3788.49,444394.69,5394860.18,0.72558,-0.68814
3793.35,444398.32,5394856.73,0.72558,-0.68814
3798.20,444401.96,5394853.28,0.72558,-0.68814
3803.02,444405.60,5394849.83,0.72558,-0.68814
3807.82,444409.23,5394846.38,0.70253,-0.71165
3812.58,444412.63,5394842.71,0.65979,-0.75145
3817.29,444415.84,5394838.86,0.64051,-0.76795
3821.94,444419.05,5394835.01,0.64051,-0.76795
3826.52,444422.26,5394831.15,0.60798,-0.79395
3831.04,444425.14,5394827.06,0.53808,-0.84289
3835.50,444427.65,5394822.72,0.50101,-0.86544
3839.88,444430.17,5394818.37,0.50102,-0.86544
3844.18,444432.68,5394814.03,0.50102,-0.86544
3848.35,444435.20,5394809.68,0.45305,-0.89149
3852.38,444437.21,5394805.11,0.36985,-0.92909
3856.27,444438.90,5394800.37,0.29317,-0.95606
3860.04,444440.15,5394795.53,0.23373,-0.97230
3863.75,444441.24,5394790.63,0.24061,-0.97062
3867.47,444442.57,5394785.78,0.21721,-0.97612
3871.19,444443.42,5394780.83,0.16924,-0.98558
3874.90,444444.27,5394775.87,0.16789,-0.98581
3878.62,444445.11,5394770.92,0.16789,-0.98581
3882.33,444445.96,5394765.96,0.16631,-0.98607
3886.05,444446.78,5394761.00,0.11060,-0.99387
3889.77,444447.07,5394755.98,0.05616,-0.99842
3893.48,444447.35,5394750.96,0.05616,-0.99842
3897.23,444447.63,5394745.94,0.05616,-0.99842
3901.03,444447.91,5394740.92,0.07216,-0.99739
3904.83,444448.36,5394735.92,0.09890,-0.99510
3908.63,444448.91,5394730.92,0.10236,-0.99475
3912.40,444449.39,5394725.92,0.05280,-0.99861
3916.14,444449.44,5394720.89,0.01046,-0.99995
3919.86,444449.49,5394715.86,0.01046,-0.99995
3923.59,444449.54,5394710.83,0.01046,-0.99995
3927.36,444449.60,5394705.81,0.01046,-0.99995
3931.14,444449.65,5394700.78,0.01046,-0.99995
3934.96,444449.70,5394695.75,0.01046,-0.99995
3938.79,444449.75,5394690.72,0.01046,-0.99995
3942.66,444449.81,5394685.69,0.01046,-0.99995
3946.54,444449.86,5394680.67,0.01046,-0.99995
3950.45,444449.91,5394675.64,0.01046,-0.99995
3954.37,444449.97,5394670.61,0.01046,-0.99995
3958.26,444450.02,5394665.58,0.01046,-0.99995
3962.09,444450.07,5394660.55,0.01046,-0.99995
3965.83,444450.12,5394655.53,-0.03993,-0.99920
3969.55,444449.67,5394650.53,-0.10492,-0.99448
3973.26,444449.07,5394645.53,-0.12945,-0.99159
3976.98,444448.37,5394640.57,-0.22401,-0.97459
3980.69,444446.83,5394635.78,-0.30683,-0.95176
3984.41,444445.29,5394631.00,-0.30683,-0.95176
3988.12,444443.74,5394626.22,-0.32270,-0.94650
3991.84,444442.05,5394621.50,-0.41664,-0.90907
3995.56,444439.58,5394617.13,-0.54951,-0.83549
3999.27,444436.56,5394613.16,-0.63404,-0.77330
4002.99,444433.24,5394609.40,-0.66192,-0.74958
4006.70,444429.92,5394605.64,-0.66192,-0.74958
4010.42,444426.60,5394601.88,-0.72524,-0.68849
4014.13,444422.69,5394598.77,-0.79365,-0.60837
4017.85,444418.66,5394595.79,-0.83001,-0.55775
4021.57,444414.40,5394593.20,-0.86817,-0.49626
4025.28,444409.99,5394590.84,-0.90305,-0.42953
4029.00,444405.38,5394588.91,-0.92794,-0.37272
4032.71,444400.71,5394587.11,-0.93287,-0.36022
4036.43,444396.05,5394585.31,-0.95819,-0.28613
4040.14,444391.18,5394584.26,-0.98224,-0.18761
4043.86,444386.25,5394583.44,-0.98781,-0.15569
4047.58,444381.31,5394582.71,-0.99343,-0.11447
4051.29,444376.33,5394582.29,-0.99657,-0.08270
4055.01,444371.35,5394581.88,-0.99657,-0.08270
4058.74,444366.37,5394581.47,-0.99657,-0.08269
4062.50,444361.39,5394581.05,-0.99658,-0.08269
4066.28,444356.41,5394580.64,-0.99658,-0.08269
4070.09,444351.43,5394580.23,-0.99658,-0.08269
4073.88,444346.45,5394579.81,-0.99658,-0.08269
4077.65,444341.47,5394579.40,-0.99658,-0.08269
4081.43,444336.49,5394578.99,-0.99854,-0.05403
4085.25,444331.50,5394578.86,-0.99997,-0.00768
4089.13,444326.50,5394578.91,-1.00000,-0.00239
4093.04,444321.52,5394578.84,-0.99453,-0.10445
4097.02,444316.61,5394577.87,-0.99132,-0.13150
4101.04,444311.63,5394577.53,-0.99759,-0.06937
4105.04,444306.64,5394577.18,-0.99759,-0.06937
4109.05,444301.66,5394576.83,-0.99759,-0.06936
4113.07,444296.67,5394576.49,-0.99759,-0.06936
4117.13,444291.69,5394576.14,-0.99759,-0.06936
4121.22,444286.70,5394575.79,-0.99759,-0.06936
4125.37,444281.72,5394575.45,-0.99759,-0.06936
4129.57,444276.73,5394575.10,-0.99602,-0.08913
4133.81,444271.77,5394574.56,-0.99279,-0.11984
4138.10,444266.82,5394573.90,-0.99141,-0.13079
4142.42,444261.86,5394573.25,-0.99141,-0.13078
4146.75,444256.91,5394572.60,-0.99141,-0.13078
4151.10,444251.95,5394571.94,-0.99141,-0.13078
4155.47,444247.00,5394571.29,-0.99141,-0.13078
4159.84,444242.04,5394570.63,-0.99141,-0.13078
4164.23,444237.09,5394569.98,-0.99141,-0.13078
4168.64,444232.13,5394569.33,-0.99141,-0.13078
4173.06,444227.18,5394568.67,-0.99141,-0.13078
4177.49,444222.22,5394568.02,-0.99141,-0.13078
4181.93,444217.27,5394567.37,-0.99141,-0.13078
4186.38,444212.32,5394566.71,-0.99141,-0.13078
4190.85,444207.36,5394566.06,-0.99141,-0.13077
4195.34,444202.41,5394565.41,-0.99141,-0.13077
4199.87,444197.45,5394564.75,-0.99141,-0.13077
4204.45,444192.50,5394564.10,-0.99009,-0.14041
4209.06,444187.56,5394563.35,-0.98366,-0.18002
4213.71,444182.67,5394562.30,-0.97774,-0.20980
4218.39,444177.79,5394561.25,-0.97774,-0.20980
4223.08,444172.90,5394560.20,-0.97774,-0.20980
4227.79,444168.01,5394559.16,-0.97774,-0.20980
4232.55,444163.12,5394558.11,-0.97774,-0.20980
4237.33,444158.24,5394557.06,-0.97472,-0.22344
4242.13,444153.39,5394555.88,-0.95038,-0.31110
4246.94,444148.77,5394553.96,-0.94921,-0.31465
4251.76,444143.93,5394552.74,-0.96966,-0.24448
4256.58,444139.08,5394551.52,-0.96966,-0.24447
4261.42,444134.23,5394550.29,-0.96484,-0.26283
4266.27,444129.44,5394548.89,-0.95478,-0.29732
4271.15,444124.69,5394547.32,-0.94961,-0.31343
4276.03,444119.94,5394545.75,-0.94961,-0.31343
4280.92,444115.19,5394544.19,-0.94961,-0.31343
4285.81,444110.44,5394542.62,-0.94961,-0.31343
4290.70,444105.70,5394541.05,-0.94961,-0.31342
4295.60,444100.95,5394539.49,-0.94961,-0.31342
4300.52,444096.20,5394537.92,-0.94961,-0.31342
4305.44,444091.45,5394536.35,-0.94961,-0.31342
4310.37,444086.70,5394534.78,-0.92777,-0.37316
4315.31,444082.24,5394532.65,-0.92379,-0.38289
4320.25,444077.52,5394530.98,-0.94285,-0.33322
4325.22,444072.81,5394529.31,-0.94285,-0.33322
4330.20,444068.10,5394527.65,-0.94285,-0.33321
4335.19,444063.38,5394525.98,-0.90057,-0.43471
4340.19,444059.14,5394523.33,-0.84611,-0.53300
4345.19,444054.91,5394520.65,-0.84479,-0.53510
4350.17,444050.68,5394517.97,-0.84479,-0.53509
4355.14,444046.45,5394515.29,-0.85554,-0.51773
4360.07,444042.17,5394512.81,-0.81113,-0.58487
4364.94,444038.50,5394509.55,-0.72957,-0.68391
4369.74,444034.93,5394506.03,-0.69789,-0.71621
4374.46,444031.50,5394502.38,-0.66472,-0.74709
4379.11,444028.27,5394498.54,-0.64000,-0.76837
4383.68,444025.09,5394494.67,-0.59817,-0.80137
4388.19,444022.27,5394490.51,-0.56025,-0.82832
4392.65,444019.46,5394486.36,-0.50824,-0.86122
4397.10,444017.19,5394481.89,-0.49001,-0.87171
4401.55,444014.55,5394477.62,-0.52496,-0.85113
4406.03,444011.92,5394473.35,-0.52496,-0.85113
4410.54,444009.28,5394469.08,-0.52496,-0.85113
4415.05,444006.65,5394464.80,-0.52496,-0.85113
4419.57,444004.01,5394460.53,-0.52496,-0.85113
4424.10,444001.38,5394456.26,-0.52496,-0.85113
4428.64,443998.74,5394451.99,-0.52496,-0.85113
4433.19,443996.11,5394447.72,-0.52496,-0.85113
4437.74,443993.47,5394443.44,-0.52496,-0.85112
4442.29,443990.84,5394439.17,-0.52496,-0.85112
4446.83,443988.20,5394434.90,-0.51741,-0.85574
4451.35,443985.64,5394430.58,-0.49691,-0.86780
4455.87,443983.21,5394426.19,-0.48391,-0.87512
4460.39,443980.78,5394421.79,-0.48391,-0.87512
4464.91,443978.35,5394417.40,-0.48391,-0.87512
4469.44,443975.92,5394413.00,-0.48391,-0.87512
4473.99,443973.49,5394408.61,-0.48391,-0.87512
4478.54,443971.06,5394404.22,-0.48391,-0.87512
4483.10,443968.63,5394399.82,-0.48391,-0.87512
4487.65,443966.20,5394395.43,-0.48391,-0.87512
4492.20,443963.77,5394391.03,-0.47393,-0.88056
4496.75,443961.45,5394386.58,-0.46155,-0.88711
4501.30,443959.14,5394382.12,-0.45920,-0.88833
4505.86,443956.83,5394377.66,-0.45920,-0.88833
4510.42,443954.53,5394373.20,-0.45920,-0.88833
4515.00,443952.22,5394368.74,-0.45920,-0.88833
4519.58,443949.91,5394364.28,-0.45920,-0.88833
4524.18,443947.61,5394359.82,-0.45920,-0.88833
4528.78,443945.30,5394355.36,-0.45921,-0.88833
4533.39,443943.00,5394350.90,-0.45921,-0.88833
4538.01,443940.69,5394346.44,-0.45921,-0.88833
4542.64,443938.38,5394341.97,-0.45921,-0.88833
4547.27,443936.08,5394337.51,-0.45921,-0.88833
4551.92,443933.77,5394333.05,-0.45921,-0.88833
4556.57,443931.47,5394328.59,-0.45921,-0.88833
4561.23,443929.16,5394324.13,-0.45921,-0.88833
4565.89,443926.85,5394319.67,-0.45921,-0.88833
4570.57,443924.55,5394315.21,-0.45921,-0.88833
4575.25,443922.24,5394310.75,-0.45921,-0.88833
4579.94,443919.94,5394306.29,-0.45921,-0.88833
4584.63,443917.63,5394301.83,-0.45921,-0.88833
4589.33,443915.32,5394297.36,-0.45921,-0.88833
4594.04,443913.02,5394292.90,-0.45921,-0.88833
4598.75,443910.71,5394288.44,-0.45922,-0.88833
4603.45,443908.41,5394283.98,-0.45922,-0.88832
4608.12,443906.10,5394279.52,-0.45922,-0.88832
4612.77,443903.79,5394275.06,-0.42924,-0.90319
4617.40,443901.79,5394270.46,-0.39009,-0.92078
4622.01,443899.88,5394265.81,-0.38137,-0.92442
4626.62,443897.96,5394261.17,-0.38137,-0.92442
4631.23,443896.04,5394256.52,-0.38137,-0.92442
4635.85,443894.13,5394251.88,-0.38137,-0.92442
4640.48,443892.21,5394247.23,-0.38137,-0.92442
4645.12,443890.30,5394242.59,-0.38138,-0.92442
4649.77,443888.38,5394237.95,-0.38138,-0.92442
4654.42,443886.46,5394233.30,-0.38138,-0.92442
4659.08,443884.55,5394228.66,-0.38138,-0.92442
4663.75,443882.63,5394224.01,-0.38138,-0.92442
4668.43,443880.72,5394219.37,-0.38138,-0.92442
4673.11,443878.80,5394214.73,-0.38138,-0.92442
4677.79,443876.88,5394210.08,-0.38138,-0.92442
4682.46,443874.97,5394205.44,-0.38138,-0.92442
4687.10,443873.05,5394200.79,-0.38138,-0.92442
4691.71,443871.14,5394196.15,-0.34143,-0.93991
4696.28,443869.62,5394191.36,-0.29384,-0.95585
4700.84,443868.18,5394186.54,-0.28683,-0.95798
4705.39,443866.74,5394181.73,-0.28683,-0.95798
4709.95,443865.30,5394176.92,-0.28683,-0.95798
4714.52,443863.86,5394172.10,-0.28683,-0.95798
4719.09,443862.42,5394167.29,-0.28684,-0.95798
4723.63,443860.98,5394162.47,-0.28684,-0.95798
4728.13,443859.53,5394157.66,-0.28684,-0.95798
4732.59,443858.09,5394152.84,-0.23537,-0.97191
4737.01,443857.17,5394147.90,-0.17576,-0.98443
4741.39,443856.33,5394142.95,-0.16832,-0.98573
4745.77,443855.48,5394137.99,-0.16832,-0.98573
4750.16,443854.63,5394133.04,-0.16832,-0.98573
4754.54,443853.79,5394128.08,-0.16832,-0.98573
4758.91,443852.94,5394123.13,-0.16832,-0.98573
4763.25,443852.09,5394118.17,-0.14998,-0.98869
4767.57,443851.43,5394113.19,-0.11202,-0.99371
4771.86,443850.97,5394108.18,-0.09243,-0.99572
4776.10,443850.50,5394103.18,-0.09243,-0.99572
4780.24,443850.04,5394098.17,-0.09243,-0.99572
4784.24,443849.57,5394093.16,-0.07164,-0.99743
4788.03,443849.32,5394088.17,0.05915,-0.99825
4791.74,443850.16,5394083.21,0.16781,-0.98582
4795.46,443851.01,5394078.25,0.22538,-0.97427
4799.18,443852.42,5394073.45,0.30768,-0.95149
4802.89,443854.09,5394068.71,0.33270,-0.94303
4806.61,443855.77,5394063.97,0.33270,-0.94303
4810.34,443857.44,5394059.23,0.33270,-0.94303
4814.10,443859.11,5394054.49,0.33270,-0.94303
4817.88,443860.78,5394049.76,0.33270,-0.94303
4821.67,443862.45,5394045.02,0.33270,-0.94303
4825.46,443864.12,5394040.28,0.33270,-0.94303
4829.28,443865.80,5394035.54,0.36176,-0.93227
4833.15,443867.75,5394030.94,0.35125,-0.93628
4837.13,443869.31,5394026.17,0.35336,-0.93549
4841.25,443871.29,5394021.55,0.33718,-0.94144
4845.53,443872.69,5394016.75,0.24206,-0.97026
4849.98,443873.72,5394011.83,0.17778,-0.98407
4854.59,443874.47,5394006.86,0.12964,-0.99156
4859.33,443875.02,5394001.87,0.09364,-0.99561
4864.17,443875.41,5393996.87,-0.02621,-0.99966
4869.08,443874.76,5393991.89,-0.12942,-0.99159
4874.04,443874.11,5393986.90,-0.14937,-0.98878
4879.03,443873.26,5393981.95,-0.17840,-0.98396
4884.03,443872.32,5393977.01,-0.20222,-0.97934
4889.01,443871.23,5393972.11,-0.33255,-0.94309
4893.96,443869.01,5393967.62,-0.46318,-0.88627
4898.86,443866.58,5393963.22,-0.48248,-0.87591
4903.71,443864.16,5393958.83,-0.48248,-0.87591
4908.51,443861.74,5393954.43,-0.52648,-0.85019
4913.26,443858.89,5393950.31,-0.58501,-0.81103
4917.95,443855.87,5393946.30,-0.60862,-0.79346
4922.59,443852.78,5393942.35,-0.64031,-0.76811
4927.21,443849.46,5393938.60,-0.66340,-0.74827
4931.81,443846.13,5393934.85,-0.66340,-0.74827
4936.39,443842.80,5393931.09,-0.66340,-0.74827
4940.93,443839.48,5393927.34,-0.67701,-0.73598
4945.43,443836.02,5393923.72,-0.70112,-0.71304
4949.88,443832.45,5393920.19,-0.71347,-0.70068
4954.31,443828.86,5393916.69,-0.74751,-0.66425
4958.70,443824.97,5393913.54,-0.77810,-0.62815
4963.03,443821.07,5393910.40,-0.73371,-0.67946
4967.32,443817.64,5393906.76,-0.75690,-0.65353
4971.58,443813.53,5393903.89,-0.81987,-0.57254
4975.79,443809.42,5393901.02,-0.81987,-0.57254
4980.01,443805.32,5393898.16,-0.81988,-0.57254
4984.26,443801.21,5393895.29,-0.81988,-0.57254
4988.49,443797.11,5393892.42,-0.81988,-0.57254
4992.65,443793.00,5393889.55,-0.77988,-0.62593
4996.74,443789.66,5393886.44,-0.82745,-0.56155
5000.75,443785.17,5393884.24,-0.89762,-0.44076
5004.69,443780.67,5393882.03,-0.89762,-0.44076
5008.57,443776.18,5393879.83,-0.89762,-0.44076
5012.41,443771.69,5393877.62,-0.88141,-0.47235
5016.21,443767.52,5393875.18,-0.90387,-0.42781
5019.97,443762.84,5393873.43,-0.93646,-0.35077
5023.69,443758.16,5393871.68,-0.93646,-0.35077
5027.40,443753.47,5393869.92,-0.93646,-0.35077
5031.14,443748.79,5393868.17,-0.93646,-0.35076
5034.91,443744.11,5393866.41,-0.93646,-0.35076
5038.71,443739.42,5393864.66,-0.93646,-0.35076
5042.53,443734.74,5393862.90,-0.93646,-0.35076
5046.38,443730.06,5393861.15,-0.93647,-0.35076
5050.25,443725.37,5393859.40,-0.93647,-0.35076
5054.13,443720.69,5393857.64,-0.93647,-0.35076
5058.00,443716.00,5393855.89,-0.93647,-0.35076
5061.82,443711.32,5393854.13,-0.93647,-0.35076
5065.59,443706.64,5393852.38,-0.94638,-0.32307
5069.30,443701.87,5393850.91,-0.96571,-0.25961
5073.02,443697.00,5393849.79,-0.97461,-0.22390
5076.74,443692.13,5393848.67,-0.97461,-0.22390
5080.47,443687.25,5393847.55,-0.97461,-0.22390
5084.22,443682.38,5393846.43,-0.97461,-0.22390
5088.01,443677.51,5393845.31,-0.97461,-0.22390
5091.82,443672.64,5393844.19,-0.97461,-0.22389
5095.65,443667.76,5393843.07,-0.97461,-0.22389
5099.51,443662.89,5393841.95,-0.97461,-0.22389
5103.39,443658.02,5393840.83,-0.97461,-0.22389
5107.28,443653.15,5393839.71,-0.97461,-0.22389
5111.20,443648.28,5393838.59,-0.97461,-0.22389
5115.15,443643.40,5393837.48,-0.97769,-0.21004
5119.12,443638.52,5393836.50,-0.97928,-0.20251
5123.09,443633.68,5393835.47,-0.96986,-0.24366
5127.09,443628.89,5393834.08,-0.97131,-0.23781
5131.09,443623.99,5393833.09,-0.98029,-0.19756
5135.08,443619.08,5393832.10,-0.98029,-0.19756
5139.09,443614.18,5393831.12,-0.98029,-0.19756
5143.11,443609.28,5393830.13,-0.98029,-0.19756
5147.17,443604.38,5393829.14,-0.98029,-0.19756
5151.27,443599.48,5393828.15,-0.98029,-0.19756
5155.43,443594.58,5393827.17,-0.98029,-0.19756
5159.64,443589.68,5393826.18,-0.97469,-0.22356
5163.92,443584.84,5393824.93,-0.96555,-0.26020
5168.24,443580.03,5393823.58,-0.96259,-0.27096
5172.59,443575.22,5393822.22,-0.96259,-0.27096
5176.95,443570.41,5393820.87,-0.96259,-0.27095
5181.33,443565.59,5393819.51,-0.96259,-0.27095
5185.73,443560.78,5393818.16,-0.96259,-0.27095
5190.14,443555.97,5393816.80,-0.96259,-0.27095
5194.60,443551.15,5393815.45,-0.96259,-0.27095
5199.09,443546.34,5393814.09,-0.96084,-0.27712
5203.63,443541.55,5393812.68,-0.95129,-0.30830
5208.20,443536.83,5393811.01,-0.94290,-0.33309
5212.82,443532.12,5393809.35,-0.94290,-0.33309
5217.44,443527.40,5393807.68,-0.94290,-0.33309
5222.07,443522.69,5393806.02,-0.92647,-0.37637
5226.74,443518.20,5393803.94,-0.93674,-0.35002
5231.44,443513.40,5393802.54,-0.96013,-0.27955
5236.15,443508.60,5393801.15,-0.92652,-0.37624
5240.89,443504.18,5393798.80,-0.88874,-0.45841
5245.67,443499.72,5393796.57,-0.92185,-0.38754
5250.46,443495.00,5393794.94,-0.93103,-0.36495
5255.30,443490.42,5393792.92,-0.91495,-0.40357
5260.19,443485.84,5393790.90,-0.90882,-0.41720
5265.11,443481.34,5393788.75,-0.85706,-0.51521
5270.07,443477.31,5393785.78,-0.81534,-0.57899
5275.04,443473.18,5393782.96,-0.85164,-0.52413
5280.03,443468.80,5393780.54,-0.82643,-0.56303
5285.02,443464.95,5393777.35,-0.80243,-0.59675
5290.02,443460.82,5393774.60,-0.77522,-0.63169
5295.02,443457.25,5393771.08,-0.75233,-0.65878
5299.99,443453.29,5393768.01,-0.74611,-0.66582
5304.93,443449.81,5393764.44,-0.67723,-0.73577
5309.77,443446.52,5393760.65,-0.62351,-0.78181
5314.50,443443.56,5393756.61,-0.54963,-0.83541
5319.07,443441.02,5393752.29,-0.45977,-0.88804
5323.45,443438.97,5393747.73,-0.35445,-0.93507
5327.66,443437.47,5393742.93,-0.29779,-0.95463
5331.73,443435.97,5393738.13,-0.23259,-0.97257
5335.64,443435.14,5393733.18,-0.15374,-0.98811
5339.36,443434.43,5393728.21,-0.14124,-0.98998
5343.08,443433.72,5393723.23,-0.10885,-0.99406
5346.80,443433.34,5393718.23,0.01023,-0.99995
5350.51,443433.82,5393713.24,0.13049,-0.99145
5354.23,443434.65,5393708.28,0.16392,-0.98647
5357.94,443435.47,5393703.32,0.19264,-0.98127
5361.66,443436.58,5393698.45,0.30944,-0.95092
5365.37,443438.56,5393693.83,0.39453,-0.91888
5369.09,443440.54,5393689.21,0.39453,-0.91888
5372.81,443442.52,5393684.60,0.43366,-0.90108
5376.52,443444.89,5393680.18,0.49562,-0.86854
5380.24,443447.49,5393675.89,0.51875,-0.85493
5383.95,443450.09,5393671.60,0.51875,-0.85493
5387.67,443452.70,5393667.31,0.53619,-0.84410
5391.38,443455.47,5393663.13,0.57455,-0.81847
5395.10,443458.46,5393659.10,0.59530,-0.80350
5398.82,443461.45,5393655.07,0.59530,-0.80350
5402.53,443464.43,5393651.04,0.60925,-0.79298
5406.25,443467.56,5393647.12,0.63390,-0.77342
5409.96,443470.79,5393643.28,0.64465,-0.76448
5413.68,443474.02,5393639.45,0.66595,-0.74599
5417.39,443477.46,5393635.81,0.69866,-0.71545
5421.11,443481.02,5393632.28,0.71037,-0.70383
5424.83,443484.58,5393628.75,0.73408,-0.67906
5428.54,443488.37,5393625.48,0.76377,-0.64549
5432.26,443492.23,5393622.29,0.77049,-0.63745
5435.98,443496.09,5393619.09,0.77049,-0.63745
5439.72,443499.95,5393615.90,0.77049,-0.63745
5443.47,443503.81,5393612.71,0.77049,-0.63745
5447.19,443507.67,5393609.51,0.77049,-0.63745
5450.90,443511.53,5393606.32,0.77111,-0.63670
5454.62,443515.40,5393603.14,0.81664,-0.57715
5458.33,443519.69,5393600.56,0.85710,-0.51515
5462.05,443523.98,5393597.98,0.85710,-0.51514
5465.76,443528.27,5393595.40,0.85710,-0.51514
5469.48,443532.56,5393592.82,0.85710,-0.51514
5473.20,443536.85,5393590.24,0.85710,-0.51514
5476.91,443541.14,5393587.66,0.87883,-0.47713
5480.63,443545.63,5393585.47,0.90164,-0.43249
5484.34,443550.16,5393583.34,0.90434,-0.42681
5488.06,443554.68,5393581.20,0.90870,-0.41745
5491.77,443559.24,5393579.16,0.93525,-0.35400
5495.49,443564.02,5393577.67,0.95432,-0.29880
5499.21,443568.79,5393576.18,0.95432,-0.29880
5502.93,443573.56,5393574.68,0.95432,-0.29880
5506.68,443578.33,5393573.19,0.95432,-0.29880
5510.46,443583.10,5393571.69,0.95432,-0.29880
5514.26,443587.88,5393570.20,0.95432,-0.29880
5518.09,443592.65,5393568.71,0.95432,-0.29880
5521.94,443597.42,5393567.21,0.95432,-0.29879
5525.82,443602.19,5393565.72,0.95432,-0.29879
5529.72,443606.96,5393564.22,0.95432,-0.29879
5533.65,443611.73,5393562.73,0.95432,-0.29879
5537.61,443616.51,5393561.24,0.95432,-0.29879
5541.64,443621.28,5393559.74,0.95432,-0.29879
5545.77,443626.05,5393558.25,0.95432,-0.29879
5549.98,443630.82,5393556.75,0.93778,-0.34724
5554.29,443635.41,5393554.78,0.91280,-0.40841
5558.67,443639.95,5393552.67,0.90666,-0.42187
5563.14,443644.48,5393550.56,0.90666,-0.42187
5567.70,443649.02,5393548.45,0.90666,-0.42187
5572.36,443653.55,5393546.34,0.87525,-0.48367
5577.14,443657.75,5393543.62,0.83681,-0.54750
5582.01,443661.93,5393540.86,0.79261,-0.60973
5586.95,443665.62,5393537.58,0.74036,-0.67221
5591.94,443669.29,5393534.17,0.71833,-0.69570
5596.94,443672.80,5393530.62,0.64502,-0.76417
5601.92,443675.73,5393526.54,0.58444,-0.81144
5606.86,443678.67,5393522.47,0.53007,-0.84795
5611.72,443681.04,5393518.06,0.45459,-0.89070
5616.47,443683.22,5393513.54,0.36368,-0.93153
5621.06,443684.67,5393508.75,0.26775,-0.96349
5625.50,443685.91,5393503.88,0.20027,-0.97974
5629.79,443686.68,5393498.93,0.10483,-0.99449
5633.93,443686.96,5393493.91,0.04697,-0.99890
5637.95,443687.15,5393488.89,0.01392,-0.99990
5641.85,443687.10,5393483.86,-0.02710,-0.99963
5645.61,443686.88,5393478.85,-0.08694,-0.99621
5649.33,443686.23,5393473.86,-0.12946,-0.99158
5653.04,443685.58,5393468.88,-0.18682,-0.98239
5656.76,443684.35,5393464.01,-0.25468,-0.96703
5660.47,443683.02,5393459.16,-0.26568,-0.96406
5664.19,443681.68,5393454.32,-0.26568,-0.96406
5667.90,443680.35,5393449.47,-0.27505,-0.96143
5671.62,443678.92,5393444.65,-0.31088,-0.95045
5675.34,443677.22,5393439.92,-0.33711,-0.94147
5679.05,443675.53,5393435.19,-0.33711,-0.94147
5682.77,443673.84,5393430.46,-0.33711,-0.94146
5686.50,443672.14,5393425.73,-0.35444,-0.93508
5690.25,443670.28,5393421.07,-0.40439,-0.91459
5694.01,443668.09,5393416.55,-0.38417,-0.92326
5697.79,443666.43,5393411.83,-0.32795,-0.94470
5701.60,443664.80,5393407.09,-0.35689,-0.93414
5705.42,443662.85,5393402.46,-0.38777,-0.92176
5709.22,443660.90,5393397.83,-0.38777,-0.92176
5713.05,443658.96,5393393.20,-0.38777,-0.92176
5716.88,443657.01,5393388.57,-0.38777,-0.92176
5720.72,443655.06,5393383.93,-0.38777,-0.92176
5724.56,443653.11,5393379.30,-0.38777,-0.92176
5728.43,443651.16,5393374.67,-0.41975,-0.90764
5732.32,443648.91,5393370.21,-0.43148,-0.90212
5736.24,443646.85,5393365.65,-0.39498,-0.91869
5740.15,443644.94,5393361.00,-0.37849,-0.92561
5744.05,443643.04,5393356.35,-0.39040,-0.92064
5747.90,443641.02,5393351.75,-0.43664,-0.89963
5751.66,443638.66,5393347.32,-0.47037,-0.88247
5755.38,443636.30,5393342.89,-0.47037,-0.88247
5759.09,443633.94,5393338.46,-0.51148,-0.85930
5762.81,443631.17,5393334.28,-0.56381,-0.82590
5766.53,443628.28,5393330.17,-0.57597,-0.81747
5770.24,443625.39,5393326.07,-0.57597,-0.81747
5773.96,443622.50,5393321.97,-0.57597,-0.81747
5777.67,443619.61,5393317.87,-0.57597,-0.81747
5781.39,443616.72,5393313.76,-0.58739,-0.80930
5785.10,443613.72,5393309.75,-0.62429,-0.78119
5788.82,443610.46,5393305.93,-0.64920,-0.76062
5792.54,443607.21,5393302.12,-0.64920,-0.76062
5796.25,443603.95,5393298.30,-0.64920,-0.76062
5799.97,443600.70,5393294.49,-0.64920,-0.76062
5803.68,443597.44,5393290.67,-0.67674,-0.73622
5807.40,443593.91,5393287.11,-0.70936,-0.70485
5811.11,443590.33,5393283.61,-0.71527,-0.69885
5814.84,443586.74,5393280.11,-0.71527,-0.69885
5818.58,443583.16,5393276.60,-0.71527,-0.69884
5822.36,443579.57,5393273.10,-0.71527,-0.69884
5826.16,443575.99,5393269.60,-0.71527,-0.69884
5829.98,443572.40,5393266.09,-0.71528,-0.69884
5833.83,443568.82,5393262.59,-0.71528,-0.69884
5837.70,443565.23,5393259.09,-0.71528,-0.69884
5841.60,443561.64,5393255.58,-0.71528,-0.69884
5845.52,443558.06,5393252.08,-0.71528,-0.69884
5849.47,443554.47,5393248.58,-0.71528,-0.69884
5853.43,443550.89,5393245.07,-0.71528,-0.69884
5857.42,443547.30,5393241.57,-0.71528,-0.69884
5861.43,443543.72,5393238.07,-0.71528,-0.69884
5865.46,443540.13,5393234.56,-0.71528,-0.69884
5869.51,443536.54,5393231.06,-0.71528,-0.69884
5873.56,443532.96,5393227.56,-0.71528,-0.69884
5877.57,443529.37,5393224.05,-0.71528,-0.69883
5881.51,443525.79,5393220.55,-0.71925,-0.69476
5885.35,443522.16,5393217.09,-0.76512,-0.64389
5889.07,443518.14,5393214.11,-0.80403,-0.59459
5892.78,443514.11,5393211.14,-0.82011,-0.57221
5896.50,443509.93,5393208.39,-0.85014,-0.52656
5900.21,443505.61,5393205.87,-0.86404,-0.50343
5903.93,443501.28,5393203.35,-0.86404,-0.50343
5907.65,443496.96,5393200.83,-0.86404,-0.50343
5911.36,443492.63,5393198.31,-0.86404,-0.50343
5915.08,443488.31,5393195.79,-0.86408,-0.50335
5918.79,443483.98,5393193.27,-0.91184,-0.41054
5922.51,443479.23,5393191.70,-0.94967,-0.31325
5926.22,443474.48,5393190.14,-0.94967,-0.31325
5929.97,443469.73,5393188.57,-0.94967,-0.31325
5933.78,443464.98,5393187.00,-0.94776,-0.31899
5937.66,443460.25,5393185.38,-0.93653,-0.35059
5941.60,443455.62,5393183.50,-0.92655,-0.37617
5945.60,443450.98,5393181.62,-0.92655,-0.37617
5949.62,443446.35,5393179.73,-0.92655,-0.37616
5953.68,443441.71,5393177.85,-0.92655,-0.37616
5957.81,443437.08,5393175.97,-0.92655,-0.37616
5962.05,443432.44,5393174.09,-0.92655,-0.37616
5966.41,443427.81,5393172.21,-0.90294,-0.42976
5970.92,443423.44,5393169.80,-0.86296,-0.50528
5975.60,443419.18,5393167.16,-0.84919,-0.52809
5980.39,443414.93,5393164.51,-0.81471,-0.57987
5985.27,443411.09,5393161.40,-0.70655,-0.70766
5990.21,443407.93,5393157.50,-0.67029,-0.74210
5995.18,443404.38,5393153.97,-0.67849,-0.73461
6000.17,443401.14,5393150.15,-0.63207,-0.77491
6005.17,443398.05,5393146.20,-0.58117,-0.81378
6010.17,443395.31,5393141.99,-0.54424,-0.83893
6015.17,443392.58,5393137.78,-0.54424,-0.83893
6020.17,443389.85,5393133.57,-0.54424,-0.83893
6025.16,443387.12,5393129.36,-0.54424,-0.83893
6030.16,443384.39,5393125.14,-0.54424,-0.83893
6035.14,443381.65,5393120.93,-0.50972,-0.86034
6040.12,443379.28,5393116.52,-0.46150,-0.88714
6045.09,443377.02,5393112.03,-0.44860,-0.89373
6050.04,443374.77,5393107.54,-0.44860,-0.89373
6054.99,443372.52,5393103.05,-0.44860,-0.89373
6059.93,443370.26,5393098.56,-0.44525,-0.89541
6064.84,443368.04,5393094.06,-0.39600,-0.91825
6069.74,443366.29,5393089.35,-0.34914,-0.93707
6074.62,443364.54,5393084.64,-0.34914,-0.93707
6079.48,443362.78,5393079.93,-0.34914,-0.93707
6084.31,443361.03,5393075.23,-0.34914,-0.93707
6089.11,443359.27,5393070.52,-0.29829,-0.95448
6093.88,443358.03,5393065.65,-0.24040,-0.97067
6098.62,443356.86,5393060.76,-0.23424,-0.97218
6103.34,443355.68,5393055.88,-0.23424,-0.97218
6108.04,443354.50,5393050.99,-0.23424,-0.97218
6112.71,443353.32,5393046.10,-0.19589,-0.98063
6117.35,443352.54,5393041.14,-0.15143,-0.98847
6121.96,443351.80,5393036.17,-0.17079,-0.98531
6126.53,443350.82,5393031.24,-0.12528,-0.99212
6131.07,443350.55,5393026.24,-0.10930,-0.99401
6135.57,443349.73,5393021.30,-0.10568,-0.99440
6140.04,443349.49,5393016.28,-0.04684,-0.99890
6144.46,443349.26,5393011.26,-0.04684,-0.99890
6148.82,443349.02,5393006.23,-0.03626,-0.99934
6153.16,443348.89,5393001.21,0.01220,-0.99993
6157.46,443349.14,5392996.19,0.05001,-0.99875
6161.75,443349.39,5392991.17,0.05001,-0.99875
6166.04,443349.64,5392986.15,0.05001,-0.99875
6170.30,443349.90,5392981.12,0.05001,-0.99875
6174.40,443350.15,5392976.10,0.05001,-0.99875
6178.32,443350.40,5392971.08,0.05001,-0.99875
6182.14,443350.65,5392966.06,0.25417,-0.96716
6185.90,443352.89,5392961.61,0.44863,-0.89372
6189.64,443355.12,5392957.15,0.31471,-0.94919
6193.45,443356.01,5392952.20,0.17595,-0.98440
6197.34,443356.89,5392947.25,0.17595,-0.98440
6201.25,443357.78,5392942.30,0.25923,-0.96582
6205.11,443359.49,5392937.58,0.32700,-0.94503
6208.92,443361.06,5392932.81,0.27989,-0.96003
6212.72,443362.30,5392927.94,0.24807,-0.96874
6216.51,443363.55,5392923.07,0.30214,-0.95326
6220.24,443365.33,5392918.37,0.35351,-0.93543
6223.96,443367.11,5392913.67,0.35351,-0.93543
6227.67,443368.88,5392908.98,0.35351,-0.93543
6231.39,443370.66,5392904.28,0.41660,-0.90909
6235.10,443373.06,5392899.86,0.47797,-0.87838
6238.82,443375.46,5392895.45,0.47815,-0.87828
6242.53,443377.86,5392891.04,0.47816,-0.87828
6246.25,443380.26,5392886.63,0.49498,-0.86891
6249.97,443382.82,5392882.34,0.55883,-0.82928
6253.68,443385.84,5392878.36,0.54072,-0.84120
6257.40,443388.22,5392873.94,0.53684,-0.84369
6261.11,443391.20,5392869.93,0.61347,-0.78972
6264.83,443394.36,5392866.03,0.62980,-0.77676
6268.54,443397.52,5392862.13,0.62980,-0.77676
6272.26,443400.68,5392858.24,0.63923,-0.76902
6275.98,443403.93,5392854.42,0.69181,-0.72208
6279.69,443407.60,5392851.01,0.73267,-0.68059
6283.41,443411.27,5392847.60,0.73267,-0.68059
6287.13,443414.94,5392844.19,0.73267,-0.68059
6290.88,443418.62,5392840.78,0.73267,-0.68059
6294.66,443422.29,5392837.37,0.73267,-0.68058
6298.46,443425.96,5392833.96,0.73267,-0.68058
6302.29,443429.63,5392830.55,0.73267,-0.68058
6306.14,443433.30,5392827.14,0.73267,-0.68058
6310.02,443436.98,5392823.73,0.73267,-0.68058
6313.92,443440.65,5392820.32,0.73267,-0.68058
6317.85,443444.32,5392816.90,0.73267,-0.68058
6321.84,443447.99,5392813.49,0.73267,-0.68058
6325.89,443451.66,5392810.08,0.73267,-0.68058
6330.00,443455.34,5392806.67,0.71427,-0.69987
6334.19,443458.82,5392803.07,0.68611,-0.72750
6338.47,443462.21,5392799.38,0.67676,-0.73620
6342.81,443465.61,5392795.69,0.67566,-0.73721
6347.24,443468.99,5392791.99,0.63578,-0.77187
6351.77,443471.98,5392787.96,0.62210,-0.78294
6356.37,443475.13,5392784.26,0.60638,-0.79517
6361.05,443477.87,5392780.23,0.53850,-0.84262
6365.80,443480.46,5392775.92,0.51516,-0.85710
6370.59,443483.04,5392771.62,0.49783,-0.86728
6375.42,443485.45,5392767.22,0.46580,-0.88489
6380.30,443487.71,5392762.75,0.47204,-0.88158
6385.20,443490.19,5392758.38,0.44513,-0.89547
6390.13,443492.17,5392753.79,0.35562,-0.93463
6395.07,443493.75,5392749.02,0.34873,-0.93722
6400.02,443495.67,5392744.38,0.38237,-0.92401
6404.99,443497.59,5392739.74,0.38237,-0.92401
6409.97,443499.51,5392735.10,0.35318,-0.93555
6414.96,443501.13,5392730.35,0.31419,-0.94936
6419.96,443502.66,5392725.56,0.26358,-0.96464
6424.96,443503.78,5392720.66,0.21702,-0.97617
6429.96,443504.85,5392715.75,0.21211,-0.97725
6434.95,443505.91,5392710.84,0.21211,-0.97725
6439.95,443506.98,5392705.93,0.21211,-0.97725
6444.95,443508.04,5392701.01,0.21211,-0.97725
6449.94,443509.11,5392696.10,0.21211,-0.97725
6454.93,443510.18,5392691.19,0.18786,-0.98220
6459.92,443511.00,5392686.23,0.14955,-0.98875
6464.90,443511.68,5392681.25,0.13561,-0.99076
6469.88,443512.36,5392676.27,0.13561,-0.99076
6474.85,443513.04,5392671.29,0.13561,-0.99076
6479.81,443513.73,5392666.31,0.13562,-0.99076
6484.76,443514.41,5392661.33,0.10840,-0.99411
6489.70,443514.81,5392656.32,0.06306,-0.99801
6494.63,443515.04,5392651.30,0.04505,-0.99898
6499.55,443515.27,5392646.27,0.04505,-0.99898
6504.47,443515.49,5392641.25,0.04505,-0.99898
6509.40,443515.72,5392636.23,0.04505,-0.99898
6514.32,443515.95,5392631.20,0.04505,-0.99898
6519.23,443516.17,5392626.18,0.04505,-0.99898
6524.13,443516.40,5392621.16,0.02764,-0.99962
6529.03,443516.45,5392616.13,0.00008,-1.00000
6533.91,443516.40,5392611.10,-0.01006,-0.99995
6538.80,443516.35,5392606.08,-0.01006,-0.99995
6543.68,443516.30,5392601.05,-0.01006,-0.99995
6548.57,443516.25,5392596.02,-0.01006,-0.99995
6553.46,443516.20,5392590.99,-0.01006,-0.99995
6558.36,443516.15,5392585.97,-0.01006,-0.99995
6563.25,443516.10,5392580.94,-0.01006,-0.99995
6568.15,443516.05,5392575.91,-0.01006,-0.99995
6573.05,443516.00,5392570.88,-0.01006,-0.99995
6577.96,443515.95,5392565.85,-0.01006,-0.99995
6582.86,443515.90,5392560.83,-0.01006,-0.99995
6587.77,443515.84,5392555.80,-0.01006,-0.99995
6592.67,443515.79,5392550.77,-0.01006,-0.99995
6597.56,443515.74,5392545.74,-0.01006,-0.99995
6602.44,443515.69,5392540.71,-0.03297,-0.99946
6607.32,443515.41,5392535.69,-0.05745,-0.99835
6612.19,443515.12,5392530.67,-0.05904,-0.99826
6617.06,443514.82,5392525.65,-0.05904,-0.99826
6621.94,443514.52,5392520.64,-0.05904,-0.99826
6626.81,443514.22,5392515.62,-0.05904,-0.99826
6631.69,443513.93,5392510.60,-0.05904,-0.99826
6636.57,443513.63,5392505.58,-0.05904,-0.99826
6641.46,443513.33,5392500.56,-0.05904,-0.99826
6646.35,443513.04,5392495.54,-0.05904,-0.99826
6651.23,443512.74,5392490.52,-0.05904,-0.99826
6656.13,443512.44,5392485.50,-0.05904,-0.99826
6661.02,443512.15,5392480.48,-0.05904,-0.99826
6665.92,443511.85,5392475.46,-0.05904,-0.99826
6670.82,443511.55,5392470.44,-0.05904,-0.99826
6675.72,443511.26,5392465.42,-0.05904,-0.99826
6680.63,443510.96,5392460.40,-0.05904,-0.99826
6685.56,443510.66,5392455.38,-0.05889,-0.99826
6690.49,443510.37,5392450.36,-0.03441,-0.99941
6695.44,443510.32,5392445.34,-0.01006,-0.99995
6700.40,443510.27,5392440.31,-0.01006,-0.99995
6705.36,443510.22,5392435.28,0.00839,-0.99996
6710.34,443510.35,5392430.25,0.02865,-0.99959
6715.31,443510.50,5392425.23,0.03045,-0.99954
6720.29,443510.66,5392420.20,0.03045,-0.99954
6725.27,443510.81,5392415.18,0.03045,-0.99954
6730.24,443510.96,5392410.15,0.03045,-0.99954
6735.22,443511.12,5392405.13,0.03045,-0.99954
6740.20,443511.27,5392400.10,0.03045,-0.99954
6745.18,443511.42,5392395.07,0.03045,-0.99954
6750.17,443511.58,5392390.05,0.03045,-0.99954
6755.15,443511.73,5392385.02,0.03176,-0.99950
6760.14,443511.89,5392380.00,0.05069,-0.99871
6765.13,443512.24,5392374.98,0.06829,-0.99767
6770.13,443512.58,5392369.96,0.06829,-0.99767
6775.12,443512.92,5392364.95,0.06829,-0.99767
6780.12,443513.27,5392359.93,0.06829,-0.99767
6785.11,443513.61,5392354.92,0.06829,-0.99767
6790.11,443513.95,5392349.90,0.06829,-0.99767
6795.10,443514.30,5392344.88,0.06829,-0.99767
6800.10,443514.64,5392339.87,0.06829,-0.99767
6805.09,443514.99,5392334.85,0.06829,-0.99767
6810.09,443515.33,5392329.83,0.06829,-0.99767
6815.08,443515.67,5392324.82,0.06829,-0.99767
6820.08,443516.02,5392319.80,0.06829,-0.99767
6825.08,443516.36,5392314.79,0.10150,-0.99484
6830.08,443517.04,5392309.80,0.13511,-0.99083
6835.08,443517.72,5392304.82,0.13563,-0.99076
6840.07,443518.40,5392299.84,0.13563,-0.99076
6845.07,443519.08,5392294.86,0.16489,-0.98631
6850.05,443520.06,5392289.93,0.19516,-0.98077
6855.04,443521.04,5392285.00,0.19632,-0.98054
6860.01,443522.03,5392280.07,0.19632,-0.98054
6864.98,443523.02,5392275.14,0.19632,-0.98054
6869.94,443524.00,5392270.21,0.23592,-0.97177
6874.89,443525.39,5392265.38,0.27553,-0.96129
6879.82,443526.77,5392260.55,0.27592,-0.96118
6884.74,443528.16,5392255.72,0.27593,-0.96118
6889.65,443529.55,5392250.89,0.29009,-0.95700
6894.54,443531.07,5392246.11,0.32767,-0.94479
6899.40,443532.84,5392241.40,0.35093,-0.93640
6904.23,443534.60,5392236.70,0.36816,-0.92976
6909.05,443536.53,5392232.06,0.40046,-0.91631
6913.85,443538.62,5392227.49,0.41554,-0.90958
6918.64,443540.71,5392222.93,0.41554,-0.90958
6923.41,443542.80,5392218.36,0.41554,-0.90958
6928.14,443544.88,5392213.79,0.41554,-0.90958
6932.81,443546.97,5392209.22,0.46341,-0.88615
6937.44,443549.52,5392204.91,0.53348,-0.84581
6942.02,443552.32,5392200.74,0.55639,-0.83092
6946.59,443555.11,5392196.57,0.55640,-0.83092
6951.16,443557.90,5392192.40,0.55640,-0.83092
6955.74,443560.69,5392188.23,0.55640,-0.83092
6960.34,443563.49,5392184.06,0.55640,-0.83092
6964.96,443566.28,5392179.89,0.55640,-0.83092
6969.61,443569.07,5392175.72,0.54611,-0.83772
6974.27,443571.76,5392171.49,0.52904,-0.84860
6978.96,443574.38,5392167.20,0.52232,-0.85275
6983.66,443577.00,5392162.92,0.52232,-0.85275
6988.37,443579.63,5392158.64,0.52232,-0.85275
6993.08,443582.25,5392154.36,0.52232,-0.85275
6997.80,443584.87,5392150.08,0.52232,-0.85275
7002.53,443587.49,5392145.80,0.52232,-0.85275
7007.30,443590.11,5392141.52,0.52232,-0.85275
7012.10,443592.74,5392137.24,0.52232,-0.85275
7016.93,443595.36,5392132.96,0.47979,-0.87739
7021.79,443597.55,5392128.44,0.43334,-0.90123
7026.67,443599.71,5392123.91,0.43058,-0.90255
7031.56,443601.87,5392119.37,0.43058,-0.90255
7036.47,443604.03,5392114.84,0.43058,-0.90255
7041.39,443606.20,5392110.31,0.42240,-0.90641
7046.33,443608.28,5392105.74,0.39220,-0.91988
7051.28,443610.14,5392101.07,0.37000,-0.92903
7056.24,443611.99,5392096.40,0.37000,-0.92903
7061.21,443613.85,5392091.74,0.37000,-0.92903
7066.20,443615.71,5392087.07,0.35476,-0.93496
7071.20,443617.42,5392082.35,0.29317,-0.95606
7076.19,443618.65,5392077.48,0.24634,-0.96918
7081.19,443619.89,5392072.61,0.20178,-0.97943
7086.18,443620.68,5392067.64,0.15511,-0.98790
7091.16,443621.45,5392062.67,0.15342,-0.98816
7096.14,443622.22,5392057.71,0.15342,-0.98816
7101.12,443622.99,5392052.74,0.15342,-0.98816
7106.09,443623.76,5392047.77,0.15342,-0.98816
7111.06,443624.54,5392042.80,0.15342,-0.98816
7116.02,443625.31,5392037.84,0.12675,-0.99193
7120.98,443625.81,5392032.83,0.09293,-0.99567
7125.93,443626.24,5392027.83,0.08588,-0.99631
7130.87,443626.67,5392022.82,0.08588,-0.99631
7135.82,443627.11,5392017.81,0.08588,-0.99631
7140.77,443627.54,5392012.80,0.08588,-0.99631
7145.71,443627.97,5392007.79,0.08588,-0.99631
7150.66,443628.40,5392002.78,0.08588,-0.99631
7155.61,443628.83,5391997.77,0.08588,-0.99631
7160.57,443629.26,5391992.76,0.08588,-0.99631
7165.53,443629.70,5391987.75,0.08588,-0.99631
7170.49,443630.13,5391982.74,0.08588,-0.99631
7175.46,443630.56,5391977.73,0.10023,-0.99496
7180.44,443631.14,5391972.74,0.12512,-0.99214
7185.42,443631.82,5391967.76,0.13566,-0.99076
7190.41,443632.50,5391962.78,0.13566,-0.99076
7195.41,443633.18,5391957.80,0.16645,-0.98605
7200.41,443634.17,5391952.87,0.20287,-0.97921
7205.40,443635.22,5391947.96,0.18106,-0.98347
7210.40,443635.99,5391943.00,0.17535,-0.98451
7215.40,443636.98,5391938.07,0.21080,-0.97753
7220.40,443638.11,5391933.17,0.22945,-0.97332
7225.39,443639.29,5391928.29,0.27419,-0.96168
7230.37,443640.86,5391923.52,0.31336,-0.94963
7235.35,443642.44,5391918.74,0.31336,-0.94963
7240.32,443644.01,5391913.97,0.31337,-0.94963
7245.30,443645.59,5391909.20,0.31337,-0.94963
7250.27,443647.16,5391904.43,0.31337,-0.94963
7255.24,443648.74,5391899.66,0.31337,-0.94963
7260.21,443650.31,5391894.88,0.32275,-0.94649
7265.16,443651.98,5391890.15,0.34605,-0.93822
7270.09,443653.79,5391885.46,0.36062,-0.93271
7275.01,443655.60,5391880.77,0.39624,-0.91815
7279.91,443657.76,5391876.24,0.43061,-0.90254
7284.80,443659.93,5391871.71,0.43061,-0.90254
7289.69,443662.09,5391867.17,0.43061,-0.90254
7294.59,443664.25,5391862.64,0.43061,-0.90254
7299.49,443666.42,5391858.11,0.43061,-0.90254
7304.38,443668.58,5391853.58,0.43061,-0.90254
7309.29,443670.74,5391849.04,0.43061,-0.90254
7314.19,443672.90,5391844.51,0.43061,-0.90254
7319.11,443675.07,5391839.98,0.43061,-0.90254
7324.03,443677.23,5391835.44,0.43061,-0.90254
7328.97,443679.39,5391830.91,0.41008,-0.91205
7333.92,443681.35,5391826.29,0.37970,-0.92511
7338.88,443683.21,5391821.62,0.37003,-0.92902
7343.85,443685.06,5391816.95,0.37003,-0.92902
7348.83,443686.92,5391812.28,0.37003,-0.92902
7353.82,443688.78,5391807.62,0.34861,-0.93727
7358.82,443690.43,5391802.87,0.31592,-0.94878
7363.82,443691.96,5391798.08,0.26561,-0.96408
7368.82,443693.09,5391793.19,0.21586,-0.97643
7373.81,443694.13,5391788.27,0.20576,-0.97860
7378.79,443695.16,5391783.35,0.20576,-0.97860
7383.77,443696.19,5391778.43,0.17544,-0.98449
7388.73,443696.92,5391773.46,0.13316,-0.99110
7393.66,443697.53,5391768.47,0.12136,-0.99261
7398.57,443698.14,5391763.48,0.09677,-0.99531
7403.45,443698.50,5391758.48,0.03100,-0.99952
7408.30,443698.45,5391753.45,-0.01002,-0.99995
7413.13,443698.40,5391748.42,-0.01002,-0.99995
7417.93,443698.35,5391743.39,-0.01002,-0.99995
7422.70,443698.30,5391738.37,-0.04231,-0.99910
7427.44,443697.93,5391733.36,-0.08627,-0.99627
7432.14,443697.44,5391728.35,-0.09794,-0.99519
7436.80,443696.94,5391723.35,-0.11781,-0.99304
7441.41,443696.25,5391718.37,-0.16679,-0.98599
7445.96,443695.27,5391713.44,-0.19576,-0.98065
7450.43,443694.28,5391708.51,-0.20469,-0.97883
7454.85,443693.21,5391703.61,-0.24610,-0.96924
7459.24,443691.81,5391698.78,-0.32892,-0.94436
7463.62,443689.91,5391694.13,-0.33728,-0.94141
7467.98,443688.43,5391689.33,-0.29162,-0.95654
7472.34,443686.98,5391684.52,-0.28791,-0.95766
7476.70,443685.53,5391679.70,-0.30029,-0.95385
7481.07,443683.96,5391674.94,-0.35249,-0.93582
7485.45,443682.00,5391670.31,-0.37543,-0.92685
7489.87,443680.19,5391665.63,-0.32368,-0.94617
7494.36,443678.75,5391660.82,-0.28791,-0.95766
7498.93,443677.30,5391656.00,-0.28791,-0.95766
7503.55,443675.85,5391651.19,-0.26008,-0.96559
7508.21,443674.69,5391646.31,-0.21577,-0.97644
7512.90,443673.68,5391641.38,-0.19949,-0.97990
7517.63,443672.68,5391636.45,-0.19949,-0.97990
7522.38,443671.68,5391631.53,-0.19949,-0.97990
7527.16,443670.68,5391626.60,-0.19151,-0.98149
7531.98,443669.75,5391621.66,-0.15655,-0.98767
7536.83,443669.10,5391616.68,-0.12950,-0.99158
7541.71,443668.45,5391611.69,-0.10481,-0.99449
7546.61,443668.05,5391606.68,-0.07304,-0.99733
7551.52,443667.72,5391601.66,-0.06605,-0.99782
7556.44,443667.39,5391596.65,-0.06605,-0.99782
7561.36,443667.05,5391591.63,-0.06605,-0.99782
7566.28,443666.72,5391586.61,-0.06605,-0.99782
7571.21,443666.39,5391581.60,-0.06605,-0.99782
7576.13,443666.06,5391576.58,-0.06605,-0.99782
7581.06,443665.73,5391571.56,-0.06605,-0.99782
7585.99,443665.39,5391566.54,-0.06605,-0.99782
7590.91,443665.06,5391561.53,-0.06605,-0.99782
7595.83,443664.73,5391556.51,-0.06605,-0.99782
7600.74,443664.40,5391551.49,-0.06605,-0.99782
7605.63,443664.06,5391546.48,-0.09814,-0.99517
7610.50,443663.41,5391541.49,-0.14286,-0.98974
7615.36,443662.63,5391536.53,-0.15552,-0.98783
7620.21,443661.85,5391531.56,-0.15552,-0.98783
7625.05,443661.06,5391526.60,-0.15552,-0.98783
7629.87,443660.28,5391521.63,-0.15552,-0.98783
7634.66,443659.50,5391516.66,-0.18940,-0.98190
7639.43,443658.38,5391511.77,-0.23876,-0.97108
7644.17,443657.10,5391506.91,-0.25435,-0.96711
7648.89,443655.82,5391502.05,-0.25435,-0.96711
7653.59,443654.55,5391497.18,-0.25435,-0.96711
7658.27,443653.27,5391492.32,-0.28551,-0.95837
7662.93,443651.68,5391487.56,-0.32013,-0.94737
7667.58,443650.05,5391482.80,-0.32386,-0.94610
7672.23,443648.42,5391478.05,-0.32386,-0.94610
7676.87,443646.79,5391473.29,-0.32386,-0.94610
7681.51,443645.17,5391468.54,-0.32386,-0.94610
7686.15,443643.54,5391463.78,-0.33757,-0.94130
7690.78,443641.78,5391459.08,-0.35394,-0.93527
7695.40,443639.98,5391454.39,-0.35666,-0.93423
7700.04,443638.19,5391449.69,-0.35666,-0.93423
7704.68,443636.40,5391445.00,-0.35666,-0.93423
7709.32,443634.61,5391440.30,-0.35666,-0.93423
7713.98,443632.81,5391435.61,-0.35666,-0.93423
7718.64,443631.02,5391430.91,-0.35666,-0.93423
7723.31,443629.23,5391426.22,-0.35666,-0.93423
7727.99,443627.44,5391421.53,-0.35666,-0.93423
7732.67,443625.65,5391416.83,-0.35666,-0.93423
7737.36,443623.85,5391412.14,-0.35666,-0.93423
7742.06,443622.06,5391407.44,-0.35666,-0.93423
7746.76,443620.27,5391402.75,-0.35666,-0.93423
7751.47,443618.48,5391398.05,-0.35666,-0.93423
7756.19,443616.69,5391393.36,-0.35667,-0.93423
7760.91,443614.89,5391388.67,-0.35667,-0.93423
7765.64,443613.10,5391383.97,-0.35667,-0.93423
7770.38,443611.31,5391379.28,-0.35667,-0.93423
7775.13,443609.52,5391374.58,-0.35667,-0.93423
7779.91,443607.72,5391369.89,-0.35667,-0.93423
7784.72,443605.93,5391365.20,-0.35667,-0.93423
7789.57,443604.14,5391360.50,-0.30684,-0.95176
7794.45,443602.85,5391355.65,-0.25002,-0.96824
7799.36,443601.63,5391350.77,-0.24389,-0.96980
7804.28,443600.40,5391345.90,-0.24389,-0.96980
7809.21,443599.18,5391341.02,-0.24389,-0.96980
7814.14,443597.95,5391336.15,-0.21241,-0.97718
7819.08,443597.05,5391331.22,-0.20307,-0.97916
7824.01,443595.91,5391326.32,-0.22537,-0.97427
7828.94,443594.78,5391321.43,-0.22537,-0.97427
7833.86,443593.65,5391316.53,-0.23811,-0.97124
7838.77,443592.39,5391311.67,-0.25958,-0.96572
7843.67,443591.04,5391306.82,-0.26832,-0.96333
7848.58,443589.69,5391301.98,-0.26832,-0.96333
7853.49,443588.34,5391297.14,-0.26832,-0.96333
7858.39,443586.99,5391292.30,-0.26832,-0.96333
7863.30,443585.64,5391287.46,-0.26832,-0.96333
7868.22,443584.30,5391282.61,-0.26832,-0.96333
7873.13,443582.95,5391277.77,-0.26832,-0.96333
7878.03,443581.60,5391272.93,-0.26832,-0.96333
7882.91,443580.25,5391268.09,-0.26832,-0.96333
7887.77,443578.90,5391263.25,-0.30449,-0.95252
7892.59,443577.19,5391258.52,-0.34750,-0.93768
7897.38,443575.41,5391253.83,-0.37557,-0.92679
7902.15,443573.42,5391249.21,-0.40469,-0.91446
7906.91,443571.34,5391244.64,-0.41309,-0.91069
7911.66,443569.27,5391240.06,-0.41309,-0.91069
7916.40,443567.19,5391235.49,-0.41309,-0.91069
7921.11,443565.12,5391230.91,-0.41309,-0.91069
7925.77,443563.04,5391226.34,-0.42480,-0.90529
7930.39,443560.85,5391221.83,-0.48965,-0.87192
7934.96,443558.14,5391217.61,-0.54103,-0.84100
7939.52,443555.42,5391213.38,-0.54103,-0.84100
7944.09,443552.71,5391209.16,-0.54103,-0.84100
7948.68,443549.99,5391204.94,-0.54103,-0.84100
7953.28,443547.27,5391200.72,-0.50046,-0.86576
7957.90,443544.97,5391196.26,-0.49527,-0.86874
7962.51,443542.31,5391192.00,-0.53263,-0.84635
7967.10,443539.62,5391187.76,-0.53434,-0.84527
7971.67,443536.94,5391183.52,-0.53555,-0.84451
7976.22,443534.25,5391179.28,-0.55881,-0.82930
7980.76,443531.33,5391175.19,-0.58047,-0.81428
7985.29,443528.42,5391171.11,-0.58047,-0.81428
7989.83,443525.51,5391167.02,-0.58047,-0.81428
7994.38,443522.59,5391162.93,-0.58047,-0.81428
7998.94,443519.68,5391158.85,-0.58047,-0.81428
8003.50,443516.77,5391154.76,-0.58047,-0.81428
8008.08,443513.85,5391150.67,-0.58047,-0.81428
8012.67,443510.94,5391146.59,-0.58047,-0.81428
8017.26,443508.03,5391142.50,-0.58047,-0.81428
8021.87,443505.11,5391138.41,-0.58047,-0.81428
8026.48,443502.20,5391134.33,-0.58047,-0.81428
8031.09,443499.29,5391130.24,-0.58048,-0.81428
8035.69,443496.37,5391126.15,-0.58048,-0.81428
8040.28,443493.46,5391122.07,-0.58048,-0.81428
8044.88,443490.55,5391117.98,-0.62455,-0.78099
8049.48,443487.21,5391114.25,-0.62794,-0.77826
8054.10,443484.26,5391110.19,-0.58752,-0.80921
8058.75,443481.32,5391106.13,-0.58752,-0.80921
8063.41,443478.37,5391102.07,-0.58752,-0.80921
8068.08,443475.42,5391098.01,-0.58752,-0.80921
8072.75,443472.47,5391093.95,-0.58753,-0.80921
8077.44,443469.52,5391089.89,-0.58753,-0.80921
8082.13,443466.57,5391085.83,-0.58753,-0.80920
8086.84,443463.62,5391081.76,-0.58753,-0.80920
8091.58,443460.68,5391077.70,-0.58753,-0.80920
8096.36,443457.73,5391073.64,-0.58115,-0.81379
8101.17,443454.84,5391069.54,-0.54043,-0.84139
8106.01,443452.31,5391065.20,-0.50524,-0.86298
8110.87,443449.77,5391060.87,-0.50524,-0.86298
8115.75,443447.23,5391056.54,-0.50524,-0.86298
8120.67,443444.70,5391052.21,-0.50524,-0.86298
8125.61,443442.16,5391047.87,-0.47056,-0.88237
8130.57,443439.98,5391043.36,-0.40537,-0.91415
8135.55,443438.09,5391038.70,-0.37533,-0.92689
8140.53,443436.21,5391034.05,-0.37533,-0.92689
8145.51,443434.32,5391029.39,-0.37533,-0.92689
8150.50,443432.44,5391024.73,-0.37533,-0.92689
8155.49,443430.55,5391020.08,-0.37533,-0.92689
8160.48,443428.67,5391015.42,-0.37533,-0.92689
8165.48,443426.78,5391010.76,-0.34106,-0.94004
8170.48,443425.24,5391005.98,-0.30415,-0.95263
8175.48,443423.72,5391001.19,-0.30196,-0.95332
8180.48,443422.21,5390996.40,-0.26727,-0.96362
8185.47,443421.05,5390991.54,-0.26224,-0.96500
8190.46,443419.58,5390986.73,-0.26162,-0.96517
8195.44,443418.42,5390981.85,-0.21339,-0.97697
8200.41,443417.44,5390976.92,-0.19583,-0.98064
8205.38,443416.45,5390971.99,-0.19583,-0.98064
8210.34,443415.47,5390967.06,-0.19583,-0.98064
8215.29,443414.48,5390962.13,-0.16570,-0.98618
8220.23,443413.80,5390957.15,-0.13248,-0.99119
8225.16,443413.15,5390952.16,-0.12956,-0.99157
8230.07,443412.50,5390947.18,-0.12956,-0.99157
8234.96,443411.85,5390942.19,-0.12880,-0.99167
8239.82,443411.20,5390937.21,-0.06917,-0.99760
8244.66,443411.15,5390932.18,-0.01007,-0.99995
8249.47,443411.10,5390927.15,-0.01007,-0.99995
8254.27,443411.05,5390922.12,-0.01007,-0.99995
8259.05,443411.00,5390917.10,0.00105,-1.00000
8263.82,443411.06,5390912.07,0.03112,-0.99952
8268.57,443411.31,5390907.05,0.05005,-0.99875
8273.31,443411.57,5390902.03,0.05005,-0.99875
8278.03,443411.82,5390897.00,0.05005,-0.99875
8282.74,443412.07,5390891.98,0.06682,-0.99777
8287.43,443412.49,5390886.98,0.10050,-0.99494
8292.11,443413.08,5390881.98,0.11737,-0.99309
8296.78,443413.67,5390876.99,0.11737,-0.99309
8301.46,443414.26,5390872.00,0.11737,-0.99309
8306.14,443414.85,5390867.00,0.11737,-0.99309
8310.83,443415.44,5390862.01,0.11737,-0.99309
8315.53,443416.03,5390857.02,0.11737,-0.99309
8320.23,443416.62,5390852.02,0.11737,-0.99309
8324.94,443417.21,5390847.03,0.11737,-0.99309
8329.66,443417.80,5390842.04,0.11737,-0.99309
8334.38,443418.39,5390837.05,0.11738,-0.99309
8339.11,443418.98,5390832.05,0.11738,-0.99309
8343.84,443419.57,5390827.06,0.11738,-0.99309
8348.58,443420.16,5390822.07,0.11738,-0.99309
8353.33,443420.75,5390817.07,0.11738,-0.99309
8358.08,443421.34,5390812.08,0.11738,-0.99309
8362.84,443421.93,5390807.09,0.11738,-0.99309
8367.60,443422.52,5390802.09,0.11738,-0.99309
8372.36,443423.11,5390797.10,0.11738,-0.99309
8377.11,443423.70,5390792.11,0.11738,-0.99309
8381.83,443424.29,5390787.12,0.11738,-0.99309
8386.52,443424.88,5390782.12,0.15243,-0.98831
8391.18,443425.82,5390777.19,0.20590,-0.97857
8395.81,443426.95,5390772.29,0.22436,-0.97451
8400.40,443428.08,5390767.39,0.22436,-0.97451
8404.96,443429.21,5390762.50,0.22436,-0.97451
8409.47,443430.33,5390757.60,0.26209,-0.96504
8413.94,443431.84,5390752.81,0.31968,-0.94753
8418.35,443433.54,5390748.08,0.33969,-0.94054
8422.71,443435.25,5390743.36,0.33969,-0.94054
8426.98,443436.96,5390738.63,0.36378,-0.93149
8431.13,443438.90,5390734.00,0.39118,-0.92031
8435.16,443440.89,5390729.39,0.46086,-0.88747
8439.06,443443.51,5390725.13,0.55231,-0.83364
8442.88,443446.41,5390721.04,0.57903,-0.81530
8446.65,443449.32,5390716.95,0.57903,-0.81530
8450.36,443452.23,5390712.86,0.57903,-0.81530
8454.08,443455.13,5390708.77,0.57904,-0.81530
8457.79,443458.04,5390704.68,0.64544,-0.76381
8461.51,443461.58,5390701.14,0.71076,-0.70343
8465.22,443465.16,5390697.63,0.74280,-0.66952
8468.94,443469.02,5390694.43,0.78126,-0.62421
8472.66,443472.98,5390691.38,0.80005,-0.59993
8476.37,443477.02,5390688.43,0.85817,-0.51337
8480.09,443481.53,5390686.26,0.90122,-0.43336
8483.80,443486.04,5390684.09,0.90122,-0.43336
8487.52,443490.56,5390681.92,0.90122,-0.43336
8491.23,443495.07,5390679.75,0.91545,-0.40243
8494.95,443499.70,5390677.90,0.94534,-0.32608
8498.67,443504.50,5390676.50,0.95982,-0.28061
8502.38,443509.30,5390675.10,0.95982,-0.28061
8506.11,443514.10,5390673.69,0.95982,-0.28061
8509.86,443518.90,5390672.29,0.95982,-0.28061
8513.64,443523.70,5390670.89,0.95982,-0.28060
8517.41,443528.51,5390669.48,0.95982,-0.28060
8521.15,443533.31,5390668.08,0.95982,-0.28060
8524.87,443538.11,5390666.68,0.96510,-0.26190
8528.61,443542.95,5390665.46,0.97683,-0.21400
8532.41,443547.87,5390664.54,0.98278,-0.18476
8536.34,443552.78,5390663.61,0.97231,-0.23371
8540.45,443557.58,5390662.20,0.95691,-0.29039
8544.69,443562.35,5390660.71,0.93582,-0.35247
8549.03,443566.90,5390658.69,0.89387,-0.44833
8553.48,443571.27,5390656.24,0.89485,-0.44636
8558.01,443575.84,5390654.23,0.92413,-0.38207
8562.63,443580.51,5390652.42,0.89301,-0.45003
8567.35,443584.72,5390649.76,0.83375,-0.55214
8572.17,443588.84,5390646.90,0.82149,-0.57023
8577.05,443592.95,5390644.04,0.79218,-0.61029
8582.00,443596.71,5390640.84,0.73404,-0.67911
8586.98,443600.22,5390637.32,0.73366,-0.67952
8591.98,443604.03,5390634.06,0.66540,-0.74648
8596.98,443606.84,5390629.90,0.55963,-0.82874
8601.97,443609.65,5390625.74,0.55963,-0.82874
8606.95,443612.46,5390621.58,0.55963,-0.82874
8611.93,443615.26,5390617.42,0.55963,-0.82874
8616.88,443618.07,5390613.26,0.55963,-0.82874
8621.79,443620.88,5390609.10,0.50402,-0.86369
8626.65,443623.10,5390604.64,0.39563,-0.91841
8631.47,443624.84,5390599.92,0.34460,-0.93875
8636.24,443626.57,5390595.20,0.34460,-0.93875
8641.00,443628.30,5390590.49,0.34460,-0.93875
8645.74,443630.03,5390585.77,0.32841,-0.94454
8650.47,443631.60,5390581.00,0.30008,-0.95392
8655.19,443633.05,5390576.18,0.28800,-0.95763
8659.90,443634.49,5390571.37,0.28800,-0.95763
8664.62,443635.94,5390566.56,0.28800,-0.95763
8669.35,443637.39,5390561.75,0.28800,-0.95763
8674.08,443638.84,5390556.93,0.28800,-0.95763
8678.82,443640.28,5390552.12,0.28800,-0.95763
8683.56,443641.73,5390547.31,0.28800,-0.95763
8688.32,443643.18,5390542.50,0.28800,-0.95763
8693.10,443644.63,5390537.68,0.28800,-0.95763
8697.92,443646.07,5390532.87,0.28800,-0.95763
8702.81,443647.52,5390528.06,0.32908,-0.94430
8707.75,443649.37,5390523.39,0.38223,-0.92407
8712.72,443651.36,5390518.78,0.45056,-0.89274
8717.72,443653.88,5390514.47,0.54265,-0.83996
8722.72,443656.79,5390510.38,0.57908,-0.81527
8727.72,443659.69,5390506.29,0.57908,-0.81527
8732.70,443662.60,5390502.19,0.57908,-0.81527
8737.66,443665.50,5390498.10,0.57908,-0.81527
8742.55,443668.41,5390494.01,0.68409,-0.72940
8747.35,443672.28,5390490.88,0.79365,-0.60837
8752.03,443676.33,5390487.94,0.80937,-0.58730
8756.65,443680.39,5390485.00,0.84876,-0.52878
8761.21,443684.73,5390482.71,0.87113,-0.49106
8765.70,443689.02,5390480.13,0.85725,-0.51490
8770.13,443693.31,5390477.55,0.87788,-0.47888
8774.52,443697.79,5390475.34,0.91132,-0.41169
8778.85,443702.42,5390473.44,0.92454,-0.38109
8783.17,443707.05,5390471.53,0.92454,-0.38109
8787.49,443711.67,5390469.62,0.92454,-0.38109
8791.82,443716.30,5390467.72,0.92454,-0.38109
8796.12,443720.93,5390465.81,0.92454,-0.38109
8800.37,443725.55,5390463.90,0.92454,-0.38108
8804.57,443730.18,5390462.00,0.94239,-0.33451
8808.73,443734.96,5390460.56,0.96170,-0.27412
8812.84,443739.79,5390459.25,0.96529,-0.26118
8816.95,443744.62,5390457.95,0.96529,-0.26118
8821.07,443749.45,5390456.64,0.96529,-0.26118
8825.21,443754.28,5390455.34,0.96529,-0.26118
8829.38,443759.11,5390454.03,0.96529,-0.26118
8833.55,443763.94,5390452.72,0.96529,-0.26118
8837.75,443768.76,5390451.42,0.96529,-0.26118
8841.96,443773.59,5390450.11,0.96529,-0.26118
8846.19,443778.42,5390448.80,0.96529,-0.26118
8850.44,443783.25,5390447.50,0.96529,-0.26118
8854.70,443788.08,5390446.19,0.96529,-0.26117
8858.98,443792.91,5390444.88,0.96529,-0.26117
8863.28,443797.74,5390443.58,0.96529,-0.26117
8867.59,443802.56,5390442.27,0.96529,-0.26117
8871.94,443807.39,5390440.96,0.96529,-0.26117
8876.34,443812.22,5390439.66,0.96529,-0.26117
8880.81,443817.05,5390438.35,0.96199,-0.27309
8885.34,443821.84,5390436.93,0.94605,-0.32401
8889.96,443826.50,5390435.11,0.93201,-0.36244
8894.66,443831.17,5390433.30,0.93013,-0.36722
8899.41,443835.81,5390431.44,0.90662,-0.42195
8904.20,443840.23,5390429.08,0.88235,-0.47059
8909.02,443844.64,5390426.73,0.88235,-0.47059
8913.88,443849.06,5390424.37,0.88235,-0.47059
8918.77,443853.48,5390422.02,0.87612,-0.48209
8923.71,443857.83,5390419.55,0.85241,-0.52287
8928.69,443862.01,5390416.78,0.83413,-0.55157
8933.68,443866.19,5390414.02,0.77812,-0.62812
8938.68,443869.76,5390410.53,0.70088,-0.71328
8943.68,443873.20,5390406.88,0.68662,-0.72702
8948.66,443876.64,5390403.24,0.75562,-0.65501
8953.62,443880.47,5390400.59,0.70562,-0.70859
8958.54,443883.36,5390396.49,0.57759,-0.81633
8963.38,443886.26,5390392.39,0.56819,-0.82290
8968.16,443889.06,5390388.24,0.49852,-0.86688
8972.89,443891.25,5390383.72,0.43596,-0.89996
8977.54,443893.44,5390379.20,0.43596,-0.89996
8982.12,443895.63,5390374.67,0.42904,-0.90328
8986.61,443897.75,5390370.12,0.39128,-0.92027
8990.98,443899.56,5390365.44,0.29331,-0.95602
8995.20,443900.69,5390360.54,0.22480,-0.97440
8999.29,443901.82,5390355.64,0.19026,-0.98173
9003.29,443902.60,5390350.69,0.12004,-0.99277
9007.21,443903.02,5390345.68,0.08427,-0.99644
9011.02,443903.45,5390340.67,0.08427,-0.99644
9014.74,443903.87,5390335.66,0.08427,-0.99644
9018.45,443904.30,5390330.65,-0.00928,-0.99996
9022.17,443903.78,5390325.66,-0.12222,-0.99250
9025.88,443903.07,5390320.69,-0.16654,-0.98603
9029.60,443902.11,5390315.76,-0.20860,-0.97800
9033.32,443900.97,5390310.86,-0.22535,-0.97428
9037.03,443899.84,5390305.96,-0.30499,-0.95236
9040.75,443897.92,5390301.33,-0.39295,-0.91956
9044.46,443895.90,5390296.73,-0.40312,-0.91515
9048.18,443893.87,5390292.13,-0.40312,-0.91515
9051.89,443891.85,5390287.54,-0.45884,-0.88852
9055.61,443889.28,5390283.23,-0.52708,-0.84982
9059.33,443886.56,5390279.01,-0.54104,-0.84099
9063.04,443883.84,5390274.79,-0.54104,-0.84099
9066.78,443881.13,5390270.57,-0.54104,-0.84099
9070.54,443878.41,5390266.35,-0.54105,-0.84099
9074.33,443875.69,5390262.12,-0.54105,-0.84099
9078.14,443872.98,5390257.90,-0.54105,-0.84099
9081.95,443870.26,5390253.68,-0.54105,-0.84099
9085.76,443867.55,5390249.46,-0.54105,-0.84099
9089.59,443864.83,5390245.24,-0.55407,-0.83247
9093.49,443861.99,5390241.11,-0.59350,-0.80483
9097.48,443858.88,5390237.17,-0.57232,-0.82003
9101.56,443856.26,5390232.90,-0.49520,-0.86878
9105.74,443853.92,5390228.46,-0.46687,-0.88433
9110.00,443851.57,5390224.02,-0.46687,-0.88433
9114.31,443849.23,5390219.58,-0.46340,-0.88615
9118.66,443846.92,5390215.12,-0.44182,-0.89711
9123.07,443844.79,5390210.57,-0.42354,-0.90588
9127.53,443842.66,5390206.02,-0.42354,-0.90588
9132.05,443840.53,5390201.47,-0.41309,-0.91069
9136.65,443838.51,5390196.87,-0.37414,-0.92737
9141.34,443836.78,5390192.16,-0.34536,-0.93847
9146.12,443835.04,5390187.44,-0.32471,-0.94581
9150.96,443833.52,5390182.67,-0.22769,-0.97373
9155.85,443832.76,5390177.70,-0.15043,-0.98862
9160.77,443832.01,5390172.73,-0.15043,-0.98862
9165.70,443831.25,5390167.76,-0.15043,-0.98862
9170.65,443830.50,5390162.79,-0.15043,-0.98862
9175.62,443829.74,5390157.82,-0.15043,-0.98862
9180.61,443828.98,5390152.85,-0.07222,-0.99739
9185.60,443829.02,5390147.82,0.00927,-0.99996
9190.60,443829.08,5390142.79,0.01208,-0.99993
9195.60,443829.14,5390137.77,0.01208,-0.99993
9200.60,443829.20,5390132.74,0.01208,-0.99993
9205.60,443829.26,5390127.71,0.01208,-0.99993
9210.59,443829.32,5390122.68,0.03351,-0.99944
9215.58,443829.60,5390117.67,0.09823,-0.99516
9220.54,443830.31,5390112.69,0.14123,-0.98998
9225.49,443831.02,5390107.72,0.15296,-0.98823
9230.43,443831.84,5390102.76,0.18060,-0.98356
9235.36,443832.83,5390097.83,0.19646,-0.98051
9240.28,443833.82,5390092.90,0.19646,-0.98051
9245.19,443834.81,5390087.97,0.19646,-0.98051
9250.08,443835.79,5390083.04,0.21382,-0.97687
9254.96,443836.95,5390078.16,0.25205,-0.96771
9259.83,443838.33,5390073.32,0.27283,-0.96206
9264.70,443839.70,5390068.49,0.27284,-0.96206
9269.56,443841.07,5390063.65,0.27284,-0.96206
9274.42,443842.44,5390058.82,0.27284,-0.96206
9279.29,443843.81,5390053.98,0.27284,-0.96206
9284.15,443845.18,5390049.15,0.27284,-0.96206
9288.99,443846.55,5390044.31,0.27655,-0.96100
9293.83,443847.96,5390039.49,0.30095,-0.95364
9298.65,443849.58,5390034.73,0.32150,-0.94691
9303.45,443851.19,5390029.97,0.32150,-0.94691
9308.22,443852.81,5390025.21,0.32936,-0.94420
9312.96,443854.50,5390020.48,0.37620,-0.92654
9317.67,443856.58,5390015.91,0.41452,-0.91004
9322.35,443858.67,5390011.34,0.41452,-0.91004
9327.01,443860.75,5390006.77,0.41485,-0.90989
9331.66,443862.83,5390002.20,0.43936,-0.89831
9336.30,443865.16,5389997.75,0.46324,-0.88623
9340.93,443867.49,5389993.30,0.46324,-0.88623
9345.57,443869.81,5389988.85,0.46324,-0.88623
9350.21,443872.14,5389984.40,0.46324,-0.88623
9354.86,443874.47,5389979.95,0.46324,-0.88623
9359.52,443876.79,5389975.50,0.46324,-0.88623
9364.18,443879.12,5389971.05,0.46324,-0.88623
9368.85,443881.45,5389966.59,0.46324,-0.88623
9373.53,443883.77,5389962.14,0.46324,-0.88623
9378.22,443886.10,5389957.69,0.46324,-0.88623
9382.91,443888.42,5389953.24,0.46324,-0.88623
9387.61,443890.75,5389948.79,0.46325,-0.88623
9392.32,443893.08,5389944.34,0.46325,-0.88623
9397.03,443895.40,5389939.89,0.46325,-0.88623
9401.75,443897.73,5389935.44,0.46325,-0.88623
9406.48,443900.06,5389930.99,0.46325,-0.88623
9411.21,443902.38,5389926.54,0.46325,-0.88623
9415.95,443904.71,5389922.09,0.46325,-0.88623
9420.69,443907.04,5389917.64,0.46325,-0.88623
9425.44,443909.36,5389913.19,0.46325,-0.88623
9430.19,443911.69,5389908.74,0.46325,-0.88623
9434.95,443914.02,5389904.29,0.46325,-0.88623
9439.72,443916.34,5389899.83,0.46325,-0.88623
9444.49,443918.67,5389895.38,0.46325,-0.88623
9449.26,443920.99,5389890.93,0.46325,-0.88623
9454.04,443923.32,5389886.48,0.46325,-0.88623
9458.83,443925.65,5389882.03,0.46326,-0.88622
9463.63,443927.97,5389877.58,0.46326,-0.88622
9468.44,443930.30,5389873.13,0.46326,-0.88622
9473.27,443932.63,5389868.68,0.44878,-0.89364
9478.11,443934.81,5389864.16,0.43224,-0.90176
9482.96,443936.97,5389859.62,0.43029,-0.90269
9487.81,443939.13,5389855.09,0.43029,-0.90269
9492.67,443941.29,5389850.55,0.43029,-0.90269
9497.54,443943.45,5389846.02,0.43029,-0.90269
9502.40,443945.61,5389841.48,0.43029,-0.90269
9507.28,443947.78,5389836.95,0.43029,-0.90269
9512.19,443949.94,5389832.42,0.43029,-0.90269
9517.14,443952.10,5389827.88,0.43029,-0.90269
9522.13,443954.26,5389823.35,0.36267,-0.93192
9527.13,443955.72,5389818.59,0.23037,-0.97310
9532.11,443956.56,5389813.63,0.16311,-0.98661
9537.06,443957.35,5389808.67,0.08660,-0.99624
9541.99,443957.43,5389803.64,0.01456,-0.99989
9546.89,443957.50,5389798.62,0.01456,-0.99989
9551.80,443957.57,5389793.59,0.01456,-0.99989
9556.72,443957.65,5389788.56,0.01456,-0.99989
9561.65,443957.72,5389783.53,0.01764,-0.99984
9566.59,443957.83,5389778.51,0.05069,-0.99871
9571.54,443958.23,5389773.50,0.08062,-0.99674
9576.50,443958.64,5389768.48,0.08062,-0.99674
9581.47,443959.04,5389763.47,0.08062,-0.99674
9586.43,443959.45,5389758.46,0.08062,-0.99674
9591.39,443959.85,5389753.45,0.08062,-0.99674
9596.36,443960.26,5389748.44,0.08062,-0.99674
9601.33,443960.66,5389743.43,0.08062,-0.99674
9606.29,443961.07,5389738.41,0.08062,-0.99674
9611.25,443961.47,5389733.40,0.08062,-0.99674
9616.19,443961.88,5389728.39,0.08062,-0.99674
9621.11,443962.28,5389723.38,0.03695,-0.99932
9626.02,443962.25,5389718.36,-0.01984,-0.99980
9630.91,443962.08,5389713.33,-0.03281,-0.99946
9635.79,443961.92,5389708.31,-0.03281,-0.99946
9640.67,443961.75,5389703.28,-0.03281,-0.99946
9645.54,443961.59,5389698.26,-0.03281,-0.99946
9650.40,443961.42,5389693.23,-0.04186,-0.99912
9655.25,443961.17,5389688.21,-0.06715,-0.99774
9660.07,443960.75,5389683.20,-0.09972,-0.99502
9664.85,443960.17,5389678.21,-0.10676,-0.99429
9669.56,443959.68,5389673.22,-0.07585,-0.99712
9674.21,443959.41,5389668.23,-0.19125,-0.98154
9678.75,443957.78,5389663.48,-0.31050,-0.95057
9683.16,443956.29,5389658.69,-0.26136,-0.96524
9687.47,443955.16,5389653.79,-0.33254,-0.94309
9691.69,443952.97,5389649.28,-0.44492,-0.89557
9695.75,443950.69,5389644.80,-0.45388,-0.89106
9699.66,443948.41,5389640.33,-0.45388,-0.89106
9703.43,443946.13,5389635.85,-0.51534,-0.85699
9707.14,443943.25,5389631.75,-0.61933,-0.78513
9710.86,443939.93,5389627.99,-0.66230,-0.74924
9714.58,443936.61,5389624.23,-0.66230,-0.74924
9718.29,443933.29,5389620.47,-0.68649,-0.72714
9722.01,443929.74,5389616.95,-0.75102,-0.66028
9725.72,443925.78,5389613.88,-0.78916,-0.61419
9729.44,443921.83,5389610.80,-0.78916,-0.61419
9733.15,443917.87,5389607.72,-0.84583,-0.53345
9736.87,443913.42,5389605.49,-0.90606,-0.42314
9740.59,443908.83,5389603.50,-0.91689,-0.39913
9744.30,443904.24,5389601.50,-0.91689,-0.39913
9748.02,443899.65,5389599.50,-0.92335,-0.38395
9751.73,443895.00,5389597.66,-0.93720,-0.34880
9755.46,443890.27,5389596.01,-0.94440,-0.32879
9759.17,443885.55,5389594.37,-0.94132,-0.33752
9762.89,443880.86,5389592.63,-0.92492,-0.38017
9766.60,443876.31,5389590.57,-0.93906,-0.34375
9770.32,443871.50,5389589.21,-0.96229,-0.27202
9774.03,443866.68,5389587.85,-0.96229,-0.27202
9777.75,443861.87,5389586.49,-0.96229,-0.27202
9781.50,443857.05,5389585.12,-0.96229,-0.27202
9785.27,443852.24,5389583.76,-0.96229,-0.27202
9789.07,443847.42,5389582.40,-0.96229,-0.27202
9792.89,443842.61,5389581.04,-0.96229,-0.27202
9796.76,443837.79,5389579.68,-0.96229,-0.27201
9800.71,443832.98,5389578.32,-0.96229,-0.27201
9804.78,443828.16,5389576.96,-0.96056,-0.27806
9808.99,443823.37,5389575.54,-0.94463,-0.32812
9813.34,443818.72,5389573.68,-0.91905,-0.39414
9817.79,443814.18,5389571.60,-0.89072,-0.45455
9822.32,443809.82,5389569.14,-0.87086,-0.49153
9826.89,443805.46,5389566.67,-0.87086,-0.49153
9831.48,443801.10,5389564.21,-0.87086,-0.49153
9836.08,443796.74,5389561.75,-0.87086,-0.49153
9840.68,443792.37,5389559.29,-0.87086,-0.49152
9845.30,443788.01,5389556.83,-0.87086,-0.49152
9849.92,443783.65,5389554.37,-0.87086,-0.49152
9854.55,443779.29,5389551.90,-0.87087,-0.49152
9859.19,443774.93,5389549.44,-0.87087,-0.49152
9863.84,443770.57,5389546.98,-0.87087,-0.49152
9868.54,443766.21,5389544.52,-0.87087,-0.49152
9873.29,443761.85,5389542.06,-0.87087,-0.49152
9878.09,443757.48,5389539.60,-0.84516,-0.53451
9882.94,443753.40,5389536.72,-0.79862,-0.60184
9887.82,443749.50,5389533.58,-0.77924,-0.62673
9892.72,443745.59,5389530.44,-0.77924,-0.62673
9897.63,443741.69,5389527.30,-0.77924,-0.62673
9902.53,443737.78,5389524.15,-0.77924,-0.62673
9907.44,443733.87,5389521.01,-0.77924,-0.62672
9912.35,443729.97,5389517.87,-0.77924,-0.62672
9917.27,443726.06,5389514.73,-0.77924,-0.62672
9922.20,443722.16,5389511.59,-0.77924,-0.62672
9927.14,443718.25,5389508.45,-0.77924,-0.62672
9932.10,443714.35,5389505.31,-0.75833,-0.65187
9937.06,443710.66,5389501.92,-0.73021,-0.68322
9942.04,443707.03,5389498.46,-0.72377,-0.69005
9947.01,443703.40,5389495.00,-0.72377,-0.69004
9951.99,443699.77,5389491.54,-0.72377,-0.69004
9956.97,443696.14,5389488.08,-0.72377,-0.69004
9961.95,443692.51,5389484.62,-0.72377,-0.69004
9966.93,443688.88,5389481.16,-0.72377,-0.69004
9971.92,443685.25,5389477.70,-0.72377,-0.69004
9976.91,443681.62,5389474.24,-0.71426,-0.69988
9981.90,443678.09,5389470.68,-0.69683,-0.71724
9986.90,443674.63,5389467.04,-0.68897,-0.72479
9991.90,443671.18,5389463.41,-0.68897,-0.72479
9996.89,443667.72,5389459.77,-0.68897,-0.72479
10001.89,443664.27,5389456.14,-0.68897,-0.72479
10006.89,443660.81,5389452.50,-0.68897,-0.72479
10011.88,443657.36,5389448.87,-0.68897,-0.72479
10016.88,443653.90,5389445.23,-0.68897,-0.72479
10021.88,443650.44,5389441.60,-0.68897,-0.72479
10026.88,443646.99,5389437.96,-0.66806,-0.74411
10031.88,443643.75,5389434.14,-0.64316,-0.76574
10036.88,443640.54,5389430.28,-0.63969,-0.76863
10041.88,443637.33,5389426.42,-0.63970,-0.76863
10046.87,443634.12,5389422.57,-0.63970,-0.76863
10051.87,443630.91,5389418.71,-0.63970,-0.76863
10056.87,443627.70,5389414.85,-0.63970,-0.76863
10061.86,443624.49,5389411.00,-0.62987,-0.77670
10066.85,443621.38,5389407.06,-0.60664,-0.79498
10071.83,443618.40,5389403.02,-0.59317,-0.80508
10076.81,443615.42,5389398.98,-0.59317,-0.80508
10081.80,443612.45,5389394.94,-0.59317,-0.80508
10086.78,443609.47,5389390.90,-0.59317,-0.80507
10091.76,443606.49,5389386.86,-0.59317,-0.80507
10096.75,443603.52,5389382.82,-0.59317,-0.80507
10101.73,443600.54,5389378.78,-0.59318,-0.80507
10106.71,443597.56,5389374.74,-0.59318,-0.80507
10111.70,443594.58,5389370.70,-0.59318,-0.80507
10116.68,443591.61,5389366.65,-0.59318,-0.80507
10121.65,443588.63,5389362.61,-0.58975,-0.80758
10126.62,443585.69,5389358.55,-0.56506,-0.82505
10131.58,443582.96,5389354.33,-0.54344,-0.83945
10136.54,443580.23,5389350.12,-0.54344,-0.83945
10141.50,443577.50,5389345.91,-0.54344,-0.83945
10146.45,443574.77,5389341.69,-0.54344,-0.83945
10151.41,443572.05,5389337.48,-0.54344,-0.83945
10156.37,443569.32,5389333.26,-0.54344,-0.83945
10161.33,443566.59,5389329.05,-0.54344,-0.83945
10166.30,443563.86,5389324.83,-0.54344,-0.83945
10171.26,443561.13,5389320.62,-0.54344,-0.83945
10176.22,443558.40,5389316.40,-0.54344,-0.83944
10181.19,443555.68,5389312.19,-0.54345,-0.83944
10186.15,443552.95,5389307.98,-0.54345,-0.83944
10191.12,443550.22,5389303.76,-0.54345,-0.83944
10196.08,443547.49,5389299.55,-0.54345,-0.83944
10201.05,443544.76,5389295.33,-0.54345,-0.83944
10206.02,443542.03,5389291.12,-0.54345,-0.83944
10210.99,443539.31,5389286.90,-0.54345,-0.83944
10215.96,443536.58,5389282.69,-0.54345,-0.83944
10220.93,443533.85,5389278.48,-0.54345,-0.83944
10225.90,443531.12,5389274.26,-0.54345,-0.83944
10230.87,443528.39,5389270.05,-0.54345,-0.83944
10235.84,443525.66,5389265.83,-0.54345,-0.83944
10240.81,443522.93,5389261.62,-0.54345,-0.83944
10245.79,443520.21,5389257.40,-0.54345,-0.83944
10250.76,443517.48,5389253.19,-0.54346,-0.83944
10255.73,443514.75,5389248.97,-0.54346,-0.83944
10260.70,443512.02,5389244.76,-0.54346,-0.83944
10265.67,443509.29,5389240.55,-0.54346,-0.83944
10270.63,443506.56,5389236.33,-0.52974,-0.84816
10275.58,443503.98,5389232.03,-0.50327,-0.86413
10280.52,443501.51,5389227.66,-0.49055,-0.87141
10285.47,443499.05,5389223.28,-0.49055,-0.87141
10290.41,443496.58,5389218.90,-0.49055,-0.87141
10295.35,443494.12,5389214.53,-0.49056,-0.87141
10300.29,443491.66,5389210.15,-0.49056,-0.87141
10305.24,443489.19,5389205.77,-0.49056,-0.87141
10310.19,443486.73,5389201.40,-0.49056,-0.87141
10315.13,443484.27,5389197.02,-0.49056,-0.87141
10320.07,443481.80,5389192.65,-0.49056,-0.87141
10324.99,443479.34,5389188.27,-0.49056,-0.87141
10329.91,443476.88,5389183.89,-0.46077,-0.88752
10334.83,443474.72,5389179.36,-0.41414,-0.91021
10339.74,443472.72,5389174.76,-0.39879,-0.91704
10344.66,443470.71,5389170.15,-0.48227,-0.87602
10349.56,443467.90,5389165.99,-0.50354,-0.86397
10354.46,443465.68,5389161.51,-0.41571,-0.90950
10359.34,443463.73,5389156.88,-0.38726,-0.92197
10364.20,443461.78,5389152.25,-0.38726,-0.92197
10369.07,443459.84,5389147.62,-0.38726,-0.92197
10373.93,443457.89,5389142.98,-0.38726,-0.92197
10378.80,443455.95,5389138.35,-0.38726,-0.92197
10383.67,443454.00,5389133.72,-0.38726,-0.92197
10388.54,443452.06,5389129.09,-0.38726,-0.92197
10393.42,443450.11,5389124.45,-0.38726,-0.92197
10398.30,443448.16,5389119.82,-0.38726,-0.92197
10403.18,443446.22,5389115.19,-0.38726,-0.92197
10408.07,443444.27,5389110.56,-0.38726,-0.92197
10412.95,443442.33,5389105.92,-0.38726,-0.92197
10417.84,443440.38,5389101.29,-0.38726,-0.92197
10422.73,443438.43,5389096.66,-0.38726,-0.92197
10427.63,443436.49,5389092.03,-0.38726,-0.92197
10432.52,443434.54,5389087.40,-0.38726,-0.92197
10437.42,443432.60,5389082.76,-0.38726,-0.92197
10442.32,443430.65,5389078.13,-0.38726,-0.92197
10447.23,443428.71,5389073.50,-0.38727,-0.92197
10452.13,443426.76,5389068.87,-0.38727,-0.92197
10457.03,443424.81,5389064.23,-0.38727,-0.92197
10461.92,443422.87,5389059.60,-0.38677,-0.92218
10466.81,443420.93,5389054.97,-0.36717,-0.93016
10471.69,443419.18,5389050.26,-0.34791,-0.93753
10476.56,443417.43,5389045.54,-0.34791,-0.93753
10481.44,443415.68,5389040.83,-0.34791,-0.93753
10486.32,443413.93,5389036.12,-0.34791,-0.93753
10491.20,443412.19,5389031.41,-0.34791,-0.93753
10496.08,443410.44,5389026.70,-0.34791,-0.93753
10500.95,443408.69,5389021.99,-0.34791,-0.93753
10505.82,443406.94,5389017.28,-0.33479,-0.94229
10510.68,443405.33,5389012.52,-0.31823,-0.94801
10515.54,443403.74,5389007.75,-0.31487,-0.94914
10520.40,443402.16,5389002.98,-0.31487,-0.94914
10525.26,443400.58,5388998.21,-0.31487,-0.94913
10530.11,443399.00,5388993.44,-0.31487,-0.94913
10534.94,443397.41,5388988.67,-0.31487,-0.94913
10539.75,443395.83,5388983.90,-0.28668,-0.95803
10544.54,443394.53,5388979.05,-0.23886,-0.97105
10549.30,443393.43,5388974.14,-0.21944,-0.97563
10554.06,443392.33,5388969.24,-0.21944,-0.97563
10558.82,443391.23,5388964.34,-0.21944,-0.97563
10563.58,443390.12,5388959.43,-0.21944,-0.97563
10568.33,443389.02,5388954.53,-0.21944,-0.97563
10573.07,443387.92,5388949.62,-0.21944,-0.97563
10577.79,443386.81,5388944.72,-0.19149,-0.98150
10582.50,443385.99,5388939.76,-0.16050,-0.98704
10587.20,443385.20,5388934.79,-0.15763,-0.98750
10591.90,443384.41,5388929.83,-0.15763,-0.98750
10596.60,443383.61,5388924.86,-0.15763,-0.98750
10601.31,443382.82,5388919.90,-0.15763,-0.98750
10606.03,443382.03,5388914.93,-0.15763,-0.98750
10610.76,443381.24,5388909.97,-0.15763,-0.98750
10615.49,443380.44,5388905.01,-0.15763,-0.98750
10620.22,443379.65,5388900.04,-0.15763,-0.98750
10624.97,443378.86,5388895.08,-0.15763,-0.98750
10629.71,443378.07,5388890.11,-0.15763,-0.98750
10634.47,443377.27,5388885.15,-0.15763,-0.98750
10639.22,443376.48,5388880.18,-0.15763,-0.98750
10643.99,443375.69,5388875.22,-0.15764,-0.98750
10648.76,443374.90,5388870.25,-0.15764,-0.98750
10653.53,443374.10,5388865.29,-0.15764,-0.98750
10658.31,443373.31,5388860.32,-0.15764,-0.98750
10663.09,443372.52,5388855.36,-0.15764,-0.98750
10667.88,443371.73,5388850.39,-0.15764,-0.98750
10672.68,443370.93,5388845.43,-0.15764,-0.98750
10677.47,443370.14,5388840.46,-0.15764,-0.98750
10682.28,443369.35,5388835.50,-0.15764,-0.98750
10687.08,443368.56,5388830.53,-0.15764,-0.98750
10691.89,443367.76,5388825.57,-0.15764,-0.98750
10696.71,443366.97,5388820.60,-0.15764,-0.98750
10701.53,443366.18,5388815.64,-0.15764,-0.98750
10706.35,443365.39,5388810.68,-0.15764,-0.98750
10711.18,443364.59,5388805.71,-0.15764,-0.98750
10716.00,443363.80,5388800.75,-0.15764,-0.98750
10720.80,443363.01,5388795.78,-0.15764,-0.98750
10725.58,443362.22,5388790.82,-0.14979,-0.98872
10730.34,443361.50,5388785.84,-0.10124,-0.99486
10735.07,443361.20,5388780.82,-0.06041,-0.99817
10739.79,443360.89,5388775.80,-0.06041,-0.99817
10744.51,443360.59,5388770.79,-0.06041,-0.99817
10749.23,443360.29,5388765.77,-0.06041,-0.99817
10753.96,443359.98,5388760.75,-0.06041,-0.99817
10758.70,443359.68,5388755.73,-0.06041,-0.99817
10763.44,443359.38,5388750.71,-0.06041,-0.99817
10768.19,443359.07,5388745.69,-0.06041,-0.99817
10772.94,443358.77,5388740.67,-0.06041,-0.99817
10777.70,443358.46,5388735.65,-0.06041,-0.99817
10782.46,443358.16,5388730.63,-0.06041,-0.99817
10787.23,443357.86,5388725.62,-0.06041,-0.99817
10792.00,443357.55,5388720.60,-0.06041,-0.99817
10796.78,443357.25,5388715.58,-0.06041,-0.99817
10801.56,443356.95,5388710.56,-0.06041,-0.99817
10806.35,443356.64,5388705.54,-0.06041,-0.99817
10811.14,443356.34,5388700.52,-0.06041,-0.99817
10815.93,443356.03,5388695.50,-0.06041,-0.99817
10820.72,443355.73,5388690.48,-0.06041,-0.99817
10825.50,443355.43,5388685.46,-0.04731,-0.99888
10830.27,443355.26,5388680.44,-0.03085,-0.99952
10835.04,443355.12,5388675.41,-0.02751,-0.99962
10839.82,443354.98,5388670.39,-0.02751,-0.99962
10844.60,443354.84,5388665.36,-0.02751,-0.99962
10849.38,443354.70,5388660.33,-0.02751,-0.99962
10854.18,443354.56,5388655.31,-0.02751,-0.99962
10858.99,443354.43,5388650.28,-0.02751,-0.99962
10863.81,443354.29,5388645.26,-0.03542,-0.99937
10868.65,443354.07,5388640.23,-0.05546,-0.99846
10873.50,443353.73,5388635.22,-0.06758,-0.99771
10878.35,443353.39,5388630.20,-0.06758,-0.99771
10883.22,443353.05,5388625.18,-0.06758,-0.99771
10888.08,443352.71,5388620.17,-0.06758,-0.99771
10892.95,443352.37,5388615.15,-0.06758,-0.99771
10897.82,443352.03,5388610.13,-0.06758,-0.99771
10902.69,443351.69,5388605.12,-0.06758,-0.99771
10907.55,443351.35,5388600.10,-0.06758,-0.99771
10912.41,443351.01,5388595.08,-0.06161,-0.99810
10917.25,443350.73,5388590.07,-0.03286,-0.99946
10922.08,443350.68,5388585.04,-0.01008,-0.99995
10926.90,443350.63,5388580.01,-0.01008,-0.99995
10931.73,443350.58,5388574.98,-0.01008,-0.99995
10936.56,443350.53,5388569.95,-0.01008,-0.99995
10941.39,443350.48,5388564.93,-0.01008,-0.99995
10946.22,443350.43,5388559.90,-0.01008,-0.99995
10951.04,443350.38,5388554.87,-0.01008,-0.99995
10955.83,443350.33,5388549.84,-0.01008,-0.99995
10960.61,443350.28,5388544.81,0.03345,-0.99944
10965.36,443350.66,5388539.80,0.08057,-0.99675
10970.09,443351.09,5388534.79,0.08420,-0.99645
10974.82,443351.51,5388529.78,0.08420,-0.99645
10979.55,443351.93,5388524.77,0.08421,-0.99645
10984.30,443352.36,5388519.76,0.08421,-0.99645
10989.04,443352.78,5388514.75,0.08421,-0.99645
10993.79,443353.20,5388509.74,0.08421,-0.99645
10998.54,443353.63,5388504.73,0.08421,-0.99645
11003.28,443354.05,5388499.72,0.08421,-0.99645
11007.99,443354.47,5388494.71,0.08609,-0.99629
11012.67,443354.91,5388489.70,0.13217,-0.99123
11017.35,443355.80,5388484.76,0.17611,-0.98437
11022.03,443356.69,5388479.81,0.17611,-0.98437
11026.72,443357.57,5388474.86,0.15278,-0.98826
11031.44,443358.22,5388469.87,0.12647,-0.99197
11036.18,443358.84,5388464.88,0.12358,-0.99234
11040.93,443359.46,5388459.89,0.12358,-0.99234
11045.68,443360.09,5388454.91,0.12358,-0.99234
11050.44,443360.71,5388449.92,0.12358,-0.99233
11055.21,443361.33,5388444.93,0.12358,-0.99233
11059.98,443361.95,5388439.94,0.12358,-0.99233
11064.76,443362.57,5388434.95,0.12358,-0.99233
11069.54,443363.19,5388429.96,0.12358,-0.99233
11074.33,443363.81,5388424.97,0.12358,-0.99233
11079.13,443364.43,5388419.98,0.12358,-0.99233
11083.95,443365.06,5388414.99,0.12358,-0.99233
11088.78,443365.68,5388410.00,0.10633,-0.99433
11093.63,443366.12,5388405.00,0.08256,-0.99659
11098.49,443366.51,5388399.98,0.07607,-0.99710
11103.38,443366.89,5388394.97,0.07607,-0.99710
11108.29,443367.27,5388389.96,0.07607,-0.99710
11113.23,443367.65,5388384.94,0.04927,-0.99879
11118.21,443367.77,5388379.92,-0.00783,-0.99997
11123.21,443367.58,5388374.90,-0.07122,-0.99746
11128.20,443367.05,5388369.90,-0.15909,-0.98726
11133.16,443365.98,5388365.00,-0.23230,-0.97264
11138.06,443364.72,5388360.13,-0.30319,-0.95293
11142.87,443362.94,5388355.44,-0.37983,-0.92505
11147.58,443360.91,5388350.86,-0.46149,-0.88715
11152.18,443358.32,5388346.56,-0.51618,-0.85648
11156.67,443355.73,5388342.26,-0.56255,-0.82677
11161.06,443352.68,5388338.27,-0.60970,-0.79264
11165.36,443349.61,5388334.30,-0.64561,-0.76367
11169.53,443346.21,5388330.61,-0.67789,-0.73516
11173.55,443342.81,5388326.92,-0.67789,-0.73516
11177.42,443339.41,5388323.24,-0.74241,-0.66995
11181.14,443335.42,5388320.26,-0.82192,-0.56961
11184.85,443331.20,5388317.55,-0.84159,-0.54012
11188.57,443326.98,5388314.84,-0.84159,-0.54012
11192.29,443322.77,5388312.14,-0.86718,-0.49800
11196.00,443318.32,5388309.87,-0.90122,-0.43336
11199.72,443313.75,5388307.80,-0.93784,-0.34707
11203.43,443308.99,5388306.41,-0.97370,-0.22782
11207.15,443304.06,5388305.54,-0.98588,-0.16747
11210.86,443299.12,5388304.74,-0.99273,-0.12034
11214.58,443294.14,5388304.33,-0.99671,-0.08103
11218.30,443289.15,5388303.93,-0.99671,-0.08103
11222.03,443284.17,5388303.52,-0.99671,-0.08103
11225.78,443279.18,5388303.12,-0.99671,-0.08103
11229.57,443274.19,5388302.71,-0.99671,-0.08103
11233.38,443269.21,5388302.31,-0.99671,-0.08103
11237.25,443264.22,5388301.90,-0.99671,-0.08102
11241.18,443259.24,5388301.50,-0.99671,-0.08102
11245.15,443254.25,5388301.09,-0.99439,-0.10579
11249.15,443249.30,5388300.44,-0.98919,-0.14661
11253.17,443244.37,5388299.63,-0.99178,-0.12797
11257.19,443239.39,5388299.16,-0.99565,-0.09317
11261.21,443234.41,5388298.69,-0.99565,-0.09317
11265.24,443229.43,5388298.23,-0.99565,-0.09317
11269.28,443224.44,5388297.76,-0.99565,-0.09317
11273.35,443219.46,5388297.30,-0.99565,-0.09317
11277.44,443214.48,5388296.83,-0.99565,-0.09317
11281.55,443209.50,5388296.36,-0.99565,-0.09317
11285.68,443204.52,5388295.90,-0.99565,-0.09317
11289.82,443199.54,5388295.43,-0.99565,-0.09317
11293.99,443194.56,5388294.97,-0.99565,-0.09317
11298.17,443189.58,5388294.50,-0.99565,-0.09316
11302.37,443184.60,5388294.03,-0.99565,-0.09316
11306.59,443179.62,5388293.57,-0.99565,-0.09316
11310.82,443174.64,5388293.10,-0.99565,-0.09316
11315.07,443169.65,5388292.63,-0.99565,-0.09316
11319.34,443164.67,5388292.17,-0.99565,-0.09316
11323.62,443159.69,5388291.70,-0.99565,-0.09316
11327.92,443154.71,5388291.24,-0.99565,-0.09316
11332.23,443149.73,5388290.77,-0.99565,-0.09316
11336.56,443144.75,5388290.30,-0.99565,-0.09316
11340.90,443139.77,5388289.84,-0.99565,-0.09316
11345.26,443134.79,5388289.37,-0.99565,-0.09316
11349.63,443129.81,5388288.91,-0.99565,-0.09315
11354.01,443124.83,5388288.44,-0.99565,-0.09315
11358.41,443119.85,5388287.97,-0.99565,-0.09315
11362.82,443114.86,5388287.51,-0.99565,-0.09315
11367.24,443109.88,5388287.04,-0.99565,-0.09315
11371.68,443104.90,5388286.58,-0.99565,-0.09315
11376.13,443099.92,5388286.11,-0.99565,-0.09315
11380.59,443094.94,5388285.64,-0.99565,-0.09315
11385.06,443089.96,5388285.18,-0.99565,-0.09315
11389.54,443084.98,5388284.71,-0.99565,-0.09315
11394.03,443080.00,5388284.25,-0.99565,-0.09315
11398.54,443075.02,5388283.78,-0.99565,-0.09314
11403.06,443070.04,5388283.31,-0.99565,-0.09314
11407.58,443065.06,5388282.85,-0.99565,-0.09314
11412.12,443060.07,5388282.38,-0.99565,-0.09314
11416.67,443055.09,5388281.92,-0.99565,-0.09314
11421.22,443050.11,5388281.45,-0.99565,-0.09314
11425.79,443045.13,5388280.98,-0.99565,-0.09314
11430.37,443040.15,5388280.52,-0.99565,-0.09314
11434.95,443035.17,5388280.05,-0.99565,-0.09314
11439.54,443030.19,5388279.59,-0.99565,-0.09314
11444.15,443025.21,5388279.12,-0.99565,-0.09314
11448.76,443020.23,5388278.66,-0.99565,-0.09313
11453.38,443015.25,5388278.19,-0.99565,-0.09313
11458.01,443010.27,5388277.72,-0.99565,-0.09313
11462.65,443005.28,5388277.26,-0.99565,-0.09313
11467.31,443000.30,5388276.79,-0.99565,-0.09313
11472.00,442995.32,5388276.33,-0.99565,-0.09313
11476.72,442990.34,5388275.86,-0.99322,-0.11628
11481.47,442985.39,5388275.16,-0.98874,-0.14967
11486.24,442980.45,5388274.36,-0.98712,-0.15995
11491.01,442975.51,5388273.56,-0.98712,-0.15995
11495.75,442970.57,5388272.76,-0.98713,-0.15995
11500.47,442965.63,5388271.96,-0.99054,-0.13720
11505.17,442960.67,5388271.39,-0.99615,-0.08763
11509.84,442955.68,5388271.09,-0.99815,-0.06088
11514.50,442950.68,5388270.78,-0.99815,-0.06088
11519.16,442945.69,5388270.48,-0.99815,-0.06088
11523.83,442940.70,5388270.17,-0.99815,-0.06088
11528.51,442935.70,5388269.87,-0.99815,-0.06087
11533.19,442930.71,5388269.56,-0.99815,-0.06087
11537.88,442925.72,5388269.26,-0.99815,-0.06087
11542.58,442920.72,5388268.95,-0.99815,-0.06087
11547.28,442915.73,5388268.65,-0.99815,-0.06087
11551.99,442910.74,5388268.35,-0.99815,-0.06087
11556.71,442905.75,5388268.04,-0.99815,-0.06087
11561.43,442900.75,5388267.74,-0.99815,-0.06087
11566.16,442895.76,5388267.43,-0.99815,-0.06087
11570.90,442890.77,5388267.13,-0.99815,-0.06087
11575.64,442885.77,5388266.82,-0.99815,-0.06087
11580.38,442880.78,5388266.52,-0.99815,-0.06086
11585.14,442875.79,5388266.21,-0.99815,-0.06086
11589.89,442870.79,5388265.91,-0.99815,-0.06086
11594.66,442865.80,5388265.60,-0.99815,-0.06086
11599.42,442860.81,5388265.30,-0.99815,-0.06086
11604.20,442855.81,5388265.00,-0.99815,-0.06086
11608.98,442850.82,5388264.69,-0.99815,-0.06086
11613.76,442845.83,5388264.39,-0.99815,-0.06086
11618.55,442840.83,5388264.08,-0.99815,-0.06086
11623.34,442835.84,5388263.78,-0.99815,-0.06086
11628.14,442830.85,5388263.47,-0.99815,-0.06086
11632.94,442825.85,5388263.17,-0.99815,-0.06086
11637.74,442820.86,5388262.86,-0.99815,-0.06085
11642.52,442815.87,5388262.56,-0.99815,-0.06085
11647.29,442810.87,5388262.26,-0.99849,-0.05501
11652.05,442805.88,5388262.01,-0.99981,-0.01949
11656.79,442800.88,5388262.06,-0.99995,0.01017
11661.52,442795.87,5388262.11,-0.99995,0.01017
11666.25,442790.87,5388262.16,-0.99995,0.01017
11670.97,442785.87,5388262.21,-0.99995,0.01018
11675.66,442780.87,5388262.26,-0.99995,0.01018
11680.33,442775.87,5388262.32,-0.99995,0.01018
11684.97,442770.86,5388262.37,-0.99251,0.12218
11689.57,442766.23,5388263.50,-0.99219,0.12471
11694.13,442761.24,5388263.58,-0.99840,0.05646
11698.67,442756.28,5388264.06,-0.99038,0.13837
11703.19,442751.36,5388264.96,-0.98395,0.17842
11707.69,442746.43,5388265.85,-0.98395,0.17842
11712.19,442741.51,5388266.74,-0.98395,0.17843
11716.71,442736.59,5388267.63,-0.98395,0.17843
11721.26,442731.66,5388268.53,-0.98395,0.17843
11725.84,442726.74,5388269.42,-0.98395,0.17843
11730.41,442721.82,5388270.31,-0.99176,0.12810
11734.97,442716.85,5388270.70,-0.99523,0.09752
11739.53,442711.89,5388271.29,-0.98114,0.19329
11744.06,442707.17,5388272.60,-0.96723,0.25392
11748.60,442702.38,5388273.78,-0.97835,0.20696
11753.16,442697.46,5388274.66,-0.98450,0.17541
11757.76,442692.53,5388275.54,-0.98450,0.17541
11762.37,442687.60,5388276.41,-0.98450,0.17541
11766.99,442682.68,5388277.29,-0.98450,0.17541
11771.62,442677.75,5388278.17,-0.98450,0.17541
11776.26,442672.83,5388279.05,-0.98450,0.17541
11780.90,442667.90,5388279.93,-0.98450,0.17541
11785.55,442662.98,5388280.80,-0.98449,0.17541
11790.22,442658.05,5388281.68,-0.98449,0.17541
11794.91,442653.13,5388282.56,-0.98449,0.17541
11799.63,442648.20,5388283.44,-0.98449,0.17542
11804.38,442643.27,5388284.31,-0.99007,0.14057
11809.17,442638.32,5388284.84,-0.99478,0.10209
11813.98,442633.40,5388285.33,-0.99243,0.12279
11818.81,442628.52,5388286.05,-0.99694,0.07820
11823.65,442623.52,5388286.10,-0.99871,0.05086
11828.52,442618.55,5388286.56,-0.99410,0.10849
11833.40,442613.58,5388287.19,-0.99673,0.08079
11838.30,442608.59,5388287.37,-0.99973,0.02306
11843.22,442603.59,5388287.42,-0.99995,0.01021
11848.14,442598.59,5388287.47,-0.99995,0.01021
11853.07,442593.58,5388287.52,-0.99995,0.01021
11858.00,442588.58,5388287.57,-0.99995,0.01021
11862.94,442583.58,5388287.62,-0.99995,0.01021
11867.87,442578.58,5388287.67,-0.99995,0.01021
11872.82,442573.58,5388287.72,-0.99995,0.01021
11877.78,442568.57,5388287.77,-1.00000,0.00285
11882.75,442563.57,5388287.75,-0.99945,-0.03302
11887.72,442558.58,5388287.44,-0.99811,-0.06148
11892.70,442553.59,5388287.14,-0.99811,-0.06148
11897.69,442548.59,5388286.83,-0.99811,-0.06148
11902.67,442543.60,5388286.52,-0.99811,-0.06148
11907.65,442538.61,5388286.21,-0.99811,-0.06148
11912.64,442533.61,5388285.91,-0.99811,-0.06148
11917.63,442528.62,5388285.60,-0.99811,-0.06148
11922.62,442523.63,5388285.29,-0.99811,-0.06147
11927.61,442518.64,5388284.98,-0.98998,-0.14119
11932.61,442513.79,5388283.89,-0.99442,-0.10549
11937.61,442508.78,5388283.94,-0.99867,-0.05151
11942.61,442503.83,5388283.37,-0.98952,-0.14442
11947.61,442498.91,5388282.50,-0.98451,-0.17530
11952.61,442493.98,5388281.62,-0.98559,-0.16915
11957.61,442489.05,5388280.81,-0.99523,-0.09756
11962.61,442484.07,5388280.65,-0.99221,-0.12458
11967.61,442479.18,5388279.57,-0.97848,-0.20635
11972.61,442474.28,5388278.58,-0.98692,-0.16123
11977.61,442469.32,5388277.96,-0.99206,-0.12577
11982.61,442464.35,5388277.33,-0.99206,-0.12577
11987.61,442459.39,5388276.70,-0.99206,-0.12577
11992.61,442454.43,5388276.07,-0.98986,-0.14205
11997.60,442449.49,5388275.28,-0.98108,-0.19361
12002.59,442444.62,5388274.13,-0.97352,-0.22861
12007.57,442439.75,5388272.99,-0.97352,-0.22861
12012.55,442434.88,5388271.84,-0.97352,-0.22861
12017.54,442430.01,5388270.70,-0.97352,-0.22861
12022.52,442425.14,5388269.56,-0.97352,-0.22861
12027.50,442420.27,5388268.41,-0.97352,-0.22861
12032.48,442415.39,5388267.27,-0.97352,-0.22861
12037.47,442410.52,5388266.12,-0.97352,-0.22861
12042.45,442405.65,5388264.98,-0.97352,-0.22861
12047.44,442400.78,5388263.84,-0.97352,-0.22860
12052.42,442395.91,5388262.69,-0.97352,-0.22860
12057.41,442391.04,5388261.55,-0.97352,-0.22860
12062.39,442386.17,5388260.41,-0.97352,-0.22860
12067.38,442381.29,5388259.26,-0.97352,-0.22860
12072.37,442376.42,5388258.12,-0.97352,-0.22860
12077.35,442371.55,5388256.97,-0.97352,-0.22860
12082.34,442366.68,5388255.83,-0.97352,-0.22860
12087.33,442361.81,5388254.69,-0.97352,-0.22860
12092.31,442356.94,5388253.54,-0.97352,-0.22860
12097.30,442352.07,5388252.40,-0.97352,-0.22860
12102.29,442347.19,5388251.25,-0.97352,-0.22860
12107.28,442342.32,5388250.11,-0.97352,-0.22859
12112.26,442337.45,5388248.97,-0.97352,-0.22859
12117.25,442332.58,5388247.82,-0.97352,-0.22859
12122.23,442327.71,5388246.68,-0.96700,-0.25478
12127.22,442322.93,5388245.28,-0.96232,-0.27194
12132.21,442318.13,5388243.97,-0.97275,-0.23185
12137.21,442313.23,5388242.97,-0.97965,-0.20070
12142.21,442308.33,5388241.96,-0.97965,-0.20069
12147.20,442303.42,5388240.96,-0.98671,-0.16250
12152.19,442298.47,5388240.34,-0.99598,-0.08960
12157.17,442293.48,5388240.06,-0.99847,-0.05522
12162.15,442288.48,5388239.79,-0.99847,-0.05522
12167.11,442283.49,5388239.51,-0.99847,-0.05522
12172.07,442278.49,5388239.24,-0.99847,-0.05522
12177.01,442273.50,5388238.96,-0.99847,-0.05522
12181.92,442268.50,5388238.68,-0.99999,0.00388
12186.80,442263.52,5388239.00,-0.99649,0.08366
12191.66,442258.55,5388239.52,-0.99456,0.10412
12196.48,442253.57,5388240.04,-0.99456,0.10412
12201.28,442248.60,5388240.56,-0.99452,0.10450
12206.06,442243.62,5388241.09,-0.98900,0.14789
12210.82,442238.71,5388242.04,-0.98167,0.19061
12215.57,442233.80,5388242.99,-0.98167,0.19061
12220.31,442228.89,5388243.95,-0.98167,0.19061
12225.06,442223.97,5388244.90,-0.98166,0.19061
12229.82,442219.06,5388245.85,-0.98166,0.19062
12234.58,442214.15,5388246.81,-0.98166,0.19062
12239.35,442209.24,5388247.76,-0.98166,0.19062
12244.12,442204.33,5388248.71,-0.98166,0.19062
12248.91,442199.42,5388249.67,-0.98166,0.19062
12253.72,442194.51,5388250.62,-0.98166,0.19062
12258.54,442189.59,5388251.58,-0.98573,0.16836
12263.38,442184.65,5388252.31,-0.98952,0.14436
12268.24,442179.69,5388253.02,-0.98976,0.14272
12273.10,442174.74,5388253.73,-0.98976,0.14272
12277.96,442169.79,5388254.45,-0.98976,0.14272
12282.82,442164.84,5388255.16,-0.98976,0.14272
12287.69,442159.89,5388255.88,-0.98976,0.14272
12292.56,442154.94,5388256.59,-0.98976,0.14272
12297.44,442149.98,5388257.30,-0.98976,0.14272
12302.33,442145.03,5388258.02,-0.98976,0.14273
12307.24,442140.08,5388258.73,-0.98976,0.14273
12312.17,442135.13,5388259.45,-0.99153,0.12987
12317.13,442130.17,5388260.03,-0.99797,0.06369
12322.10,442125.16,5388260.08,-0.99995,0.01029
12327.08,442120.16,5388260.13,-0.99995,0.01029
12332.07,442115.16,5388260.19,-0.99995,0.01030
12337.07,442110.16,5388260.24,-0.99995,0.01030
12342.07,442105.16,5388260.29,-1.00000,-0.00169
12347.07,442100.16,5388260.22,-0.99698,-0.07763
12352.06,442095.21,5388259.51,-0.98999,-0.14114
12357.05,442090.26,5388258.81,-0.98999,-0.14114
12362.04,442085.30,5388258.10,-0.98999,-0.14114
12367.03,442080.35,5388257.40,-0.98999,-0.14114
12372.02,442075.40,5388256.69,-0.98999,-0.14114
12377.01,442070.44,5388255.98,-0.98999,-0.14114
12381.99,442065.49,5388255.28,-0.98999,-0.14114
12386.97,442060.54,5388254.57,-0.98999,-0.14113
12391.94,442055.59,5388253.87,-0.98999,-0.14113
12396.88,442050.63,5388253.16,-0.97868,-0.20540
12401.81,442045.82,5388251.82,-0.96077,-0.27736
12406.72,442041.02,5388250.38,-0.95828,-0.28584
12411.61,442036.23,5388248.95,-0.95828,-0.28584
12416.50,442031.43,5388247.52,-0.95828,-0.28584
12421.37,442026.63,5388246.09,-0.95828,-0.28584
12426.22,442021.84,5388244.66,-0.94740,-0.32004
12431.06,442017.16,5388242.89,-0.93342,-0.35879
12435.89,442012.50,5388241.07,-0.93150,-0.36373
12440.71,442007.83,5388239.25,-0.93150,-0.36373
12445.53,442003.17,5388237.43,-0.93150,-0.36373
12450.32,441998.51,5388235.61,-0.93151,-0.36373
12455.09,441993.84,5388233.79,-0.93151,-0.36373
12459.81,441989.18,5388231.97,-0.91017,-0.41424
12464.48,441984.75,5388229.65,-0.87663,-0.48117
12469.12,441980.41,5388227.15,-0.86688,-0.49852
12473.75,441976.07,5388224.66,-0.86688,-0.49852
12478.37,441971.72,5388222.16,-0.86688,-0.49852
12482.98,441967.38,5388219.66,-0.86688,-0.49852
12487.55,441963.04,5388217.16,-0.86688,-0.49852
12492.09,441958.70,5388214.67,-0.84518,-0.53448
12496.58,441954.58,5388211.82,-0.81329,-0.58185
12501.05,441950.55,5388208.84,-0.80444,-0.59403
12505.51,441946.52,5388205.86,-0.80444,-0.59403
12509.98,441942.49,5388202.89,-0.80444,-0.59403
12514.46,441938.46,5388199.91,-0.80444,-0.59403
12518.94,441934.43,5388196.93,-0.80444,-0.59403
12523.42,441930.39,5388193.95,-0.80444,-0.59403
12527.88,441926.36,5388190.98,-0.80058,-0.59922
12532.34,441922.37,5388187.95,-0.78575,-0.61854
12536.78,441918.49,5388184.78,-0.77457,-0.63249
12541.23,441914.60,5388181.61,-0.77457,-0.63249
12545.68,441910.72,5388178.44,-0.77457,-0.63249
12550.15,441906.84,5388175.27,-0.77457,-0.63249
12554.62,441902.96,5388172.10,-0.77457,-0.63249
12559.11,441899.07,5388168.92,-0.77457,-0.63249
12563.61,441895.19,5388165.75,-0.77457,-0.63249
12568.12,441891.31,5388162.58,-0.77457,-0.63248
12572.64,441887.42,5388159.41,-0.77457,-0.63248
12577.17,441883.54,5388156.24,-0.77457,-0.63248
12581.72,441879.66,5388153.07,-0.77457,-0.63248
12586.27,441875.78,5388149.90,-0.77458,-0.63248
12590.83,441871.89,5388146.73,-0.77458,-0.63248
12595.40,441868.01,5388143.56,-0.77458,-0.63248
12599.98,441864.13,5388140.39,-0.77458,-0.63248
12604.57,441860.24,5388137.22,-0.77458,-0.63248
12609.17,441856.36,5388134.05,-0.77458,-0.63248
12613.77,441852.48,5388130.88,-0.77458,-0.63248
12618.39,441848.59,5388127.71,-0.77458,-0.63248
12623.01,441844.71,5388124.54,-0.77458,-0.63248
12627.65,441840.83,5388121.37,-0.77458,-0.63247
12632.29,441836.95,5388118.19,-0.77458,-0.63247
12636.93,441833.06,5388115.02,-0.77458,-0.63247
12641.59,441829.18,5388111.85,-0.77458,-0.63247
12646.25,441825.30,5388108.68,-0.77458,-0.63247
12650.92,441821.41,5388105.51,-0.77458,-0.63247
12655.60,441817.53,5388102.34,-0.77458,-0.63247
12660.29,441813.65,5388099.17,-0.77459,-0.63247
12664.98,441809.76,5388096.00,-0.77459,-0.63247
12669.68,441805.88,5388092.83,-0.77459,-0.63247
12674.38,441802.00,5388089.66,-0.77459,-0.63247
12679.09,441798.12,5388086.49,-0.77459,-0.63247
12683.82,441794.23,5388083.32,-0.77459,-0.63247
12688.58,441790.35,5388080.15,-0.77459,-0.63247
12693.35,441786.47,5388076.98,-0.77459,-0.63246
12698.11,441782.58,5388073.81,-0.82447,-0.56590
12702.86,441778.46,5388071.48,-0.81140,-0.58449
12707.59,441774.72,5388068.14,-0.74592,-0.66603
12712.29,441770.98,5388064.80,-0.74592,-0.66603
12716.97,441767.24,5388061.46,-0.74592,-0.66603
12721.67,441763.50,5388058.12,-0.74592,-0.66603
12726.37,441759.76,5388054.78,-0.74593,-0.66603
12731.07,441756.02,5388051.44,-0.74593,-0.66603
12735.76,441752.28,5388048.10,-0.74593,-0.66603
12740.43,441748.54,5388044.76,-0.74441,-0.66772
12745.10,441744.81,5388041.41,-0.72340,-0.69043
12749.74,441741.28,5388037.84,-0.70333,-0.71086
12754.38,441737.76,5388034.28,-0.70333,-0.71086
12759.02,441734.23,5388030.71,-0.70333,-0.71086
12763.67,441730.70,5388027.15,-0.70333,-0.71086
12768.33,441727.17,5388023.58,-0.70333,-0.71086
12772.99,441723.65,5388020.01,-0.70333,-0.71086
12777.66,441720.12,5388016.45,-0.70333,-0.71086
12782.34,441716.59,5388012.88,-0.70333,-0.71086
12787.03,441713.06,5388009.32,-0.70334,-0.71086
12791.72,441709.54,5388005.75,-0.70334,-0.71086
12796.42,441706.01,5388002.19,-0.70334,-0.71086
12801.13,441702.48,5387998.62,-0.70334,-0.71086
12805.84,441698.95,5387995.06,-0.70334,-0.71086
12810.56,441695.42,5387991.49,-0.70334,-0.71086
12815.28,441691.90,5387987.93,-0.70334,-0.71085
12820.01,441688.37,5387984.36,-0.70334,-0.71085
12824.75,441684.84,5387980.79,-0.70334,-0.71085
12829.49,441681.31,5387977.23,-0.70334,-0.71085
12834.24,441677.78,5387973.66,-0.70334,-0.71085
12838.99,441674.26,5387970.10,-0.70334,-0.71085
12843.75,441670.73,5387966.53,-0.70334,-0.71085
12848.52,441667.20,5387962.97,-0.70334,-0.71085
12853.29,441663.67,5387959.40,-0.70334,-0.71085
12858.06,441660.15,5387955.84,-0.70335,-0.71085
12862.84,441656.62,5387952.27,-0.70335,-0.71085
12867.61,441653.09,5387948.71,-0.70335,-0.71085
12872.36,441649.56,5387945.14,-0.70335,-0.71085
12877.10,441646.03,5387941.57,-0.69222,-0.72169
12881.81,441642.62,5387937.90,-0.66140,-0.75004
12886.50,441639.40,5387934.05,-0.64145,-0.76717
12891.17,441636.18,5387930.20,-0.64145,-0.76717
12895.82,441632.97,5387926.35,-0.64145,-0.76717
12900.45,441629.75,5387922.50,-0.62715,-0.77890
12905.06,441626.67,5387918.54,-0.59816,-0.80138
12909.65,441623.74,5387914.46,-0.58350,-0.81211
12914.24,441620.82,5387910.39,-0.58350,-0.81211
12918.84,441617.89,5387906.31,-0.58350,-0.81211
12923.44,441614.96,5387902.23,-0.58350,-0.81211
12928.05,441612.03,5387898.16,-0.58351,-0.81211
12932.67,441609.10,5387894.08,-0.58351,-0.81211
12937.30,441606.17,5387890.00,-0.58351,-0.81211
12941.93,441603.24,5387885.93,-0.58351,-0.81211
12946.58,441600.31,5387881.85,-0.58351,-0.81211
12951.23,441597.38,5387877.78,-0.58351,-0.81211
12955.89,441594.45,5387873.70,-0.58351,-0.81211
12960.56,441591.53,5387869.62,-0.58351,-0.81211
12965.23,441588.60,5387865.55,-0.58351,-0.81211
12969.91,441585.67,5387861.47,-0.58351,-0.81210
12974.60,441582.74,5387857.39,-0.58351,-0.81210
12979.29,441579.81,5387853.32,-0.58351,-0.81210
12984.00,441576.88,5387849.24,-0.58351,-0.81210
12988.70,441573.95,5387845.16,-0.58351,-0.81210
12993.42,441571.02,5387841.09,-0.58352,-0.81210
12998.14,441568.09,5387837.01,-0.58352,-0.81210
13002.87,441565.16,5387832.93,-0.58352,-0.81210
13007.60,441562.23,5387828.86,-0.58352,-0.81210
13012.34,441559.31,5387824.78,-0.58352,-0.81210
13017.08,441556.38,5387820.70,-0.58352,-0.81210
13021.83,441553.45,5387816.63,-0.58352,-0.81210
13026.59,441550.52,5387812.55,-0.58352,-0.81210
13031.35,441547.59,5387808.47,-0.58352,-0.81210
13036.11,441544.66,5387804.40,-0.58352,-0.81210
13040.89,441541.73,5387800.32,-0.58352,-0.81210
13045.66,441538.80,5387796.24,-0.58352,-0.81210
13050.44,441535.87,5387792.17,-0.58352,-0.81210
13055.23,441532.94,5387788.09,-0.58352,-0.81210
13060.01,441530.01,5387784.01,-0.58353,-0.81210
13064.79,441527.08,5387779.94,-0.58353,-0.81209
13069.57,441524.16,5387775.86,-0.57488,-0.81824
13074.35,441521.31,5387771.72,-0.56362,-0.82603
13079.12,441518.50,5387767.57,-0.56106,-0.82777
13083.90,441515.68,5387763.41,-0.56107,-0.82777
13088.68,441512.86,5387759.26,-0.56107,-0.82777
13093.46,441510.05,5387755.10,-0.56107,-0.82777
13098.25,441507.23,5387750.94,-0.56107,-0.82777
13103.05,441504.41,5387746.79,-0.56107,-0.82777
13107.84,441501.60,5387742.63,-0.56107,-0.82777
13112.63,441498.78,5387738.48,-0.56107,-0.82777
13117.41,441495.96,5387734.32,-0.55824,-0.82968
13122.18,441493.17,5387730.15,-0.53909,-0.84225
13126.94,441490.55,5387725.87,-0.52258,-0.85259
13131.70,441487.93,5387721.58,-0.52258,-0.85259
13136.47,441485.30,5387717.30,-0.52258,-0.85259
13141.23,441482.68,5387713.02,-0.52258,-0.85259
13146.00,441480.05,5387708.74,-0.52258,-0.85259
13150.78,441477.43,5387704.46,-0.52258,-0.85259
13155.56,441474.81,5387700.18,-0.52258,-0.85259
13160.35,441472.18,5387695.90,-0.52258,-0.85259
13165.14,441469.56,5387691.62,-0.52258,-0.85259
13169.94,441466.93,5387687.33,-0.52258,-0.85259
13174.74,441464.31,5387683.05,-0.52258,-0.85259
13179.54,441461.68,5387678.77,-0.52258,-0.85259
13184.35,441459.06,5387674.49,-0.52258,-0.85259
13189.17,441456.44,5387670.21,-0.52258,-0.85259
13193.98,441453.81,5387665.93,-0.52259,-0.85259
13198.80,441451.19,5387661.65,-0.52259,-0.85259
13203.63,441448.56,5387657.37,-0.52259,-0.85259
13208.46,441445.94,5387653.08,-0.52259,-0.85259
13213.29,441443.32,5387648.80,-0.52259,-0.85259
13218.13,441440.69,5387644.52,-0.52259,-0.85258
13222.97,441438.07,5387640.24,-0.52259,-0.85258
13227.81,441435.44,5387635.96,-0.52259,-0.85258
13232.66,441432.82,5387631.68,-0.52259,-0.85258
13237.51,441430.19,5387627.40,-0.52259,-0.85258
13242.36,441427.57,5387623.12,-0.52259,-0.85258
13247.22,441424.95,5387618.83,-0.52259,-0.85258
13252.08,441422.32,5387614.55,-0.52259,-0.85258
13256.95,441419.70,5387610.27,-0.52259,-0.85258
13261.81,441417.07,5387605.99,-0.52259,-0.85258
13266.68,441414.45,5387601.71,-0.52260,-0.85258
13271.55,441411.83,5387597.43,-0.52260,-0.85258
13276.43,441409.20,5387593.15,-0.52260,-0.85258
13281.31,441406.58,5387588.87,-0.52260,-0.85258
13286.19,441403.95,5387584.58,-0.52260,-0.85258
13291.07,441401.33,5387580.30,-0.52260,-0.85258
13295.95,441398.70,5387576.02,-0.52260,-0.85258
13300.84,441396.08,5387571.74,-0.52260,-0.85258
13305.73,441393.46,5387567.46,-0.52260,-0.85258
13310.63,441390.83,5387563.18,-0.52260,-0.85258
13315.52,441388.21,5387558.90,-0.52260,-0.85258
13320.42,441385.58,5387554.62,-0.52260,-0.85258
13325.32,441382.96,5387550.33,-0.52260,-0.85258
13330.22,441380.33,5387546.05,-0.52260,-0.85258
13335.13,441377.71,5387541.77,-0.52260,-0.85258
13340.03,441375.09,5387537.49,-0.52261,-0.85257
13344.94,441372.46,5387533.21,-0.52261,-0.85257
13349.85,441369.84,5387528.93,-0.52261,-0.85257
13354.76,441367.21,5387524.65,-0.52261,-0.85257
13359.68,441364.59,5387520.37,-0.52261,-0.85257
13364.59,441361.96,5387516.09,-0.52261,-0.85257
13369.49,441359.34,5387511.80,-0.52261,-0.85257
13374.38,441356.72,5387507.52,-0.52261,-0.85257
13379.24,441354.09,5387503.24,-0.49014,-0.87165
13384.09,441351.80,5387498.78,-0.44509,-0.89548
13388.92,441349.62,5387494.25,-0.43318,-0.90131
13393.74,441347.45,5387489.72,-0.43318,-0.90131
13398.56,441345.27,5387485.19,-0.43318,-0.90131
13403.39,441343.09,5387480.67,-0.43318,-0.90131
13408.21,441340.92,5387476.14,-0.43318,-0.90131
13413.02,441338.74,5387471.61,-0.43318,-0.90131
13417.85,441336.57,5387467.08,-0.41838,-0.90827
13422.68,441334.54,5387462.49,-0.38376,-0.92343
13427.52,441332.71,5387457.81,-0.42726,-0.90413
13432.37,441330.27,5387453.45,-0.46322,-0.88625
13437.22,441328.07,5387448.93,-0.43729,-0.89932
13442.06,441325.87,5387444.41,-0.43729,-0.89932
13446.89,441323.68,5387439.89,-0.41371,-0.91041
13451.73,441321.72,5387435.27,-0.38453,-0.92311
13456.58,441319.81,5387430.62,-0.39882,-0.91703
13461.44,441317.71,5387426.06,-0.44305,-0.89650
13466.30,441315.37,5387421.62,-0.45386,-0.89107
13471.17,441313.16,5387417.12,-0.41904,-0.90797
13476.04,441311.16,5387412.51,-0.41097,-0.91165
13480.91,441309.03,5387407.96,-0.42411,-0.90561
13485.78,441306.90,5387403.41,-0.42411,-0.90561
13490.65,441304.77,5387398.86,-0.42412,-0.90561
13495.53,441302.64,5387394.31,-0.42412,-0.90561
13500.41,441300.51,5387389.77,-0.42412,-0.90561
13505.29,441298.38,5387385.22,-0.42412,-0.90561
13510.18,441296.25,5387380.67,-0.42412,-0.90561
13515.07,441294.12,5387376.12,-0.42412,-0.90561
13519.98,441291.99,5387371.57,-0.42412,-0.90561
13524.88,441289.86,5387367.02,-0.42618,-0.90464
13529.79,441287.71,5387362.48,-0.46071,-0.88755
13534.70,441285.23,5387358.11,-0.45863,-0.88863
13539.61,441283.11,5387353.57,-0.39408,-0.91907
13544.51,441281.28,5387348.89,-0.41044,-0.91189
13549.41,441278.99,5387344.42,-0.46172,-0.88703
13554.31,441276.64,5387339.98,-0.43943,-0.89828
13559.19,441274.58,5387335.40,-0.39513,-0.91863
13564.06,441272.67,5387330.76,-0.37921,-0.92531
13568.93,441270.77,5387326.11,-0.37921,-0.92531
13573.79,441268.86,5387321.46,-0.37921,-0.92531
13578.64,441266.96,5387316.81,-0.37921,-0.92531
13583.49,441265.05,5387312.16,-0.37921,-0.92531
13588.32,441263.15,5387307.51,-0.36143,-0.93240
13593.12,441261.42,5387302.79,-0.32565,-0.94549
13597.90,441259.88,5387298.01,-0.30771,-0.95148
13602.63,441258.33,5387293.23,-0.30771,-0.95148
13607.33,441256.78,5387288.45,-0.27410,-0.96170
13611.99,441255.58,5387283.58,-0.21364,-0.97691
13616.61,441254.64,5387278.64,-0.18707,-0.98235
13621.23,441253.70,5387273.70,-0.18708,-0.98235
13625.84,441252.76,5387268.76,-0.18708,-0.98235
13630.47,441251.82,5387263.82,-0.18708,-0.98235
13635.10,441250.88,5387258.88,-0.18708,-0.98235
13639.74,441249.93,5387253.94,-0.18708,-0.98235
13644.39,441248.99,5387249.00,-0.18708,-0.98235
13649.04,441248.05,5387244.07,-0.18708,-0.98235
13653.71,441247.11,5387239.13,-0.18708,-0.98235
13658.38,441246.17,5387234.19,-0.18708,-0.98235
13663.06,441245.23,5387229.25,-0.18708,-0.98235
13667.74,441244.29,5387224.31,-0.18708,-0.98235
13672.43,441243.35,5387219.37,-0.18708,-0.98234
13677.13,441242.41,5387214.43,-0.18708,-0.98234
13681.84,441241.47,5387209.50,-0.18708,-0.98234
13686.55,441240.53,5387204.56,-0.18708,-0.98234
13691.27,441239.59,5387199.62,-0.18708,-0.98234
13695.99,441238.65,5387194.68,-0.18708,-0.98234
13700.72,441237.71,5387189.74,-0.18708,-0.98234
13705.45,441236.77,5387184.80,-0.18708,-0.98234
13710.17,441235.83,5387179.86,-0.18708,-0.98234
13714.88,441234.89,5387174.93,-0.18708,-0.98234
13719.57,441233.95,5387169.99,-0.14104,-0.99000
13724.25,441233.47,5387165.00,-0.12315,-0.99239
13728.89,441232.71,5387160.04,-0.15913,-0.98726
13733.50,441231.87,5387155.08,-0.11872,-0.99293
13738.07,441231.52,5387150.07,-0.07057,-0.99751
13742.60,441231.16,5387145.05,-0.05154,-0.99867
13747.11,441231.00,5387140.03,-0.02147,-0.99977
13751.60,441230.95,5387135.00,-0.01045,-0.99995
13756.09,441230.90,5387129.97,-0.01045,-0.99995
13760.58,441230.84,5387124.95,-0.01045,-0.99995
13765.05,441230.79,5387119.92,-0.01045,-0.99995
13769.48,441230.74,5387114.89,-0.01045,-0.99995
13773.88,441230.69,5387109.86,0.03631,-0.99934
13778.26,441231.10,5387104.86,0.09617,-0.99536
13782.62,441231.65,5387099.86,0.09945,-0.99504
13786.97,441232.10,5387094.85,0.06968,-0.99757
13791.30,441232.35,5387089.83,0.04971,-0.99876
13795.60,441232.60,5387084.81,0.10086,-0.99490
13799.85,441233.37,5387079.84,0.15777,-0.98748
13804.04,441234.19,5387074.88,0.16375,-0.98650
13808.20,441235.01,5387069.93,0.17686,-0.98424
13812.36,441235.97,5387064.99,0.20170,-0.97945
13816.50,441237.04,5387060.08,0.21343,-0.97696
13820.65,441238.11,5387055.17,0.21343,-0.97696
13824.79,441239.18,5387050.26,0.21343,-0.97696
13828.91,441240.26,5387045.35,0.21343,-0.97696
13832.99,441241.33,5387040.44,0.23393,-0.97225
13837.01,441242.61,5387035.58,0.26642,-0.96386
13840.97,441244.01,5387030.75,0.29040,-0.95691
13844.89,441245.52,5387025.98,0.34022,-0.94035
13848.79,441247.41,5387021.34,0.35860,-0.93349
13852.66,441249.12,5387016.61,0.33954,-0.94059
13856.53,441250.82,5387011.89,0.34078,-0.94014
13860.39,441252.54,5387007.17,0.36940,-0.92927
13864.24,441254.54,5387002.55,0.39647,-0.91805
13868.09,441256.53,5386997.94,0.39647,-0.91805
13871.94,441258.52,5386993.33,0.39647,-0.91805
13875.83,441260.51,5386988.72,0.39647,-0.91805
13879.73,441262.50,5386984.10,0.39647,-0.91805
13883.66,441264.49,5386979.49,0.39647,-0.91805
13887.62,441266.49,5386974.88,0.39647,-0.91805
13891.59,441268.48,5386970.27,0.39647,-0.91805
13895.59,441270.47,5386965.65,0.39647,-0.91805
13899.61,441272.46,5386961.04,0.39647,-0.91805
13903.65,441274.45,5386956.43,0.39647,-0.91805
13907.70,441276.45,5386951.82,0.39647,-0.91805
13911.78,441278.44,5386947.21,0.39648,-0.91805
13915.88,441280.43,5386942.59,0.39648,-0.91805
13920.00,441282.42,5386937.98,0.39648,-0.91804
13924.14,441284.41,5386933.37,0.39648,-0.91804
13928.30,441286.41,5386928.76,0.39648,-0.91804
13932.47,441288.40,5386924.14,0.39648,-0.91804
13936.65,441290.39,5386919.53,0.39648,-0.91804
13940.81,441292.38,5386914.92,0.39648,-0.91804
13944.92,441294.37,5386910.31,0.39696,-0.91783
13949.01,441296.37,5386905.70,0.44168,-0.89717
13953.05,441298.81,5386901.30,0.48488,-0.87458
13957.08,441301.24,5386896.91,0.48488,-0.87458
13961.10,441303.68,5386892.52,0.48488,-0.87458
13965.17,441306.11,5386888.13,0.48488,-0.87458
13969.27,441308.55,5386883.74,0.48489,-0.87458
13973.38,441310.98,5386879.34,0.48489,-0.87458
13977.50,441313.42,5386874.95,0.45018,-0.89294
13981.62,441315.49,5386870.41,0.46397,-0.88585
13985.73,441318.06,5386866.09,0.51171,-0.85916
13989.83,441320.63,5386861.78,0.51171,-0.85916
13993.92,441323.19,5386857.46,0.51171,-0.85916
13998.00,441325.76,5386853.15,0.51171,-0.85916
14002.06,441328.33,5386848.84,0.51171,-0.85916
14006.09,441330.90,5386844.52,0.53995,-0.84170
14010.11,441333.75,5386840.39,0.56953,-0.82197
14014.12,441336.62,5386836.27,0.57144,-0.82064
14018.13,441339.49,5386832.15,0.57145,-0.82064
14022.16,441342.36,5386828.03,0.57145,-0.82064
14026.16,441345.23,5386823.91,0.57145,-0.82064
14030.12,441348.10,5386819.79,0.57145,-0.82064
14034.02,441350.96,5386815.67,0.60256,-0.79808
14037.86,441354.13,5386811.79,0.65294,-0.75741
14041.66,441357.51,5386808.08,0.67254,-0.74006
14045.44,441360.88,5386804.37,0.67254,-0.74006
14049.24,441364.26,5386800.66,0.67254,-0.74006
14053.05,441367.63,5386796.94,0.67254,-0.74006
14056.85,441371.00,5386793.23,0.67254,-0.74006
14060.63,441374.38,5386789.52,0.67365,-0.73905
14064.38,441377.76,5386785.82,0.70243,-0.71176
14068.10,441381.42,5386782.38,0.72908,-0.68442
14071.82,441385.07,5386778.95,0.72908,-0.68442
14075.55,441388.73,5386775.52,0.72909,-0.68442
14079.30,441392.39,5386772.09,0.72909,-0.68442
14083.09,441396.04,5386768.65,0.72909,-0.68442
14086.90,441399.70,5386765.22,0.72909,-0.68442
14090.73,441403.36,5386761.79,0.72909,-0.68442
14094.59,441407.01,5386758.36,0.72909,-0.68442
14098.47,441410.67,5386754.92,0.72909,-0.68442
14102.38,441414.33,5386751.49,0.72909,-0.68442
14106.31,441417.98,5386748.06,0.72909,-0.68442
14110.26,441421.64,5386744.63,0.72909,-0.68442
14114.24,441425.29,5386741.20,0.72909,-0.68442
14118.24,441428.95,5386737.76,0.72909,-0.68442
14122.26,441432.61,5386734.33,0.72909,-0.68441
14126.30,441436.26,5386730.90,0.72909,-0.68441
14130.36,441439.92,5386727.47,0.72909,-0.68441
14134.44,441443.58,5386724.03,0.72910,-0.68441
14138.54,441447.23,5386720.60,0.72910,-0.68441
14142.66,441450.89,5386717.17,0.72910,-0.68441
14146.79,441454.55,5386713.74,0.72910,-0.68441
14150.96,441458.20,5386710.31,0.72910,-0.68441
14155.14,441461.86,5386706.87,0.72910,-0.68441
14159.35,441465.51,5386703.44,0.72910,-0.68441
14163.58,441469.17,5386700.01,0.71453,-0.69960
14167.85,441472.65,5386696.45,0.72603,-0.68767
14172.14,441476.41,5386693.15,0.72880,-0.68473
14176.46,441479.95,5386689.60,0.70549,-0.70872
14180.81,441483.49,5386686.04,0.70549,-0.70872
14185.18,441487.03,5386682.49,0.70549,-0.70872
14189.57,441490.57,5386678.93,0.70550,-0.70871
14193.97,441494.10,5386675.38,0.70550,-0.70871
14198.40,441497.64,5386671.82,0.70550,-0.70871
14202.88,441501.18,5386668.27,0.70550,-0.70871
14207.44,441504.72,5386664.71,0.70508,-0.70913
14212.06,441508.25,5386661.15,0.65415,-0.75636
14216.74,441511.27,5386657.14,0.60058,-0.79957
14221.48,441514.28,5386653.13,0.60058,-0.79956
14226.27,441517.30,5386649.11,0.60058,-0.79956
14231.10,441520.31,5386645.10,0.60058,-0.79956
14235.97,441523.33,5386641.09,0.52338,-0.85210
14240.87,441525.52,5386636.63,0.46524,-0.88519
14245.80,441527.97,5386632.25,0.48909,-0.87223
14250.75,441530.43,5386627.87,0.48909,-0.87223
14255.72,441532.89,5386623.49,0.46558,-0.88501
14260.70,441535.10,5386618.99,0.40653,-0.91364
14265.69,441536.96,5386614.32,0.37086,-0.92869
14270.68,441538.83,5386609.66,0.37086,-0.92869
14275.68,441540.69,5386604.99,0.37086,-0.92869
14280.68,441542.55,5386600.32,0.37086,-0.92869
14285.68,441544.42,5386595.66,0.37086,-0.92869
14290.66,441546.28,5386590.99,0.33282,-0.94299
14295.61,441547.75,5386586.21,0.21836,-0.97587
14300.47,441548.46,5386581.24,0.15866,-0.98733
14305.22,441549.34,5386576.30,0.07456,-0.99722
14309.81,441549.21,5386571.28,-0.10101,-0.99489
14314.21,441548.33,5386566.33,-0.17373,-0.98479
14318.40,441547.46,5386561.37,-0.20589,-0.97857
14322.34,441546.27,5386556.51,-0.35740,-0.93395
14326.06,441543.90,5386552.08,-0.47438,-0.88032
14329.78,441541.50,5386547.67,-0.53162,-0.84698
14333.49,441538.60,5386543.63,-0.64496,-0.76422
14337.21,441535.08,5386540.06,-0.70154,-0.71263
14340.92,441531.56,5386536.48,-0.70512,-0.70909
14344.64,441528.01,5386532.94,-0.72138,-0.69254
14348.35,441524.37,5386529.58,-0.80254,-0.59659
14352.07,441520.16,5386527.11,-0.88949,-0.45695
14355.79,441515.59,5386525.07,-0.91308,-0.40778
14359.50,441511.01,5386523.02,-0.91449,-0.40462
14363.22,441506.43,5386521.01,-0.93274,-0.36055
14366.93,441501.68,5386519.42,-0.94777,-0.31894
14370.65,441496.94,5386517.82,-0.94778,-0.31894
14374.36,441492.19,5386516.22,-0.94803,-0.31818
14378.08,441487.44,5386514.63,-0.95966,-0.28116
14381.80,441482.59,5386513.41,-0.96965,-0.24450
14385.51,441477.74,5386512.19,-0.96965,-0.24449
14389.24,441472.88,5386510.96,-0.96965,-0.24449
14393.00,441468.03,5386509.74,-0.96965,-0.24449
14396.78,441463.18,5386508.52,-0.96965,-0.24449
14400.59,441458.32,5386507.29,-0.96965,-0.24449
14404.43,441453.47,5386506.07,-0.96965,-0.24449
14408.29,441448.62,5386504.84,-0.96965,-0.24449
14412.17,441443.76,5386503.62,-0.96965,-0.24449
14416.08,441438.91,5386502.40,-0.96965,-0.24449
14420.01,441434.05,5386501.17,-0.96965,-0.24449
14423.96,441429.20,5386499.95,-0.96965,-0.24449
14427.94,441424.35,5386498.73,-0.96965,-0.24448
14431.93,441419.49,5386497.50,-0.96965,-0.24448
14435.95,441414.64,5386496.28,-0.96965,-0.24448
14439.99,441409.79,5386495.05,-0.96965,-0.24448
14444.05,441404.93,5386493.83,-0.96965,-0.24448
14448.13,441400.08,5386492.61,-0.96965,-0.24448
14452.23,441395.22,5386491.38,-0.96965,-0.24448
14456.37,441390.37,5386490.16,-0.96965,-0.24448
14460.55,441385.52,5386488.94,-0.96965,-0.24448
14464.77,441380.66,5386487.71,-0.96732,-0.25355
14469.04,441375.84,5386486.40,-0.95995,-0.28018
14473.36,441371.06,5386484.91,-0.95467,-0.29766
14477.70,441366.28,5386483.42,-0.95467,-0.29766
14482.06,441361.50,5386481.93,-0.95467,-0.29766
14486.43,441356.72,5386480.44,-0.95467,-0.29766
14490.83,441351.94,5386478.95,-0.95467,-0.29765
14495.28,441347.16,5386477.46,-0.95467,-0.29765
14499.79,441342.38,5386475.97,-0.95467,-0.29765
14504.37,441337.60,5386474.48,-0.94045,-0.33992
14509.01,441332.98,5386472.57,-0.91598,-0.40122
14513.69,441328.44,5386470.46,-0.90723,-0.42064
14518.40,441323.89,5386468.36,-0.90723,-0.42064
14523.13,441319.35,5386466.25,-0.90723,-0.42064
14527.88,441314.80,5386464.14,-0.90723,-0.42064
14532.66,441310.26,5386462.04,-0.90096,-0.43390
14537.46,441305.78,5386459.80,-0.88738,-0.46103
14542.28,441301.37,5386457.42,-0.88006,-0.47487
14547.12,441296.96,5386455.04,-0.88006,-0.47487
14551.99,441292.56,5386452.66,-0.88006,-0.47487
14556.88,441288.15,5386450.28,-0.86906,-0.49470
14561.80,441283.86,5386447.71,-0.84244,-0.53879
14566.73,441279.71,5386444.89,-0.82659,-0.56280
14571.68,441275.57,5386442.07,-0.82659,-0.56280
14576.63,441271.43,5386439.25,-0.82659,-0.56280
14581.58,441267.28,5386436.42,-0.82659,-0.56280
14586.55,441263.14,5386433.60,-0.82659,-0.56280
14591.53,441259.00,5386430.78,-0.81352,-0.58154
14596.51,441254.99,5386427.78,-0.78317,-0.62181
14601.51,441251.15,5386424.55,-0.76577,-0.64312
14606.50,441247.31,5386421.33,-0.76577,-0.64312
14611.50,441243.47,5386418.11,-0.76577,-0.64312
14616.49,441239.63,5386414.88,-0.76577,-0.64312
14621.49,441235.79,5386411.66,-0.76577,-0.64311
14626.49,441231.96,5386408.43,-0.76577,-0.64311
14631.49,441228.12,5386405.21,-0.76577,-0.64311
14636.49,441224.28,5386401.98,-0.76577,-0.64311
14641.48,441220.44,5386398.76,-0.73660,-0.67632
14646.47,441216.90,5386395.21,-0.68278,-0.73063
14651.45,441213.60,5386391.44,-0.65900,-0.75214
14656.42,441210.29,5386387.67,-0.65900,-0.75214
14661.39,441206.98,5386383.89,-0.65900,-0.75214
14666.36,441203.68,5386380.12,-0.65900,-0.75214
14671.33,441200.37,5386376.34,-0.65900,-0.75214
14676.30,441197.06,5386372.57,-0.65900,-0.75214
14681.26,441193.76,5386368.79,-0.65901,-0.75214
14686.22,441190.45,5386365.02,-0.65901,-0.75214
14691.15,441187.14,5386361.25,-0.63246,-0.77460
14696.08,441184.11,5386357.25,-0.59045,-0.80707
14700.98,441181.22,5386353.15,-0.57561,-0.81772
14705.88,441178.33,5386349.04,-0.57561,-0.81772
14710.78,441175.44,5386344.94,-0.57561,-0.81772
14715.67,441172.55,5386340.83,-0.57561,-0.81772
14720.55,441169.66,5386336.73,-0.57561,-0.81772
14725.42,441166.77,5386332.62,-0.55382,-0.83264
14730.26,441164.10,5386328.37,-0.52038,-0.85394
14735.10,441161.55,5386324.05,-0.50904,-0.86074
14739.93,441158.99,5386319.73,-0.50904,-0.86074
14744.76,441156.43,5386315.40,-0.50904,-0.86074
14749.59,441153.88,5386311.08,-0.50904,-0.86074
14754.42,441151.32,5386306.76,-0.50904,-0.86074
14759.24,441148.76,5386302.44,-0.50904,-0.86074
14764.06,441146.21,5386298.11,-0.47500,-0.87998
14768.87,441144.00,5386293.61,-0.46953,-0.88292
14773.67,441141.50,5386289.25,-0.49831,-0.86700
14778.44,441138.99,5386284.90,-0.49831,-0.86700
14783.19,441136.49,5386280.54,-0.45433,-0.89083
14787.89,441134.44,5386275.97,-0.39114,-0.92033
14792.56,441132.56,5386271.31,-0.37303,-0.92782
14797.21,441130.69,5386266.64,-0.37303,-0.92782
14801.88,441128.82,5386261.98,-0.37303,-0.92782
14806.54,441126.94,5386257.32,-0.37303,-0.92782
14811.22,441125.07,5386252.66,-0.37303,-0.92782
14815.90,441123.19,5386248.00,-0.37303,-0.92782
14820.59,441121.32,5386243.33,-0.37303,-0.92782
14825.28,441119.44,5386238.67,-0.37303,-0.92782
14829.97,441117.57,5386234.01,-0.37303,-0.92782
14834.65,441115.69,5386229.35,-0.37303,-0.92782
14839.30,441113.82,5386224.68,-0.35432,-0.93512
14843.94,441112.13,5386219.95,-0.32325,-0.94631
14848.57,441110.57,5386215.18,-0.31100,-0.95041
14853.17,441109.01,5386210.40,-0.31100,-0.95041
14857.75,441107.45,5386205.62,-0.31100,-0.95041
14862.32,441105.88,5386200.85,-0.28582,-0.95828
14866.86,441104.57,5386195.99,-0.25138,-0.96789
14871.39,441103.36,5386191.12,-0.24230,-0.97020
14875.92,441102.14,5386186.24,-0.24230,-0.97020
14880.45,441100.92,5386181.36,-0.24230,-0.97020
14885.00,441099.70,5386176.49,-0.24230,-0.97020
14889.56,441098.48,5386171.61,-0.24230,-0.97020
14894.12,441097.27,5386166.73,-0.24230,-0.97020
14898.70,441096.05,5386161.85,-0.24230,-0.97020
14903.26,441094.83,5386156.98,-0.24230,-0.97020
14907.81,441093.61,5386152.10,-0.24230,-0.97020
14912.34,441092.39,5386147.22,-0.22799,-0.97366
14916.84,441091.32,5386142.32,-0.18909,-0.98196
14921.31,441090.49,5386137.36,-0.16446,-0.98638
14925.75,441089.67,5386132.40,-0.16446,-0.98638
14930.18,441088.84,5386127.44,-0.15074,-0.98857
14934.59,441088.15,5386122.46,-0.12644,-0.99197
14939.00,441087.57,5386117.47,-0.11588,-0.99326
14943.39,441086.99,5386112.47,-0.11588,-0.99326
14947.76,441086.40,5386107.48,-0.11588,-0.99326
14952.08,441085.82,5386102.48,-0.11542,-0.99332
14956.35,441085.24,5386097.49,-0.05729,-0.99836
14960.58,441085.25,5386092.46,0.00058,-1.00000
14964.79,441085.25,5386087.43,0.00058,-1.00000
14968.99,441085.25,5386082.40,0.00058,-1.00000
14973.21,441085.25,5386077.38,0.00058,-1.00000
14977.45,441085.26,5386072.35,0.00058,-1.00000
14981.70,441085.26,5386067.32,0.00058,-1.00000
14985.97,441085.26,5386062.29,0.00058,-1.00000
14990.26,441085.27,5386057.26,0.00058,-1.00000
14994.56,441085.27,5386052.24,0.00058,-1.00000
14998.86,441085.27,5386047.21,0.00058,-1.00000
15003.16,441085.27,5386042.18,0.00058,-1.00000
15007.43,441085.28,5386037.15,0.00058,-1.00000
15011.67,441085.28,5386032.12,0.03253,-0.99947
15015.88,441085.60,5386027.11,0.07555,-0.99714
15020.07,441086.04,5386022.10,0.08660,-0.99624
15024.27,441086.48,5386017.09,0.08660,-0.99624
15028.47,441086.91,5386012.08,0.08660,-0.99624
15032.67,441087.35,5386007.07,0.08660,-0.99624
15036.86,441087.78,5386002.06,0.08660,-0.99624
15041.03,441088.22,5385997.05,0.09416,-0.99556
15045.16,441088.73,5385992.06,0.13396,-0.99099
15049.27,441089.56,5385987.10,0.16605,-0.98612
15053.37,441090.40,5385982.14,0.16605,-0.98612
15057.49,441091.23,5385977.18,0.16605,-0.98612
15061.62,441092.07,5385972.23,0.16605,-0.98612
15065.78,441092.90,5385967.27,0.16605,-0.98612
15069.98,441093.74,5385962.31,0.16605,-0.98612
15074.24,441094.57,5385957.35,0.16605,-0.98612
15078.55,441095.41,5385952.39,0.13321,-0.99109
15082.89,441095.91,5385947.39,0.09563,-0.99542
15087.24,441096.37,5385942.39,0.09105,-0.99585
15091.60,441096.83,5385937.38,0.11866,-0.99294
15095.94,441097.56,5385932.41,0.14648,-0.98921
15100.28,441098.30,5385927.43,0.14678,-0.98917
15104.63,441099.04,5385922.46,0.14678,-0.98917
15109.03,441099.78,5385917.49,0.14678,-0.98917
15113.46,441100.51,5385912.51,0.13590,-0.99072
15117.96,441101.14,5385907.53,0.10803,-0.99415
15122.54,441101.60,5385902.52,0.09105,-0.99585
15127.21,441102.06,5385897.51,0.06559,-0.99785
15131.97,441102.26,5385892.50,0.01478,-0.99989
15136.82,441102.21,5385887.47,-0.06605,-0.99782
15141.75,441101.60,5385882.51,-0.12661,-0.99195
15146.73,441100.94,5385877.55,-0.18130,-0.98343
15151.73,441099.78,5385872.66,-0.29548,-0.95535
15156.73,441097.98,5385867.97,-0.35920,-0.93326
15161.71,441096.17,5385863.28,-0.35920,-0.93326
15166.67,441094.37,5385858.59,-0.38290,-0.92379
15171.61,441092.33,5385854.02,-0.47377,-0.88065
15176.51,441089.63,5385849.79,-0.53822,-0.84281
15181.36,441086.93,5385845.55,-0.53822,-0.84281
15186.16,441084.22,5385841.32,-0.53822,-0.84280
15190.92,441081.52,5385837.09,-0.59422,-0.80430
15195.64,441078.28,5385833.27,-0.65894,-0.75220
15200.32,441074.92,5385829.55,-0.67010,-0.74227
15205.02,441071.55,5385825.83,-0.67010,-0.74227
15209.75,441068.19,5385822.10,-0.65845,-0.75263
15214.51,441064.95,5385818.28,-0.62736,-0.77873
15219.30,441061.90,5385814.29,-0.60771,-0.79416
15224.11,441058.85,5385810.30,-0.60772,-0.79415
15228.92,441055.80,5385806.32,-0.60772,-0.79415
15233.74,441052.75,5385802.33,-0.60772,-0.79415
15238.56,441049.70,5385798.34,-0.60772,-0.79415
15243.38,441046.65,5385794.36,-0.60772,-0.79415
15248.21,441043.59,5385790.37,-0.60772,-0.79415
15253.04,441040.54,5385786.38,-0.60772,-0.79415
15257.88,441037.49,5385782.40,-0.60772,-0.79415
15262.72,441034.44,5385778.41,-0.60772,-0.79415
15267.56,441031.39,5385774.43,-0.60772,-0.79415
15272.41,441028.34,5385770.44,-0.60772,-0.79415
15277.26,441025.29,5385766.45,-0.60772,-0.79415
15282.11,441022.24,5385762.47,-0.60772,-0.79415
15286.97,441019.19,5385758.48,-0.60772,-0.79415
15291.83,441016.14,5385754.49,-0.60773,-0.79415
15296.69,441013.09,5385750.51,-0.60773,-0.79415
15301.56,441010.04,5385746.52,-0.60773,-0.79415
15306.42,441006.99,5385742.53,-0.60773,-0.79415
15311.29,441003.94,5385738.55,-0.60773,-0.79415
15316.16,441000.89,5385734.56,-0.60773,-0.79414
15321.01,440997.84,5385730.57,-0.60773,-0.79414
15325.85,440994.79,5385726.59,-0.62680,-0.77918
15330.68,440991.55,5385722.76,-0.64830,-0.76138
15335.49,440988.28,5385718.95,-0.65108,-0.75901
15340.26,440985.01,5385715.14,-0.65108,-0.75901
15345.00,440981.74,5385711.33,-0.67566,-0.73722
15349.70,440978.24,5385707.75,-0.72011,-0.69386
15354.37,440974.53,5385704.38,-0.74002,-0.67259
15359.02,440970.82,5385701.00,-0.74002,-0.67259
15363.63,440967.11,5385697.63,-0.74002,-0.67258
15368.20,440963.39,5385694.26,-0.75080,-0.66053
15372.69,440959.58,5385691.01,-0.78352,-0.62137
15377.07,440955.55,5385688.03,-0.80467,-0.59372
15381.35,440951.51,5385685.06,-0.84239,-0.53886
15385.53,440947.13,5385682.65,-0.88756,-0.46070
15389.60,440942.64,5385680.45,-0.89810,-0.43980
15393.56,440938.14,5385678.25,-0.89810,-0.43980
15397.41,440933.64,5385676.04,-0.91046,-0.41360
15401.16,440929.04,5385674.11,-0.94697,-0.32131
15404.88,440924.20,5385672.84,-0.96711,-0.25434
15408.59,440919.35,5385671.57,-0.96712,-0.25434
15412.31,440914.51,5385670.29,-0.96712,-0.25434
15416.03,440909.67,5385669.02,-0.97252,-0.23282
15419.74,440904.79,5385667.97,-0.98906,-0.14749
15423.46,440899.80,5385667.55,-0.99652,-0.08339
15427.17,440894.82,5385667.13,-0.99652,-0.08339
15430.89,440889.83,5385666.71,-0.99652,-0.08339
15434.64,440884.84,5385666.30,-0.99652,-0.08339
15438.42,440879.85,5385665.88,-0.99652,-0.08339
15442.22,440874.87,5385665.46,-0.99652,-0.08339
15446.05,440869.88,5385665.04,-0.99652,-0.08339
15449.90,440864.89,5385664.63,-0.99652,-0.08339
15453.77,440859.90,5385664.21,-0.99652,-0.08339
15457.67,440854.92,5385663.79,-0.99652,-0.08339
15461.61,440849.93,5385663.38,-0.99652,-0.08338
15465.62,440844.94,5385662.96,-0.99652,-0.08338
15469.72,440839.95,5385662.54,-0.99629,-0.08603
15473.95,440834.97,5385662.10,-0.99126,-0.13194
15478.30,440830.04,5385661.22,-0.98458,-0.17493
15482.75,440825.11,5385660.35,-0.96787,-0.25145
15487.27,440820.42,5385658.72,-0.95179,-0.30674
15491.84,440815.62,5385657.29,-0.95808,-0.28651
15496.43,440810.83,5385655.85,-0.95808,-0.28651
15501.06,440806.03,5385654.42,-0.95808,-0.28651
15505.74,440801.23,5385652.98,-0.95808,-0.28651
15510.48,440796.43,5385651.55,-0.93856,-0.34510
15515.26,440791.85,5385649.53,-0.91347,-0.40691
15520.07,440787.29,5385647.47,-0.91145,-0.41141
15524.90,440782.72,5385645.41,-0.91145,-0.41141
15529.73,440778.16,5385643.35,-0.91145,-0.41141
15534.57,440773.59,5385641.29,-0.91145,-0.41140
15539.43,440769.02,5385639.23,-0.91145,-0.41140
15544.30,440764.46,5385637.17,-0.91145,-0.41140
15549.20,440759.89,5385635.11,-0.90110,-0.43362
15554.13,440755.44,5385632.83,-0.87830,-0.47810
15559.06,440751.10,5385630.32,-0.86588,-0.50026
15564.01,440746.76,5385627.82,-0.86588,-0.50026
15568.96,440742.42,5385625.31,-0.86588,-0.50026
15573.91,440738.09,5385622.80,-0.86588,-0.50025
15578.86,440733.75,5385620.30,-0.86588,-0.50025
15583.81,440729.41,5385617.79,-0.86588,-0.50025
15588.77,440725.07,5385615.28,-0.86588,-0.50025
15593.72,440720.73,5385612.78,-0.86588,-0.50025
15598.68,440716.39,5385610.27,-0.86588,-0.50025
15603.64,440712.05,5385607.76,-0.86588,-0.50025
15608.60,440707.71,5385605.26,-0.86588,-0.50025
15613.58,440703.37,5385602.75,-0.86588,-0.50025
15618.57,440699.04,5385600.24,-0.84349,-0.53714
15623.56,440694.93,5385597.37,-0.81927,-0.57341
15628.55,440690.82,5385594.49,-0.81899,-0.57380
15633.55,440686.72,5385591.62,-0.81899,-0.57380
15638.55,440682.61,5385588.74,-0.81899,-0.57380
15643.54,440678.51,5385585.87,-0.81899,-0.57380
15648.54,440674.40,5385582.99,-0.81899,-0.57380
15653.54,440670.30,5385580.11,-0.80799,-0.58920
15658.54,440666.30,5385577.08,-0.79295,-0.60929
15663.54,440662.35,5385574.00,-0.78918,-0.61416
15668.54,440658.39,5385570.93,-0.78918,-0.61416
15673.54,440654.43,5385567.85,-0.78918,-0.61416
15678.54,440650.48,5385564.77,-0.78918,-0.61416
15683.54,440646.52,5385561.69,-0.78918,-0.61416
15688.54,440642.56,5385558.61,-0.78919,-0.61416
15693.54,440638.60,5385555.53,-0.78919,-0.61415
15698.54,440634.65,5385552.45,-0.78919,-0.61415
15703.53,440630.69,5385549.37,-0.77960,-0.62628
15708.52,440626.83,5385546.17,-0.75627,-0.65426
15713.51,440623.11,5385542.81,-0.74240,-0.66995
15718.50,440619.39,5385539.45,-0.74240,-0.66995
15723.48,440615.66,5385536.09,-0.74240,-0.66995
15728.46,440611.94,5385532.73,-0.74240,-0.66995
15733.44,440608.22,5385529.37,-0.74240,-0.66995
15738.40,440604.49,5385526.01,-0.73524,-0.67780
15743.36,440600.84,5385522.57,-0.70315,-0.71104
15748.30,440597.44,5385518.88,-0.67745,-0.73556
15753.24,440594.04,5385515.19,-0.67746,-0.73556
15758.17,440590.64,5385511.50,-0.67746,-0.73556
15763.12,440587.25,5385507.81,-0.67746,-0.73556
15768.08,440583.85,5385504.12,-0.67746,-0.73556
15773.06,440580.45,5385500.43,-0.67746,-0.73556
15778.04,440577.05,5385496.74,-0.74847,-0.66316
15783.01,440573.00,5385493.83,-0.79503,-0.60657
15787.96,440569.13,5385490.69,-0.73463,-0.67847
15792.85,440565.67,5385487.06,-0.66048,-0.75084
15797.64,440562.51,5385483.17,-0.57427,-0.81867
15802.31,440559.92,5385478.87,-0.50663,-0.86216
15806.84,440557.42,5385474.51,-0.49845,-0.86692
15811.26,440554.92,5385470.16,-0.42778,-0.90388
15815.58,440553.16,5385465.50,-0.29941,-0.95412
15819.81,440551.93,5385460.63,-0.25160,-0.96783
15824.00,440550.63,5385455.78,-0.30838,-0.95126
15828.19,440548.84,5385451.10,-0.30488,-0.95239
15832.39,440547.57,5385446.24,-0.25152,-0.96785
15836.56,440546.31,5385441.37,-0.25152,-0.96785
15840.68,440545.04,5385436.51,-0.25152,-0.96785
15844.76,440543.78,5385431.64,-0.25152,-0.96785
15848.78,440542.52,5385426.78,-0.20328,-0.97912
15852.72,440541.74,5385421.81,-0.14822,-0.98895
15856.59,440541.03,5385416.84,-0.12438,-0.99223
15860.42,440540.49,5385411.84,-0.09755,-0.99523
15864.22,440540.05,5385406.83,-0.08829,-0.99609
15867.97,440539.60,5385401.82,-0.08829,-0.99609
15871.70,440539.16,5385396.81,-0.05391,-0.99855
15875.41,440539.06,5385391.79,-0.01501,-0.99989
15879.13,440539.01,5385386.76,-0.01057,-0.99994
15882.84,440538.95,5385381.73,-0.01057,-0.99994
15886.56,440538.90,5385376.70,0.05818,-0.99831
15890.27,440539.54,5385371.72,0.13376,-0.99101
15893.99,440540.24,5385366.74,0.14079,-0.99004
15897.71,440540.95,5385361.77,0.14079,-0.99004
15901.45,440541.66,5385356.79,0.14079,-0.99004
15905.21,440542.37,5385351.81,0.14079,-0.99004
15908.99,440543.08,5385346.83,0.14079,-0.99004
15912.76,440543.78,5385341.86,0.14079,-0.99004
15916.50,440544.49,5385336.88,0.14673,-0.98918
15920.22,440545.26,5385331.91,0.17914,-0.98382
15923.93,440546.29,5385326.99,0.20547,-0.97866
15927.65,440547.32,5385322.07,0.22169,-0.97512
15931.37,440548.52,5385317.19,0.25636,-0.96658
15935.08,440549.90,5385312.36,0.27476,-0.96151
15938.80,440551.28,5385307.53,0.27476,-0.96151
15942.52,440552.66,5385302.69,0.27476,-0.96151
15946.23,440554.04,5385297.86,0.27476,-0.96151
15949.95,440555.42,5385293.03,0.27476,-0.96151
15953.66,440556.81,5385288.20,0.35478,-0.93495
15957.38,440558.81,5385284.09,0.37003,-0.92902
15961.11,440560.35,5385279.31,0.30463,-0.95247
15964.91,440561.88,5385274.52,0.32126,-0.94699
15968.75,440563.57,5385269.80,0.33763,-0.94128
15972.62,440565.27,5385265.07,0.32108,-0.94705
15976.53,440566.80,5385260.28,0.30463,-0.95247
15980.48,440568.33,5385255.50,0.30463,-0.95247
15984.46,440569.86,5385250.71,0.30463,-0.95247
15988.45,440571.39,5385245.92,0.30463,-0.95247
15992.44,440572.92,5385241.14,0.30463,-0.95247
15996.44,440574.45,5385236.35,0.30463,-0.95247
16000.47,440575.98,5385231.56,0.33722,-0.94143
16004.51,440577.84,5385226.90,0.33764,-0.94128
16008.59,440579.37,5385222.11,0.30506,-0.95233
16012.71,440580.90,5385217.32,0.30464,-0.95247
16016.89,440582.44,5385212.54,0.30464,-0.95247
16021.12,440583.97,5385207.75,0.30464,-0.95247
16025.40,440585.50,5385202.96,0.26212,-0.96504
16029.76,440586.60,5385198.06,0.26097,-0.96535
16034.16,440588.11,5385193.30,0.25528,-0.96687
16038.61,440589.15,5385188.40,0.18023,-0.98363
16043.12,440589.92,5385183.44,0.20774,-0.97818
16047.69,440591.23,5385178.59,0.23485,-0.97203
16052.29,440592.27,5385173.68,0.16138,-0.98689
16056.96,440592.85,5385168.69,0.11482,-0.99339
16061.68,440593.43,5385163.69,0.11482,-0.99339
16066.46,440594.01,5385158.70,0.11482,-0.99339
16071.27,440594.58,5385153.70,0.07121,-0.99746
16076.12,440594.72,5385148.68,0.00841,-0.99996
16081.00,440594.67,5385143.66,-0.01056,-0.99994
16085.89,440594.62,5385138.63,-0.01056,-0.99994
16090.79,440594.56,5385133.60,-0.01056,-0.99994
16095.72,440594.51,5385128.57,-0.01056,-0.99994
16100.66,440594.46,5385123.55,-0.02629,-0.99965
16105.63,440594.25,5385118.53,-0.08127,-0.99669
16110.62,440593.64,5385113.54,-0.12032,-0.99273
16115.61,440593.04,5385108.55,-0.14819,-0.98896
16120.61,440592.15,5385103.60,-0.19314,-0.98117
16125.61,440591.09,5385098.69,-0.21023,-0.97765
16130.61,440590.04,5385093.77,-0.18699,-0.98236
16135.61,440589.22,5385088.81,-0.18537,-0.98267
16140.61,440588.18,5385083.90,-0.23160,-0.97281
16145.60,440586.89,5385079.04,-0.25596,-0.96669
16150.60,440585.60,5385074.19,-0.25596,-0.96669
16155.59,440584.32,5385069.33,-0.25596,-0.96669
16160.59,440583.03,5385064.47,-0.25597,-0.96669
16165.58,440581.74,5385059.61,-0.25597,-0.96669
16170.57,440580.46,5385054.75,-0.25597,-0.96669
16175.57,440579.17,5385049.89,-0.25597,-0.96669
16180.56,440577.88,5385045.03,-0.25597,-0.96669
16185.56,440576.60,5385040.17,-0.25597,-0.96669
16190.55,440575.31,5385035.31,-0.25597,-0.96669
16195.55,440574.02,5385030.45,-0.25597,-0.96669
16200.54,440572.74,5385025.59,-0.25597,-0.96669
16205.53,440571.45,5385020.73,-0.25597,-0.96669
16210.52,440570.16,5385015.87,-0.25839,-0.96604
16215.49,440568.85,5385011.02,-0.30236,-0.95319
16220.45,440567.13,5385006.30,-0.34334,-0.93921
16225.40,440565.40,5385001.58,-0.34334,-0.93921
16230.33,440563.68,5384996.86,-0.36013,-0.93290
16235.26,440561.78,5384992.21,-0.39120,-0.92031
16240.17,440559.75,5384987.62,-0.40547,-0.91411
16245.06,440557.71,5384983.02,-0.40547,-0.91411
16249.91,440555.67,5384978.43,-0.40547,-0.91411
16254.73,440553.63,5384973.84,-0.45609,-0.88993
16259.51,440551.10,5384969.51,-0.52439,-0.85148
16264.26,440548.37,5384965.30,-0.54306,-0.83969
16269.00,440545.65,5384961.08,-0.54306,-0.83969
16273.73,440542.92,5384956.86,-0.54306,-0.83969
16278.48,440540.19,5384952.65,-0.54307,-0.83969
16283.22,440537.47,5384948.43,-0.54307,-0.83969
16287.98,440534.74,5384944.21,-0.54307,-0.83969
16292.74,440532.01,5384940.00,-0.54307,-0.83969
16297.50,440529.29,5384935.78,-0.54307,-0.83969
16302.27,440526.56,5384931.57,-0.54307,-0.83969
16307.04,440523.83,5384927.35,-0.54307,-0.83969
16311.82,440521.10,5384923.13,-0.54307,-0.83969
16316.61,440518.38,5384918.92,-0.54307,-0.83969
16321.39,440515.65,5384914.70,-0.54307,-0.83969
16326.19,440512.92,5384910.48,-0.54307,-0.83969
16330.99,440510.20,5384906.27,-0.54307,-0.83969
16335.79,440507.47,5384902.05,-0.54307,-0.83969
16340.60,440504.74,5384897.83,-0.54307,-0.83968
16345.41,440502.01,5384893.62,-0.54307,-0.83968
16350.23,440499.29,5384889.40,-0.54308,-0.83968
16355.07,440496.56,5384885.18,-0.54308,-0.83968
16359.92,440493.83,5384880.97,-0.53296,-0.84614
16364.79,440491.21,5384876.69,-0.51068,-0.85977
16369.65,440488.70,5384872.33,-0.49850,-0.86689
16374.52,440486.20,5384867.98,-0.50365,-0.86391
16379.39,440483.65,5384863.66,-0.53536,-0.84462
16384.29,440480.83,5384859.50,-0.56141,-0.82754
16389.22,440478.01,5384855.35,-0.50635,-0.86233
16394.18,440475.76,5384850.87,-0.43155,-0.90209
16399.17,440473.68,5384846.29,-0.39521,-0.91859
16404.16,440471.79,5384841.64,-0.36320,-0.93171
16409.15,440470.03,5384836.93,-0.35004,-0.93673
16414.15,440468.27,5384832.23,-0.35004,-0.93673
16419.15,440466.51,5384827.52,-0.35005,-0.93673
16424.15,440464.75,5384822.81,-0.32042,-0.94727
16429.13,440463.30,5384818.01,-0.24811,-0.96873
16434.06,440462.26,5384813.09,-0.19856,-0.98009
16438.94,440461.30,5384808.16,-0.15609,-0.98774
16443.74,440460.70,5384803.17,-0.07497,-0.99719
16448.45,440460.55,5384798.15,0.02475,-0.99969
16453.06,440460.94,5384793.14,0.09589,-0.99539
16457.57,440461.51,5384788.15,0.11287,-0.99361
16461.99,440462.08,5384783.15,0.12647,-0.99197
16466.31,440462.78,5384778.19,0.21191,-0.97729
16470.51,440464.20,5384773.36,0.28251,-0.95926
16474.60,440465.62,5384768.54,0.29177,-0.95649
16478.60,440467.13,5384763.75,0.35219,-0.93593
16482.56,440469.15,5384759.16,0.40230,-0.91551
16486.47,440471.17,5384754.56,0.40230,-0.91551
16490.35,440473.20,5384749.96,0.40230,-0.91551
16494.19,440475.22,5384745.36,0.40230,-0.91551
16497.98,440477.24,5384740.76,0.44076,-0.89762
16501.74,440479.64,5384736.35,0.48718,-0.87330
16505.48,440482.13,5384731.99,0.49584,-0.86841
16509.26,440484.62,5384727.63,0.49584,-0.86841
16513.09,440487.11,5384723.26,0.48633,-0.87377
16516.97,440489.50,5384718.85,0.46502,-0.88530
16520.90,440491.78,5384714.37,0.45319,-0.89141
16524.87,440494.06,5384709.89,0.45320,-0.89141
16528.87,440496.33,5384705.42,0.45320,-0.89141
16532.89,440498.61,5384700.94,0.45320,-0.89141
16536.93,440500.89,5384696.46,0.45320,-0.89141
16540.99,440503.16,5384691.98,0.45320,-0.89141
16545.07,440505.44,5384687.51,0.45320,-0.89141
16549.17,440507.72,5384683.03,0.45320,-0.89141
16553.29,440509.99,5384678.55,0.45320,-0.89141
16557.43,440512.27,5384674.07,0.45320,-0.89141
16561.59,440514.55,5384669.59,0.45320,-0.89141
16565.77,440516.82,5384665.12,0.45320,-0.89141
16570.01,440519.10,5384660.64,0.45320,-0.89141
16574.29,440521.38,5384656.16,0.44672,-0.89468
16578.63,440523.59,5384651.65,0.41754,-0.90866
16583.00,440525.57,5384647.04,0.39464,-0.91884
16587.42,440527.55,5384642.42,0.39464,-0.91884
16591.87,440529.54,5384637.80,0.39464,-0.91884
16596.38,440531.52,5384633.19,0.39464,-0.91884
16600.99,440533.50,5384628.57,0.37606,-0.92659
16605.69,440535.29,5384623.88,0.32979,-0.94406
16610.46,440536.81,5384619.09,0.23937,-0.97093
16615.29,440537.70,5384614.14,0.17576,-0.98443
16620.16,440538.58,5384609.19,0.17576,-0.98443
16625.07,440539.46,5384604.24,0.17576,-0.98443
16630.00,440540.35,5384599.29,0.15731,-0.98755
16634.96,440541.04,5384594.32,0.09425,-0.99555
16639.94,440541.29,5384589.30,0.04963,-0.99877
16644.93,440541.54,5384584.28,0.01961,-0.99981
16649.92,440541.49,5384579.25,-0.01537,-0.99988
16654.92,440541.39,5384574.23,-0.02031,-0.99979
16659.92,440541.29,5384569.20,-0.02031,-0.99979
16664.92,440541.18,5384564.17,-0.02031,-0.99979
16669.92,440541.08,5384559.14,-0.02031,-0.99979
16674.92,440540.98,5384554.12,-0.02031,-0.99979
16679.91,440540.88,5384549.09,-0.02031,-0.99979
16684.91,440540.78,5384544.06,-0.02031,-0.99979
16689.91,440540.67,5384539.04,-0.02031,-0.99979
16694.91,440540.57,5384534.01,-0.02031,-0.99979
16699.91,440540.47,5384528.98,-0.02031,-0.99979
16704.91,440540.37,5384523.95,-0.02031,-0.99979
16709.90,440540.26,5384518.93,-0.02031,-0.99979
16714.90,440540.16,5384513.90,-0.02031,-0.99979
16719.89,440540.06,5384508.87,0.00853,-0.99996
16724.88,440540.25,5384503.85,0.04350,-0.99905
16729.86,440540.50,5384498.83,0.04963,-0.99877
16734.84,440540.75,5384493.81,0.04963,-0.99877
16739.82,440541.00,5384488.78,0.04963,-0.99877
16744.80,440541.25,5384483.76,0.04963,-0.99877
16749.77,440541.50,5384478.74,0.04963,-0.99877
16754.73,440541.75,5384473.72,0.06713,-0.99774
16759.69,440542.17,5384468.71,0.10103,-0.99488
16764.64,440542.76,5384463.72,0.11740,-0.99308
16769.59,440543.35,5384458.73,0.11740,-0.99308
16774.54,440543.94,5384453.73,0.11740,-0.99308
16779.48,440544.53,5384448.74,0.11740,-0.99308
16784.43,440545.12,5384443.75,0.11740,-0.99308
16789.37,440545.71,5384438.75,0.11740,-0.99308
16794.30,440546.30,5384433.76,0.12878,-0.99167
16799.24,440547.01,5384428.78,0.15195,-0.98839
16804.17,440547.83,5384423.82,0.16372,-0.98651
16809.12,440548.65,5384418.87,0.15887,-0.98730
16814.08,440549.43,5384413.90,0.11897,-0.99290
16819.05,440549.85,5384408.89,0.08379,-0.99648
16824.02,440550.27,5384403.88,0.08379,-0.99648
16828.99,440550.69,5384398.87,0.08379,-0.99648
16833.97,440551.11,5384393.86,0.09973,-0.99501
16838.95,440551.69,5384388.87,0.10855,-0.99409
16843.93,440552.20,5384383.87,0.08121,-0.99670
16848.91,440552.51,5384378.85,0.06097,-0.99814
16853.90,440552.82,5384373.83,0.06097,-0.99814
16858.89,440553.12,5384368.81,0.06097,-0.99814
16863.88,440553.43,5384363.80,0.06097,-0.99814
16868.87,440553.74,5384358.78,0.06097,-0.99814
16873.87,440554.04,5384353.76,0.06097,-0.99814
16878.86,440554.35,5384348.74,0.04808,-0.99884
16883.86,440554.53,5384343.72,0.01231,-0.99992
16888.86,440554.47,5384338.69,-0.01056,-0.99994
16893.86,440554.42,5384333.66,-0.01056,-0.99994
16898.86,440554.37,5384328.63,-0.01056,-0.99994
16903.86,440554.31,5384323.61,-0.03110,-0.99952
16908.86,440554.05,5384318.59,-0.07241,-0.99737
16913.85,440553.59,5384313.58,-0.06336,-0.99799
16918.85,440553.42,5384308.56,-0.02203,-0.99976
16923.84,440553.36,5384303.53,-0.01422,-0.99990
16928.82,440553.27,5384298.51,-0.06703,-0.99775
16933.81,440552.69,5384293.51,-0.11601,-0.99325
16938.78,440552.11,5384288.52,-0.11601,-0.99325
16943.74,440551.52,5384283.53,-0.11601,-0.99325
16948.70,440550.94,5384278.53,-0.11601,-0.99325
16953.64,440550.36,5384273.54,-0.13935,-0.99024
16958.57,440549.54,5384268.58,-0.18483,-0.98277
16963.49,440548.50,5384263.66,-0.20692,-0.97836
16968.40,440547.46,5384258.75,-0.20692,-0.97836
16973.31,440546.42,5384253.83,-0.20692,-0.97836
16978.23,440545.38,5384248.91,-0.20692,-0.97836
16983.14,440544.34,5384243.99,-0.20692,-0.97836
16988.06,440543.30,5384239.07,-0.20692,-0.97836
16992.97,440542.26,5384234.15,-0.20692,-0.97836
16997.88,440541.22,5384229.23,-0.20692,-0.97836
17002.78,440540.18,5384224.32,-0.22232,-0.97497
17007.68,440538.98,5384219.43,-0.24118,-0.97048
17012.57,440537.75,5384214.56,-0.24468,-0.96960
17017.44,440536.52,5384209.69,-0.24468,-0.96960
17022.30,440535.29,5384204.81,-0.24468,-0.96960
17027.13,440534.06,5384199.94,-0.28498,-0.95853
17031.94,440532.43,5384195.19,-0.33413,-0.94253
17036.73,440530.71,5384190.47,-0.34338,-0.93920
17041.51,440528.98,5384185.75,-0.34338,-0.93920
17046.30,440527.26,5384181.03,-0.34338,-0.93920
17051.10,440525.53,5384176.31,-0.34338,-0.93920
17055.89,440523.80,5384171.59,-0.34338,-0.93919
17060.69,440522.08,5384166.87,-0.34338,-0.93919
17065.49,440520.35,5384162.15,-0.34339,-0.93919
17070.27,440518.63,5384157.43,-0.34339,-0.93919
17075.04,440516.90,5384152.71,-0.35238,-0.93586
17079.78,440515.09,5384148.02,-0.38784,-0.92173
17084.49,440513.01,5384143.45,-0.41399,-0.91028
17089.17,440510.93,5384138.88,-0.42193,-0.90663
17093.84,440508.77,5384134.34,-0.44449,-0.89578
17098.49,440506.46,5384129.88,-0.45903,-0.88842
17103.15,440504.15,5384125.41,-0.45903,-0.88842
17107.81,440501.85,5384120.95,-0.45903,-0.88842
17112.47,440499.54,5384116.49,-0.45903,-0.88842
17117.15,440497.24,5384112.03,-0.45903,-0.88842
17121.83,440494.93,5384107.56,-0.45903,-0.88842
17126.52,440492.62,5384103.10,-0.45903,-0.88842
17131.21,440490.32,5384098.64,-0.45903,-0.88842
17135.91,440488.01,5384094.17,-0.45904,-0.88842
17140.62,440485.71,5384089.71,-0.45904,-0.88842
17145.34,440483.40,5384085.25,-0.45904,-0.88842
17150.06,440481.09,5384080.78,-0.45904,-0.88842
17154.79,440478.79,5384076.32,-0.45904,-0.88842
17159.52,440476.48,5384071.86,-0.45904,-0.88842
17164.26,440474.18,5384067.39,-0.45904,-0.88842
17169.00,440471.87,5384062.93,-0.45904,-0.88842
17173.76,440469.56,5384058.47,-0.45904,-0.88842
17178.53,440467.26,5384054.00,-0.45904,-0.88842
17183.33,440464.95,5384049.54,-0.45904,-0.88841
17188.15,440462.65,5384045.08,-0.43318,-0.90131
17193.00,440460.60,5384040.49,-0.39980,-0.91660
17197.86,440458.63,5384035.87,-0.39264,-0.91969
17202.74,440456.66,5384031.25,-0.39265,-0.91969
17207.64,440454.68,5384026.63,-0.39265,-0.91969
17212.55,440452.71,5384022.01,-0.39019,-0.92073
17217.49,440450.76,5384017.37,-0.32782,-0.94474
17222.45,440449.42,5384012.53,-0.31775,-0.94817
17227.42,440447.57,5384007.86,-0.32684,-0.94508
17232.41,440446.14,5384003.05,-0.26487,-0.96428
17237.40,440444.91,5383998.18,-0.22144,-0.97517
17242.40,440443.92,5383993.27,-0.22730,-0.97382
17247.39,440442.64,5383988.43,-0.22916,-0.97339
17252.39,440441.62,5383983.50,-0.20182,-0.97942
17257.39,440440.61,5383978.58,-0.20182,-0.97942
17262.39,440439.59,5383973.66,-0.15776,-0.98748
17267.37,440439.03,5383968.67,-0.09296,-0.99567
17272.34,440438.66,5383963.65,-0.07261,-0.99736
17277.31,440438.30,5383958.64,-0.07261,-0.99736
17282.28,440437.93,5383953.62,-0.07261,-0.99736
17287.23,440437.57,5383948.61,-0.07261,-0.99736
17292.17,440437.20,5383943.59,-0.07261,-0.99736
17297.07,440436.84,5383938.58,-0.01829,-0.99983
17301.95,440437.02,5383933.58,0.07287,-0.99734
17306.80,440437.57,5383928.58,0.10479,-0.99449
17311.63,440438.07,5383923.58,0.07502,-0.99718
17316.44,440438.32,5383918.55,0.04962,-0.99877
17321.22,440438.57,5383913.53,0.10116,-0.99487
17325.97,440439.33,5383908.57,0.17317,-0.98489
17330.69,440440.31,5383903.64,0.19368,-0.98107
17335.39,440441.28,5383898.71,0.19368,-0.98106
17340.10,440442.26,5383893.78,0.19368,-0.98106
17344.81,440443.23,5383888.85,0.19368,-0.98106
17349.51,440444.20,5383883.91,0.19368,-0.98106
17354.20,440445.18,5383878.98,0.19368,-0.98106
17358.88,440446.15,5383874.05,0.21493,-0.97663
17363.55,440447.34,5383869.17,0.24113,-0.97049
17368.21,440448.57,5383864.29,0.24617,-0.96923
17372.87,440449.81,5383859.42,0.24617,-0.96923
17377.55,440451.05,5383854.55,0.24617,-0.96923
17382.24,440452.29,5383849.68,0.24617,-0.96923
17386.95,440453.52,5383844.81,0.24617,-0.96923
17391.69,440454.76,5383839.93,0.22705,-0.97388
17396.47,440455.81,5383835.02,0.20668,-0.97841
17401.28,440456.84,5383830.10,0.20552,-0.97865
17406.11,440457.87,5383825.18,0.14721,-0.98911
17410.96,440458.31,5383820.20,0.11661,-0.99318
17415.81,440459.04,5383815.23,0.15517,-0.98789
17420.66,440459.87,5383810.27,0.16535,-0.98623
17425.51,440460.70,5383805.32,0.16535,-0.98623
17430.37,440461.53,5383800.36,0.16535,-0.98623
17435.25,440462.37,5383795.40,0.16389,-0.98648
17440.15,440463.18,5383790.44,0.12969,-0.99155
17445.07,440463.67,5383785.43,0.09682,-0.99530
17449.99,440464.16,5383780.43,0.09682,-0.99530
17454.92,440464.64,5383775.43,0.09682,-0.99530
17459.85,440465.13,5383770.42,0.09682,-0.99530
17464.78,440465.62,5383765.42,0.09682,-0.99530
17469.72,440466.10,5383760.41,0.09682,-0.99530
17474.65,440466.59,5383755.41,0.09682,-0.99530
17479.60,440467.08,5383750.40,0.09682,-0.99530
17484.55,440467.56,5383745.40,0.08849,-0.99608
17489.51,440467.97,5383740.39,0.07113,-0.99747
17494.47,440468.28,5383735.37,0.06211,-0.99807
17499.43,440468.59,5383730.35,0.06211,-0.99807
17504.40,440468.90,5383725.33,0.06211,-0.99807
17509.36,440469.22,5383720.32,0.06211,-0.99807
17514.33,440469.53,5383715.30,0.06211,-0.99807
17519.30,440469.84,5383710.28,0.06211,-0.99807
17524.27,440470.15,5383705.26,0.06211,-0.99807
17529.23,440470.46,5383700.24,0.06211,-0.99807
17534.20,440470.78,5383695.22,0.06211,-0.99807
17539.17,440471.09,5383690.21,0.06211,-0.99807
17544.15,440471.40,5383685.19,0.06211,-0.99807
17549.12,440471.71,5383680.17,0.06211,-0.99807
17554.09,440472.03,5383675.15,0.06211,-0.99807
17559.06,440472.34,5383670.13,0.06211,-0.99807
17564.04,440472.65,5383665.11,0.06211,-0.99807
17569.01,440472.96,5383660.10,0.06211,-0.99807
17573.98,440473.28,5383655.08,0.06211,-0.99807
17578.96,440473.59,5383650.06,0.06211,-0.99807
17583.94,440473.90,5383645.04,0.06211,-0.99807
17588.91,440474.21,5383640.02,0.06211,-0.99807
17593.89,440474.52,5383635.00,0.06211,-0.99807
17598.87,440474.84,5383629.99,0.06211,-0.99807
17603.84,440475.15,5383624.97,0.06211,-0.99807
17608.82,440475.46,5383619.95,0.06211,-0.99807
17613.80,440475.77,5383614.93,0.06211,-0.99807
17618.78,440476.09,5383609.91,0.06211,-0.99807
17623.76,440476.40,5383604.89,0.06211,-0.99807
17628.74,440476.71,5383599.88,0.06211,-0.99807
17633.72,440477.02,5383594.86,0.06211,-0.99807
17638.70,440477.34,5383589.84,0.06212,-0.99807
17643.68,440477.65,5383584.82,0.06212,-0.99807
17648.67,440477.96,5383579.80,0.06212,-0.99807
17653.65,440478.27,5383574.78,0.06212,-0.99807
17658.63,440478.58,5383569.77,0.06212,-0.99807
17663.61,440478.90,5383564.75,0.06212,-0.99807
17668.60,440479.21,5383559.73,0.06212,-0.99807
17673.58,440479.52,5383554.71,0.06212,-0.99807
17678.57,440479.83,5383549.69,0.06212,-0.99807
17683.55,440480.15,5383544.67,0.06212,-0.99807
17688.53,440480.46,5383539.66,0.06212,-0.99807
17693.52,440480.77,5383534.64,0.06212,-0.99807
17698.51,440481.08,5383529.62,0.06212,-0.99807
17703.49,440481.40,5383524.60,0.06212,-0.99807
17708.48,440481.71,5383519.58,0.06212,-0.99807
17713.46,440482.02,5383514.56,0.06212,-0.99807
17718.45,440482.33,5383509.55,0.06212,-0.99807
17723.44,440482.65,5383504.53,0.06212,-0.99807
17728.43,440482.96,5383499.51,0.06212,-0.99807
17733.41,440483.27,5383494.49,0.06212,-0.99807
17738.40,440483.58,5383489.47,0.06212,-0.99807
17743.39,440483.89,5383484.45,0.06212,-0.99807
17748.38,440484.21,5383479.44,0.06212,-0.99807
17753.37,440484.52,5383474.42,0.06212,-0.99807
17758.35,440484.83,5383469.40,0.06212,-0.99807
17763.35,440485.14,5383464.38,0.06212,-0.99807
17768.34,440485.46,5383459.36,0.06212,-0.99807
17773.34,440485.77,5383454.34,0.06212,-0.99807
17778.34,440486.08,5383449.33,-0.01938,-0.99981
17783.33,440485.57,5383444.33,-0.10420,-0.99456
17788.31,440485.03,5383439.33,-0.10759,-0.99420
17793.28,440484.49,5383434.33,-0.10759,-0.99420
17798.26,440483.95,5383429.33,-0.10759,-0.99420
17803.23,440483.41,5383424.33,-0.10759,-0.99420
17808.21,440482.87,5383419.33,-0.10759,-0.99420
17813.20,440482.33,5383414.33,-0.10089,-0.99490
17818.18,440481.86,5383409.33,-0.08439,-0.99643
17823.17,440481.48,5383404.32,-0.07460,-0.99721
17828.16,440481.10,5383399.30,-0.07460,-0.99721
17833.15,440480.73,5383394.29,-0.07460,-0.99721
17838.14,440480.35,5383389.27,-0.07460,-0.99721
17843.12,440479.98,5383384.26,-0.07460,-0.99721
17848.09,440479.60,5383379.25,-0.10150,-0.99484
17853.05,440478.96,5383374.27,-0.15123,-0.98850
17858.00,440478.09,5383369.31,-0.17400,-0.98475
17862.94,440477.21,5383364.36,-0.17400,-0.98475
17867.89,440476.34,5383359.41,-0.16002,-0.98711
17872.84,440475.60,5383354.45,-0.16533,-0.98624
17877.79,440474.68,5383349.51,-0.18456,-0.98282
17882.73,440473.75,5383344.57,-0.15323,-0.98819
17887.67,440473.14,5383339.60,-0.15986,-0.98714
17892.59,440472.15,5383334.68,-0.20554,-0.97865
17897.50,440471.07,5383329.76,-0.21329,-0.97699
17902.40,440470.00,5383324.85,-0.22157,-0.97514
17907.29,440468.85,5383319.96,-0.24829,-0.96869
17912.16,440467.51,5383315.12,-0.26664,-0.96380
17917.04,440466.17,5383310.27,-0.26664,-0.96380
17921.91,440464.83,5383305.43,-0.26664,-0.96380
17926.79,440463.48,5383300.58,-0.26664,-0.96380
17931.67,440462.14,5383295.74,-0.26664,-0.96380
17936.55,440460.80,5383290.89,-0.26664,-0.96380
17941.43,440459.46,5383286.05,-0.26664,-0.96380
17946.30,440458.12,5383281.20,-0.26664,-0.96380
17951.16,440456.78,5383276.36,-0.26707,-0.96368
17956.01,440455.44,5383271.52,-0.29918,-0.95420
17960.84,440453.78,5383266.77,-0.33054,-0.94379
17965.67,440452.12,5383262.03,-0.33054,-0.94379
17970.49,440450.45,5383257.29,-0.33054,-0.94379
17975.32,440448.79,5383252.54,-0.33054,-0.94379
17980.16,440447.13,5383247.80,-0.33054,-0.94379
17984.99,440445.47,5383243.05,-0.33055,-0.94379
17989.83,440443.81,5383238.31,-0.33055,-0.94379
17994.67,440442.15,5383233.57,-0.33055,-0.94379
17999.51,440440.49,5383228.82,-0.33055,-0.94379
18004.34,440438.83,5383224.08,-0.33055,-0.94379
18009.17,440437.16,5383219.34,-0.34466,-0.93873
18014.00,440435.36,5383214.65,-0.36916,-0.92937
18018.83,440433.45,5383210.00,-0.37439,-0.92727
18023.68,440431.60,5383205.33,-0.34709,-0.93783
18028.54,440429.97,5383200.58,-0.32480,-0.94578
18033.42,440428.34,5383195.82,-0.32480,-0.94578
18038.30,440426.70,5383191.07,-0.32480,-0.94578
18043.18,440425.07,5383186.32,-0.32480,-0.94578
18048.06,440423.44,5383181.56,-0.32480,-0.94578
18052.95,440421.81,5383176.81,-0.32480,-0.94578
18057.84,440420.17,5383172.06,-0.32480,-0.94578
18062.73,440418.54,5383167.30,-0.32480,-0.94578
18067.63,440416.91,5383162.55,-0.32480,-0.94578
18072.54,440415.28,5383157.79,-0.32481,-0.94578
18077.46,440413.64,5383153.04,-0.32293,-0.94642
18082.39,440412.03,5383148.28,-0.29744,-0.95474
18087.33,440410.65,5383143.45,-0.27366,-0.96183
18092.29,440409.28,5383138.61,-0.27366,-0.96183
18097.25,440407.90,5383133.78,-0.26949,-0.96300
18102.22,440406.57,5383128.93,-0.24580,-0.96932
18107.19,440405.43,5383124.03,-0.22620,-0.97408
18112.17,440404.29,5383119.14,-0.22620,-0.97408
18117.15,440403.16,5383114.24,-0.24941,-0.96840
18122.13,440401.79,5383109.41,-0.24941,-0.96840
18127.12,440400.65,5383104.51,-0.22620,-0.97408
18132.11,440399.52,5383099.62,-0.19489,-0.98083
18137.11,440398.70,5383094.66,-0.15122,-0.98850
18142.11,440398.00,5383089.69,-0.16541,-0.98623
18147.10,440397.03,5383084.75,-0.19159,-0.98147
18152.10,440396.07,5383079.82,-0.19159,-0.98147
18157.10,440395.11,5383074.88,-0.18376,-0.98297
18162.10,440394.22,5383069.94,-0.14710,-0.98912
18167.10,440393.63,5383064.94,-0.11818,-0.99299
18172.10,440393.03,5383059.95,-0.11818,-0.99299
18177.10,440392.44,5383054.96,-0.11818,-0.99299
18182.10,440391.85,5383049.97,-0.11818,-0.99299
18187.10,440391.25,5383044.97,-0.11818,-0.99299
18192.09,440390.66,5383039.98,-0.11818,-0.99299
18197.09,440390.06,5383034.99,-0.11818,-0.99299
18202.09,440389.47,5383030.00,-0.11818,-0.99299
18207.08,440388.87,5383025.00,-0.11818,-0.99299
18212.08,440388.28,5383020.01,-0.10115,-0.99487
18217.07,440387.86,5383015.01,-0.06477,-0.99790
18222.05,440387.63,5383010.00,-0.08412,-0.99646
18227.02,440387.02,5383005.02,-0.06668,-0.99777
18231.98,440386.96,5382999.99,-0.01058,-0.99994
18236.93,440386.91,5382994.96,0.00405,-0.99999
18241.87,440387.00,5382989.94,0.03716,-0.99931
18246.80,440387.28,5382984.92,0.04814,-0.99884
18251.72,440387.49,5382979.90,0.01503,-0.99989
18256.63,440387.43,5382974.87,0.03903,-0.99924
18261.53,440387.88,5382969.89,0.06316,-0.99800
18266.40,440388.07,5382964.89,0.07158,-0.99744
18271.24,440388.59,5382959.90,0.13364,-0.99103
18276.04,440389.41,5382954.94,0.16152,-0.98687
18280.81,440390.22,5382949.98,0.16152,-0.98687
18285.52,440391.03,5382945.02,0.18439,-0.98285
18290.19,440392.07,5382940.11,0.24006,-0.97076
18294.78,440393.44,5382935.27,0.29329,-0.95602
18299.30,440395.02,5382930.51,0.32718,-0.94496
18303.75,440396.72,5382925.79,0.33720,-0.94143
18308.14,440398.40,5382921.06,0.38848,-0.92146
18312.49,440400.62,5382916.55,0.44158,-0.89722
18316.79,440402.84,5382912.05,0.44158,-0.89722
18321.05,440405.05,5382907.54,0.44158,-0.89722
18325.23,440407.27,5382903.03,0.44175,-0.89714
18329.31,440409.49,5382898.53,0.49375,-0.86960
18333.26,440412.22,5382894.31,0.56389,-0.82585
18337.12,440415.15,5382890.24,0.61141,-0.79132
18340.91,440418.35,5382886.38,0.63846,-0.76965
18344.63,440421.56,5382882.51,0.63846,-0.76965
18348.34,440424.76,5382878.65,0.63846,-0.76965
18352.06,440427.97,5382874.79,0.65390,-0.75658
18355.77,440431.31,5382871.07,0.73373,-0.67944
18359.49,440435.29,5382868.01,0.77708,-0.62940
18363.21,440439.10,5382864.77,0.77376,-0.63348
18366.92,440443.02,5382861.68,0.80147,-0.59803
18370.64,440447.12,5382858.78,0.81665,-0.57714
18374.35,440451.21,5382855.89,0.81665,-0.57713
18378.07,440455.31,5382853.00,0.83339,-0.55268
18381.78,440459.56,5382850.36,0.86980,-0.49341
18385.50,440464.01,5382848.06,0.88873,-0.45844
18389.22,440468.46,5382845.76,0.88873,-0.45844
18392.94,440472.92,5382843.46,0.88873,-0.45844
18396.66,440477.37,5382841.17,0.88873,-0.45844
18400.38,440481.83,5382838.87,0.88873,-0.45844
18404.12,440486.28,5382836.57,0.90073,-0.43438
18407.88,440490.84,5382834.52,0.91530,-0.40277
18411.62,440495.44,5382832.54,0.89632,-0.44341
18415.35,440499.81,5382830.09,0.88472,-0.46612
18419.07,440504.29,5382827.88,0.91385,-0.40606
18422.78,440508.95,5382826.02,0.92917,-0.36966
18426.50,440513.60,5382824.17,0.92917,-0.36966
18430.23,440518.26,5382822.32,0.92917,-0.36966
18433.99,440522.91,5382820.47,0.92917,-0.36966
18437.77,440527.57,5382818.62,0.92917,-0.36966
18441.58,440532.22,5382816.76,0.92917,-0.36966
18445.41,440536.88,5382814.91,0.92917,-0.36966
18449.27,440541.53,5382813.06,0.92917,-0.36966
18453.15,440546.19,5382811.21,0.92917,-0.36965
18457.07,440550.84,5382809.36,0.92917,-0.36965
18461.03,440555.50,5382807.51,0.92917,-0.36965
18465.00,440560.15,5382805.65,0.92917,-0.36965
18469.00,440564.81,5382803.80,0.91321,-0.40748
18473.02,440569.29,5382801.57,0.92630,-0.37678
18477.02,440573.95,5382800.08,0.93729,-0.34854
18480.99,440578.53,5382798.14,0.92105,-0.38944
18484.96,440583.14,5382796.20,0.93700,-0.34932
18488.95,440587.90,5382794.65,0.95084,-0.30969
18492.99,440592.66,5382793.09,0.95084,-0.30969
18497.07,440597.43,5382791.54,0.93980,-0.34172
18501.16,440602.07,5382789.68,0.91898,-0.39430
18505.25,440606.63,5382787.60,0.90984,-0.41496
18509.36,440611.19,5382785.52,0.94067,-0.33932
18513.46,440616.01,5382784.21,0.96858,-0.24872
18517.56,440620.88,5382783.03,0.94706,-0.32107
18521.68,440625.45,5382781.01,0.91791,-0.39678
18525.83,440630.06,5382779.06,0.93704,-0.34922
18529.97,440634.83,5382777.52,0.95145,-0.30781
18534.10,440639.59,5382775.98,0.95145,-0.30781
18538.22,440644.36,5382774.43,0.95145,-0.30780
18542.37,440649.12,5382772.89,0.95145,-0.30780
18546.53,440653.89,5382771.35,0.95145,-0.30780
18550.70,440658.66,5382769.81,0.95145,-0.30780
18554.86,440663.42,5382768.27,0.95145,-0.30780
18558.99,440668.19,5382766.72,0.95473,-0.29747
18563.11,440672.98,5382765.29,0.96374,-0.26685
18567.24,440677.84,5382764.05,0.96915,-0.24649
18571.42,440682.69,5382762.82,0.96915,-0.24649
18575.63,440687.55,5382761.58,0.96915,-0.24649
18579.85,440692.40,5382760.35,0.94731,-0.32030
18584.06,440696.92,5382758.41,0.94379,-0.33055
18588.25,440701.75,5382757.07,0.96363,-0.26726
18592.41,440706.57,5382755.74,0.98354,-0.18072
18596.53,440711.52,5382755.28,0.97830,-0.20720
18600.65,440716.11,5382753.72,0.96602,-0.25848
18604.79,440721.02,5382752.74,0.98070,-0.19552
18608.91,440725.93,5382751.76,0.98070,-0.19552
18613.01,440730.84,5382750.78,0.98070,-0.19552
18617.09,440735.76,5382749.80,0.98070,-0.19551
18621.19,440740.67,5382748.82,0.98787,-0.15527
18625.31,440745.62,5382748.25,0.99291,-0.11884
18629.45,440750.56,5382747.64,0.98585,-0.16766
18633.60,440755.46,5382746.58,0.97734,-0.21166
18637.77,440760.35,5382745.52,0.98237,-0.18697
18641.91,440765.28,5382744.71,0.99006,-0.14066
18646.01,440770.22,5382744.11,0.99000,-0.14110
18650.09,440775.15,5382743.30,0.99172,-0.12846
18654.17,440780.14,5382742.83,0.99558,-0.09393
18658.26,440785.12,5382742.36,0.99558,-0.09393
18662.39,440790.11,5382741.89,0.99558,-0.09393
18666.51,440795.09,5382741.42,0.99445,-0.10518
18670.61,440800.06,5382740.84,0.98745,-0.15792
18674.67,440804.94,5382739.84,0.99446,-0.10512
18678.69,440809.95,5382739.79,0.99994,-0.01051
18682.65,440814.95,5382739.74,0.99994,-0.01051
18686.61,440819.96,5382739.69,0.99994,-0.01051
18690.59,440824.97,5382739.63,0.99994,-0.01051
18694.57,440829.98,5382739.58,0.99994,-0.01051
18698.49,440834.98,5382739.53,0.99994,-0.01050
18702.37,440839.99,5382739.48,0.99994,-0.01050
18706.23,440845.00,5382739.42,0.99628,0.08613
18710.06,440849.84,5382740.33,0.99125,0.13196
18713.87,440854.82,5382740.73,0.99770,0.06781
18717.67,440859.82,5382741.01,0.99849,0.05492
18721.45,440864.82,5382741.28,0.99639,0.08493
18725.19,440869.78,5382741.85,0.98976,0.14277
18728.90,440874.72,5382742.71,0.98536,0.17048
18732.62,440879.65,5382743.56,0.98536,0.17048
18736.34,440884.59,5382744.42,0.98536,0.17048
18740.05,440889.52,5382745.27,0.98536,0.17049
18743.77,440894.46,5382746.12,0.97904,0.20369
18747.49,440899.30,5382747.30,0.96298,0.26957
18751.21,440904.05,5382748.81,0.98182,0.18982
18754.92,440908.98,5382749.18,0.97740,0.21141
18758.64,440913.69,5382750.89,0.93940,0.34284
18762.35,440918.39,5382752.61,0.93939,0.34284
18766.08,440923.10,5382754.33,0.95241,0.30482
18769.86,440927.91,5382755.66,0.97063,0.24057
18773.66,440932.79,5382756.73,0.96282,0.27014
18777.43,440937.53,5382758.36,0.94592,0.32441
18781.16,440942.27,5382759.98,0.95047,0.31080
18784.88,440947.01,5382761.46,0.94326,0.33206
18788.65,440951.67,5382763.29,0.93048,0.36635
18792.43,440956.34,5382765.13,0.93048,0.36635
18796.22,440961.00,5382766.96,0.95173,0.30693
18800.01,440965.77,5382768.17,0.95522,0.29589
18803.76,440970.44,5382769.89,0.93070,0.36578
18807.48,440975.06,5382771.82,0.92252,0.38595
18811.20,440979.68,5382773.75,0.91196,0.41028
18814.91,440984.19,5382775.93,0.89007,0.45582
18818.63,440988.60,5382778.32,0.87890,0.47700
18822.34,440993.00,5382780.71,0.87890,0.47700
18826.08,440997.41,5382783.10,0.87890,0.47700
18829.84,441001.81,5382785.49,0.87890,0.47700
18833.63,441006.22,5382787.88,0.87890,0.47700
18837.44,441010.62,5382790.27,0.87890,0.47700
18841.28,441015.03,5382792.66,0.87890,0.47700
18845.14,441019.43,5382795.06,0.87890,0.47700
18849.03,441023.84,5382797.45,0.87890,0.47701
18852.94,441028.24,5382799.84,0.87890,0.47701
18856.84,441032.65,5382802.23,0.87890,0.47701
18860.70,441037.05,5382804.62,0.87890,0.47701
18864.53,441041.46,5382807.01,0.86897,0.49487
18868.31,441045.76,5382809.58,0.84139,0.54043
18872.05,441049.89,5382812.42,0.82324,0.56770
18875.78,441054.01,5382815.27,0.82323,0.56770
18879.53,441058.14,5382818.12,0.82323,0.56770
18883.31,441062.27,5382820.96,0.82323,0.56770
18887.11,441066.40,5382823.81,0.82323,0.56770
18890.94,441070.53,5382826.66,0.82323,0.56770
18894.78,441074.65,5382829.50,0.82323,0.56771
18898.64,441078.78,5382832.35,0.82323,0.56771
18902.49,441082.91,5382835.19,0.82323,0.56771
18906.31,441087.04,5382838.04,0.81868,0.57425
18910.12,441091.12,5382840.95,0.79808,0.60255
18913.91,441095.04,5382844.08,0.78151,0.62389
18917.70,441098.96,5382847.21,0.78151,0.62389
18921.50,441102.88,5382850.34,0.78151,0.62389
18925.33,441106.80,5382853.47,0.78151,0.62389
18929.19,441110.72,5382856.60,0.78151,0.62389
18933.07,441114.64,5382859.73,0.78151,0.62389
18936.97,441118.55,5382862.86,0.78151,0.62389
18940.91,441122.47,5382865.99,0.78151,0.62389
18944.93,441126.39,5382869.11,0.78151,0.62389
18949.01,441130.31,5382872.24,0.78151,0.62389
18953.11,441134.23,5382875.37,0.81493,0.57956
18957.23,441138.46,5382878.04,0.84594,0.53328
18961.33,441142.69,5382880.70,0.80822,0.58888
18965.39,441146.53,5382883.92,0.76707,0.64156
18969.42,441150.38,5382887.14,0.76707,0.64157
18973.44,441154.23,5382890.36,0.76707,0.64157
18977.49,441158.08,5382893.57,0.76707,0.64157
18981.55,441161.92,5382896.79,0.76707,0.64157
18985.64,441165.77,5382900.01,0.76707,0.64157
18989.75,441169.62,5382903.23,0.76707,0.64157
18993.87,441173.47,5382906.45,0.76706,0.64157
18997.99,441177.31,5382909.66,0.76706,0.64157
19002.11,441181.16,5382912.88,0.76706,0.64157
19006.22,441185.01,5382916.10,0.75596,0.65462
19010.32,441188.74,5382919.45,0.73980,0.67282
19014.42,441192.43,5382922.85,0.73493,0.67814
19018.52,441196.12,5382926.25,0.73493,0.67814
19022.67,441199.81,5382929.65,0.73493,0.67814
19026.89,441203.49,5382933.06,0.73493,0.67814
19031.18,441207.18,5382936.46,0.74384,0.66835
19035.54,441210.95,5382939.76,0.77939,0.62653
19039.95,441214.99,5382942.74,0.80478,0.59357
19044.41,441219.02,5382945.71,0.80478,0.59357
19048.94,441223.06,5382948.69,0.80478,0.59358
19053.53,441227.09,5382951.67,0.78697,0.61699
19058.20,441230.92,5382954.85,0.83167,0.55526
19062.92,441235.36,5382957.18,0.88538,0.46487
19067.70,441239.80,5382959.51,0.88538,0.46487
19072.50,441244.23,5382961.84,0.88538,0.46487
19077.32,441248.67,5382964.17,0.88538,0.46487
19082.15,441253.11,5382966.50,0.88538,0.46487
19086.99,441257.55,5382968.83,0.90456,0.42635
19091.84,441262.09,5382970.73,0.91471,0.40410
19096.71,441266.57,5382972.82,0.89457,0.44693
19101.59,441270.99,5382975.18,0.88184,0.47155
19106.48,441275.41,5382977.55,0.90311,0.42942
19111.38,441279.95,5382979.44,0.93531,0.35384
19116.29,441284.60,5382981.02,0.92763,0.37349
19121.22,441289.14,5382983.14,0.90609,0.42309
19126.15,441293.68,5382985.26,0.90938,0.41596
19131.09,441298.25,5382987.31,0.92846,0.37144
19136.05,441302.98,5382988.98,0.94276,0.33347
19141.01,441307.70,5382990.65,0.94276,0.33347
19145.98,441312.42,5382992.32,0.94276,0.33347
19150.95,441317.14,5382993.99,0.94276,0.33347
19155.92,441321.87,5382995.66,0.94276,0.33347
19160.89,441326.59,5382997.33,0.94276,0.33347
19165.87,441331.31,5382999.01,0.94276,0.33347
19170.85,441336.04,5383000.68,0.94276,0.33347
19175.84,441340.76,5383002.35,0.94276,0.33347
19180.84,441345.48,5383004.02,0.95711,0.28973
19185.83,441350.33,5383005.24,0.97188,0.23548
19190.83,441355.21,5383006.37,0.97421,0.22563
19195.83,441360.09,5383007.50,0.97421,0.22564
19200.83,441364.97,5383008.63,0.97421,0.22564
19205.83,441369.85,5383009.76,0.97421,0.22564
19210.83,441374.73,5383010.89,0.97421,0.22564
19215.83,441379.61,5383012.02,0.97421,0.22564
19220.83,441384.49,5383013.15,0.97421,0.22564
19225.83,441389.37,5383014.28,0.97421,0.22564
19230.83,441394.24,5383015.41,0.97421,0.22564
19235.83,441399.12,5383016.54,0.97421,0.22564
19240.83,441404.00,5383017.68,0.97421,0.22564
19245.82,441408.88,5383018.81,0.98020,0.19803
19250.81,441413.81,5383019.66,0.98799,0.15452
19255.79,441418.77,5383020.35,0.99032,0.13878
19260.77,441423.73,5383021.05,0.99032,0.13879
19265.75,441428.69,5383021.74,0.99032,0.13879
19270.73,441433.65,5383022.44,0.99032,0.13879
19275.71,441438.61,5383023.13,0.99032,0.13879
19280.69,441443.57,5383023.83,0.99032,0.13879
19285.66,441448.53,5383024.52,0.99032,0.13879
19290.63,441453.49,5383025.22,0.99303,0.11786
19295.59,441458.47,5383025.70,0.99611,0.08808
19300.54,441463.46,5383026.10,0.99685,0.07929
19305.49,441468.45,5383026.50,0.99685,0.07929
19310.44,441473.44,5383026.89,0.99685,0.07929
19315.40,441478.43,5383027.29,0.99685,0.07929
19320.35,441483.42,5383027.69,0.99685,0.07929
19325.30,441488.42,5383028.08,0.99685,0.07929
19330.25,441493.41,5383028.48,0.99685,0.07929
19335.18,441498.40,5383028.88,0.99685,0.07929
19340.11,441503.39,5383029.27,0.99905,0.04349
19345.01,441508.39,5383029.31,1.00000,-0.00139
19349.91,441513.40,5383029.26,0.99995,-0.01038
19354.80,441518.41,5383029.21,0.99995,-0.01038
19359.69,441523.41,5383029.16,0.99995,-0.01038
19364.58,441528.42,5383029.11,0.99995,-0.01038
19369.48,441533.43,5383029.05,0.99995,-0.01038
19374.38,441538.44,5383029.00,0.99995,-0.01038
19379.28,441543.44,5383028.95,0.99995,-0.01038
19384.18,441548.45,5383028.90,0.99995,-0.01038
19389.09,441553.46,5383028.85,0.99995,-0.01038
19393.98,441558.46,5383028.79,0.99995,-0.01038
19398.86,441563.47,5383028.74,0.99995,-0.01038
19403.72,441568.48,5383028.69,0.99968,-0.02521
19408.55,441573.47,5383028.49,0.99645,-0.08416
19413.36,441578.44,5383027.85,0.99177,-0.12805
19418.15,441583.41,5383027.21,0.99177,-0.12805
19422.93,441588.37,5383026.57,0.99177,-0.12805
19427.73,441593.34,5383025.92,0.99177,-0.12804
19432.52,441598.30,5383025.28,0.99177,-0.12804
19437.32,441603.27,5383024.64,0.99177,-0.12804
19442.13,441608.24,5383024.00,0.99177,-0.12804
19446.94,441613.20,5383023.36,0.99177,-0.12804
19451.75,441618.17,5383022.72,0.99177,-0.12804
19456.56,441623.13,5383022.08,0.99177,-0.12804
19461.35,441628.10,5383021.44,0.99177,-0.12804
19466.11,441633.07,5383020.80,0.99133,-0.13138
19470.83,441638.03,5383020.12,0.98135,-0.19224
19475.52,441642.88,5383018.87,0.96849,-0.24906
19480.18,441647.73,5383017.63,0.96849,-0.24906
19484.84,441652.58,5383016.38,0.96849,-0.24906
19489.52,441657.43,5383015.13,0.96849,-0.24906
19494.23,441662.28,5383013.88,0.96849,-0.24905
19498.93,441667.13,5383012.64,0.96849,-0.24905
19503.62,441671.98,5383011.39,0.98346,-0.18115
19508.29,441676.92,5383010.83,0.97628,-0.21650
19512.93,441681.67,5383009.24,0.94811,-0.31794
19517.53,441686.42,5383007.65,0.94811,-0.31794
19522.12,441691.17,5383006.06,0.94811,-0.31794
19526.72,441695.92,5383004.46,0.94811,-0.31794
19531.32,441700.66,5383002.87,0.94811,-0.31794
19535.94,441705.41,5383001.28,0.94811,-0.31794
19540.56,441710.16,5382999.69,0.94811,-0.31793
19545.19,441714.91,5382998.09,0.94811,-0.31793
19549.83,441719.66,5382996.50,0.94811,-0.31793
19554.48,441724.41,5382994.91,0.94811,-0.31793
19559.13,441729.16,5382993.32,0.94811,-0.31793
19563.80,441733.91,5382991.72,0.94811,-0.31793
19568.47,441738.66,5382990.13,0.94811,-0.31793
19573.14,441743.41,5382988.54,0.94811,-0.31793
19577.83,441748.16,5382986.94,0.94811,-0.31793
19582.52,441752.91,5382985.35,0.94812,-0.31793
19587.21,441757.66,5382983.76,0.94812,-0.31793
19591.89,441762.40,5382982.17,0.94812,-0.31792
19596.59,441767.15,5382980.57,0.94812,-0.31792
19601.32,441771.90,5382978.98,0.93210,-0.36221
19606.09,441776.35,5382977.00,0.93630,-0.35121
19610.88,441780.99,5382975.57,0.96763,-0.25237
19615.70,441785.89,5382974.51,0.97738,-0.21149
19620.53,441790.78,5382973.45,0.97157,-0.23677
19625.36,441795.61,5382972.14,0.95991,-0.28030
19630.21,441800.39,5382970.65,0.95439,-0.29856
19635.08,441805.17,5382969.15,0.96362,-0.26726
19639.97,441810.03,5382967.97,0.97901,-0.20383
19644.89,441814.96,5382967.11,0.98511,-0.17190
19649.83,441819.90,5382966.25,0.98511,-0.17190
19654.77,441824.83,5382965.39,0.98511,-0.17190
19659.71,441829.76,5382964.53,0.98511,-0.17190
19664.67,441834.70,5382963.67,0.98511,-0.17190
19669.63,441839.63,5382962.81,0.98863,-0.15035
19674.61,441844.59,5382962.17,0.99320,-0.11641
19679.59,441849.57,5382961.64,0.99457,-0.10408
19684.58,441854.55,5382961.12,0.99457,-0.10408
19689.57,441859.53,5382960.60,0.99457,-0.10408
19694.56,441864.51,5382960.08,0.99744,-0.07145
19699.56,441869.52,5382959.89,0.99938,-0.03529
19704.56,441874.52,5382959.73,0.99949,-0.03185
19709.56,441879.52,5382959.57,0.99949,-0.03185
19714.56,441884.53,5382959.41,0.99949,-0.03185
19719.56,441889.53,5382959.25,0.99949,-0.03185
19724.56,441894.54,5382959.09,0.99949,-0.03185
19729.56,441899.54,5382958.93,0.99949,-0.03184
19734.56,441904.55,5382958.77,0.99949,-0.03184
19739.56,441909.55,5382958.61,0.99949,-0.03184
19744.56,441914.56,5382958.45,0.99949,-0.03184
19749.56,441919.56,5382958.29,0.99949,-0.03184
19754.56,441924.57,5382958.13,0.99949,-0.03184
19759.56,441929.57,5382957.97,0.99949,-0.03184
19764.56,441934.58,5382957.81,0.99949,-0.03184
19769.56,441939.58,5382957.65,0.99949,-0.03184
19774.56,441944.58,5382957.50,0.99949,-0.03184
19779.56,441949.59,5382957.34,0.99949,-0.03184
19784.56,441954.59,5382957.18,0.99949,-0.03184
19789.56,441959.60,5382957.02,0.99949,-0.03183
19794.55,441964.60,5382956.86,0.99908,-0.04299
19799.54,441969.60,5382956.59,0.99661,-0.08224
19804.53,441974.58,5382956.03,0.99390,-0.11025
19809.51,441979.55,5382955.48,0.99390,-0.11025
19814.50,441984.53,5382954.93,0.99390,-0.11025
19819.48,441989.51,5382954.38,0.99390,-0.11025
19824.47,441994.48,5382953.83,0.99390,-0.11025
19829.45,441999.46,5382953.27,0.99390,-0.11025
19834.42,442004.44,5382952.72,0.99390,-0.11024
19839.39,442009.41,5382952.17,0.99229,-0.12392
19844.36,442014.37,5382951.48,0.98750,-0.15763
19849.31,442019.30,5382950.59,0.98410,-0.17761
19854.26,442024.23,5382949.70,0.98410,-0.17761
19859.22,442029.16,5382948.81,0.98410,-0.17761
19864.17,442034.08,5382947.92,0.98410,-0.17761
19869.12,442039.01,5382947.03,0.98410,-0.17761
19874.08,442043.94,5382946.15,0.98410,-0.17761
19879.03,442048.87,5382945.26,0.98410,-0.17761
19883.98,442053.80,5382944.37,0.98410,-0.17761
19888.91,442058.72,5382943.48,0.98410,-0.17761
19893.84,442063.65,5382942.59,0.97728,-0.21197
19898.75,442068.50,5382941.36,0.96706,-0.25454
19903.64,442073.34,5382940.04,0.96481,-0.26295
19908.54,442078.17,5382938.72,0.96481,-0.26295
19913.43,442083.00,5382937.41,0.96481,-0.26295
19918.33,442087.83,5382936.09,0.96481,-0.26295
19923.23,442092.67,5382934.77,0.96481,-0.26295
19928.13,442097.50,5382933.45,0.96481,-0.26295
19933.03,442102.33,5382932.14,0.96481,-0.26295
19937.94,442107.16,5382930.82,0.96481,-0.26295
19942.85,442111.99,5382929.50,0.96481,-0.26294
19947.76,442116.83,5382928.19,0.96481,-0.26294
19952.67,442121.66,5382926.87,0.96481,-0.26294
19957.57,442126.49,5382925.55,0.96481,-0.26294
19962.45,442131.32,5382924.24,0.96481,-0.26294
19967.31,442136.16,5382922.92,0.95335,-0.30186
19972.17,442140.86,5382921.21,0.93857,-0.34509
19977.02,442145.56,5382919.46,0.93679,-0.34988
19981.89,442150.25,5382917.71,0.93680,-0.34988
19986.75,442154.94,5382915.96,0.95778,-0.28751
19991.62,442159.82,5382914.84,0.95914,-0.28294
19996.48,442164.53,5382913.13,0.93822,-0.34603
20001.33,442169.22,5382911.37,0.93635,-0.35108
20006.18,442173.91,5382909.61,0.93635,-0.35108
20011.02,442178.60,5382907.85,0.93635,-0.35108
20015.87,442183.29,5382906.09,0.93635,-0.35108
20020.72,442187.98,5382904.33,0.93635,-0.35107
20025.58,442192.67,5382902.58,0.93635,-0.35107
20030.44,442197.36,5382900.82,0.93635,-0.35107
20035.30,442202.06,5382899.06,0.93635,-0.35107
20040.15,442206.75,5382897.30,0.93635,-0.35107
20044.96,442211.44,5382895.54,0.93635,-0.35107
20049.68,442216.13,5382893.78,0.93635,-0.35107
20054.32,442220.82,5382892.02,0.88373,-0.46799
20058.86,442224.90,5382889.14,0.81030,-0.58602
20063.34,442228.93,5382886.16,0.80408,-0.59453
20067.78,442232.96,5382883.17,0.80408,-0.59453
20072.19,442237.00,5382880.19,0.82206,-0.56940
20076.56,442241.19,5382877.48,0.81117,-0.58481
20080.85,442245.10,5382874.35,0.77348,-0.63382
20085.06,442248.94,5382871.13,0.73966,-0.67299
20089.14,442252.51,5382867.61,0.70519,-0.70902
20093.10,442256.01,5382864.01,0.69802,-0.71608
20096.94,442259.52,5382860.42,0.65410,-0.75641
20100.70,442262.56,5382856.45,0.58439,-0.81147
20104.42,442265.37,5382852.29,0.56066,-0.82804
20108.13,442268.19,5382848.13,0.56067,-0.82804
20111.85,442271.00,5382843.97,0.56067,-0.82804
20115.56,442273.82,5382839.82,0.56067,-0.82804
20119.28,442276.63,5382835.66,0.54054,-0.84132
20122.99,442279.24,5382831.37,0.49758,-0.86742
20126.71,442281.63,5382826.95,0.47478,-0.88010
20130.43,442284.01,5382822.53,0.44745,-0.89431
20134.14,442286.11,5382817.98,0.38451,-0.92312
20137.86,442287.87,5382813.27,0.34892,-0.93715
20141.57,442289.62,5382808.56,0.34892,-0.93715
20145.29,442291.37,5382803.85,0.34892,-0.93715
20149.00,442293.13,5382799.14,0.29295,-0.95613
20152.72,442294.31,5382794.26,0.26216,-0.96503
20156.44,442295.76,5382789.45,0.28818,-0.95758
20160.15,442297.21,5382784.64,0.28818,-0.95758
20163.87,442298.66,5382779.83,0.27016,-0.96282
20167.58,442299.92,5382774.97,0.21421,-0.97679
20171.30,442300.81,5382770.02,0.12423,-0.99225
20175.01,442301.17,5382765.01,0.05449,-0.99851
20178.73,442301.36,5382759.99,0.03709,-0.99931
20182.45,442301.54,5382754.96,-0.00527,-0.99999
20186.16,442301.30,5382749.95,-0.07031,-0.99753
20189.88,442300.84,5382744.95,-0.09284,-0.99568
20193.59,442300.37,5382739.94,-0.09284,-0.99568
20197.31,442299.90,5382734.93,-0.09284,-0.99568
20201.02,442299.44,5382729.93,-0.11786,-0.99303
20204.74,442298.72,5382724.96,-0.19398,-0.98101
20208.46,442297.49,5382720.09,-0.24443,-0.96967
20212.17,442296.26,5382715.21,-0.24443,-0.96967
20215.89,442295.03,5382710.34,-0.24443,-0.96967
20219.60,442293.80,5382705.47,-0.25322,-0.96741
20223.32,442292.49,5382700.62,-0.28028,-0.95992
20227.03,442290.99,5382695.82,-0.29847,-0.95442
20230.75,442289.49,5382691.02,-0.29847,-0.95442
20234.47,442287.99,5382686.22,-0.29847,-0.95442
20238.19,442286.49,5382681.43,-0.31265,-0.94987
20241.94,442284.85,5382676.68,-0.34327,-0.93924
20245.70,442283.04,5382672.00,-0.33381,-0.94264
20249.48,442281.50,5382667.22,-0.30774,-0.95147
20253.30,442279.95,5382662.44,-0.30774,-0.95147
20257.16,442278.40,5382657.65,-0.33879,-0.94086
20261.06,442276.55,5382652.99,-0.34005,-0.94041
20264.99,442274.99,5382648.22,-0.30104,-0.95361
20268.99,442273.52,5382643.41,-0.29181,-0.95648
20273.02,442272.06,5382638.60,-0.29181,-0.95648
20277.07,442270.59,5382633.80,-0.29181,-0.95648
20281.14,442269.12,5382628.99,-0.29181,-0.95648
20285.24,442267.66,5382624.18,-0.29181,-0.95648
20289.35,442266.19,5382619.37,-0.29181,-0.95648
20293.48,442264.72,5382614.57,-0.29181,-0.95648
20297.64,442263.26,5382609.76,-0.29181,-0.95648
20301.80,442261.79,5382604.95,-0.29181,-0.95648
20305.99,442260.32,5382600.14,-0.29181,-0.95648
20310.20,442258.86,5382595.33,-0.29181,-0.95648
20314.42,442257.39,5382590.53,-0.29181,-0.95648
20318.66,442255.92,5382585.72,-0.29181,-0.95648
20322.91,442254.46,5382580.91,-0.29181,-0.95648
20327.18,442252.99,5382576.10,-0.29181,-0.95647
20331.47,442251.52,5382571.30,-0.29181,-0.95647
20335.77,442250.05,5382566.49,-0.29182,-0.95647
20340.09,442248.59,5382561.68,-0.29182,-0.95647
20344.42,442247.12,5382556.87,-0.29182,-0.95647
20348.77,442245.65,5382552.07,-0.29182,-0.95647
20353.13,442244.19,5382547.26,-0.29182,-0.95647
20357.50,442242.72,5382542.45,-0.29182,-0.95647
20361.89,442241.25,5382537.64,-0.29182,-0.95647
20366.29,442239.79,5382532.83,-0.29182,-0.95647
20370.70,442238.32,5382528.03,-0.29182,-0.95647
20375.13,442236.85,5382523.22,-0.29182,-0.95647
20379.57,442235.39,5382518.41,-0.29182,-0.95647
20384.02,442233.92,5382513.60,-0.29182,-0.95647
20388.48,442232.45,5382508.80,-0.29182,-0.95647
20392.96,442230.99,5382503.99,-0.29182,-0.95647
20397.44,442229.52,5382499.18,-0.29182,-0.95647
20401.94,442228.05,5382494.37,-0.29182,-0.95647
20406.45,442226.59,5382489.57,-0.29182,-0.95647
20410.97,442225.12,5382484.76,-0.29182,-0.95647
20415.50,442223.65,5382479.95,-0.29182,-0.95647
20420.04,442222.19,5382475.14,-0.29182,-0.95647
20424.59,442220.72,5382470.33,-0.29182,-0.95647
20429.15,442219.25,5382465.53,-0.29182,-0.95647
20433.72,442217.78,5382460.72,-0.29183,-0.95647
20438.29,442216.32,5382455.91,-0.29183,-0.95647
20442.88,442214.85,5382451.10,-0.29183,-0.95647
20447.48,442213.38,5382446.30,-0.29183,-0.95647
20452.08,442211.92,5382441.49,-0.29183,-0.95647
20456.70,442210.45,5382436.68,-0.29183,-0.95647
20461.32,442208.98,5382431.87,-0.29183,-0.95647
20465.95,442207.52,5382427.07,-0.29183,-0.95647
20470.59,442206.05,5382422.26,-0.29183,-0.95647
20475.24,442204.58,5382417.45,-0.29183,-0.95647
20479.89,442203.12,5382412.64,-0.29183,-0.95647
20484.55,442201.65,5382407.83,-0.29183,-0.95647
20489.22,442200.18,5382403.03,-0.29183,-0.95647
20493.90,442198.72,5382398.22,-0.29183,-0.95647
20498.61,442197.25,5382393.41,-0.29183,-0.95647
20503.36,442195.78,5382388.60,-0.29183,-0.95647
20508.18,442194.31,5382383.80,-0.27953,-0.96014
20513.05,442192.97,5382378.96,-0.19409,-0.98098
20517.98,442192.37,5382373.97,-0.12009,-0.99276
20522.94,442191.77,5382368.98,-0.09398,-0.99557
20527.92,442191.43,5382363.97,-0.03901,-0.99924
20532.91,442191.37,5382358.94,-0.01026,-0.99995
20537.91,442191.32,5382353.91,-0.01026,-0.99995
20542.90,442191.27,5382348.89,-0.01026,-0.99995
20547.90,442191.22,5382343.86,0.01621,-0.99987
20552.90,442191.43,5382338.84,0.05935,-0.99824
20557.90,442191.82,5382333.83,0.07598,-0.99711
20562.90,442192.20,5382328.81,0.07598,-0.99711
20567.88,442192.58,5382323.80,0.07598,-0.99711
20572.85,442192.96,5382318.79,0.11585,-0.99327
20577.81,442193.74,5382313.83,0.19376,-0.98105
20582.74,442194.91,5382308.94,0.23144,-0.97285
20587.66,442196.07,5382304.05,0.23144,-0.97285
20592.60,442197.23,5382299.16,0.23144,-0.97285
20597.54,442198.40,5382294.27,0.23011,-0.97316
20602.50,442199.55,5382289.38,0.19735,-0.98033
20607.46,442200.38,5382284.42,0.16571,-0.98617
20612.43,442201.21,5382279.46,0.16571,-0.98617
20617.40,442202.05,5382274.51,0.16571,-0.98617
20622.36,442202.88,5382269.55,0.16571,-0.98617
20627.32,442203.71,5382264.59,0.17235,-0.98504
20632.27,442204.61,5382259.65,0.20529,-0.97870
20637.21,442205.77,5382254.75,0.23144,-0.97285
20642.14,442206.94,5382249.86,0.23144,-0.97285
20647.08,442208.10,5382244.97,0.23144,-0.97285
20652.02,442209.27,5382240.08,0.23144,-0.97285
20656.96,442210.43,5382235.19,0.23144,-0.97285
20661.92,442211.59,5382230.30,0.23144,-0.97285
20666.88,442212.76,5382225.41,0.20770,-0.97819
20671.85,442213.68,5382220.47,0.18143,-0.98340
20676.82,442214.58,5382215.52,0.17904,-0.98384
20681.79,442215.48,5382210.58,0.17904,-0.98384
20686.77,442216.38,5382205.63,0.17904,-0.98384
20691.75,442217.28,5382200.69,0.17904,-0.98384
20696.74,442218.18,5382195.74,0.17904,-0.98384
20701.73,442219.08,5382190.79,0.15232,-0.98833
20706.73,442219.71,5382185.81,0.12342,-0.99235
20711.72,442220.32,5382180.82,0.12135,-0.99261
20716.72,442220.93,5382175.83,0.12135,-0.99261
20721.72,442221.54,5382170.83,0.12135,-0.99261
20726.72,442222.15,5382165.84,0.10489,-0.99448
20731.72,442222.60,5382160.84,0.05802,-0.99832
20736.71,442222.73,5382155.81,0.02763,-0.99962
20741.71,442222.87,5382150.79,0.02763,-0.99962
20746.70,442223.01,5382145.76,0.02763,-0.99962
20751.69,442223.15,5382140.74,0.02763,-0.99962
20756.68,442223.29,5382135.71,0.02763,-0.99962
20761.67,442223.43,5382130.68,0.02763,-0.99962
20766.65,442223.57,5382125.66,0.01078,-0.99994
20771.63,442223.54,5382120.63,-0.01690,-0.99986
20776.60,442223.40,5382115.61,-0.02771,-0.99962
20781.57,442223.26,5382110.58,-0.02771,-0.99962
20786.55,442223.12,5382105.55,-0.02771,-0.99962
20791.52,442222.98,5382100.53,-0.02771,-0.99962
20796.49,442222.84,5382095.50,-0.02771,-0.99962
20801.45,442222.70,5382090.47,-0.02771,-0.99962
20806.41,442222.56,5382085.45,-0.03446,-0.99941
20811.36,442222.36,5382080.43,-0.06706,-0.99775
20816.30,442221.89,5382075.42,-0.09286,-0.99568
20821.22,442221.42,5382070.41,-0.09286,-0.99568
20826.13,442220.95,5382065.41,-0.11198,-0.99371
20831.03,442220.30,5382060.42,-0.14098,-0.99001
20835.93,442219.54,5382055.45,-0.15089,-0.98855
20840.82,442218.78,5382050.48,-0.15089,-0.98855
20845.71,442218.02,5382045.51,-0.15089,-0.98855
20850.61,442217.26,5382040.54,-0.15089,-0.98855
20855.50,442216.50,5382035.57,-0.15089,-0.98855
20860.39,442215.74,5382030.60,-0.15089,-0.98855
20865.27,442214.99,5382025.63,-0.15089,-0.98855
20870.12,442214.23,5382020.66,-0.16475,-0.98634
20874.96,442213.33,5382015.72,-0.21439,-0.97675
20879.77,442212.07,5382010.85,-0.24988,-0.96828
20884.57,442210.82,5382005.99,-0.24988,-0.96828
20889.37,442209.56,5382001.12,-0.24988,-0.96828
20894.17,442208.31,5381996.25,-0.24988,-0.96828
20898.98,442207.05,5381991.38,-0.24988,-0.96828
20903.79,442205.79,5381986.52,-0.24988,-0.96828
20908.61,442204.54,5381981.65,-0.24988,-0.96828
20913.42,442203.28,5381976.78,-0.24988,-0.96828
20918.22,442202.02,5381971.91,-0.24988,-0.96828
20923.00,442200.77,5381967.05,-0.24988,-0.96828
20927.75,442199.51,5381962.18,-0.28597,-0.95824
20932.47,442197.90,5381957.43,-0.33986,-0.94048
20937.16,442196.10,5381952.73,-0.35786,-0.93378
20941.84,442194.30,5381948.04,-0.35786,-0.93378
20946.52,442192.50,5381943.35,-0.35786,-0.93378
20951.20,442190.70,5381938.66,-0.35786,-0.93378
20955.86,442188.91,5381933.96,-0.35639,-0.93434
20960.52,442187.16,5381929.36,-0.37928,-0.92528
20965.16,442185.13,5381924.77,-0.40290,-0.91524
20969.80,442183.11,5381920.17,-0.40290,-0.91524
20974.45,442181.09,5381915.57,-0.40290,-0.91524
20979.09,442179.06,5381910.97,-0.40290,-0.91524
20983.74,442177.04,5381906.37,-0.40290,-0.91524
20988.38,442175.01,5381901.77,-0.40290,-0.91524
20993.01,442172.99,5381897.17,-0.41822,-0.90834
20997.63,442170.81,5381892.64,-0.43685,-0.89954
21002.25,442168.60,5381888.13,-0.44026,-0.89787
21006.88,442166.39,5381883.62,-0.44026,-0.89787
21011.51,442164.17,5381879.11,-0.44026,-0.89787
21016.14,442161.96,5381874.60,-0.44026,-0.89787
21020.79,442159.75,5381870.09,-0.44026,-0.89787
21025.44,442157.54,5381865.58,-0.44026,-0.89787
21030.11,442155.33,5381861.06,-0.44026,-0.89787
21034.77,442153.11,5381856.55,-0.44026,-0.89787
21039.41,442150.90,5381852.04,-0.44026,-0.89787
21044.02,442148.69,5381847.53,-0.44027,-0.89787
21048.62,442146.48,5381843.02,-0.47487,-0.88005
21053.22,442143.93,5381838.71,-0.53539,-0.84460
21057.82,442141.11,5381834.55,-0.51662,-0.85622
21062.45,442138.75,5381830.12,-0.46860,-0.88341
21067.11,442136.40,5381825.67,-0.46677,-0.88438
21071.79,442134.06,5381821.23,-0.46677,-0.88438
21076.47,442131.71,5381816.79,-0.46677,-0.88438
21081.16,442129.37,5381812.35,-0.46677,-0.88438
21085.86,442127.02,5381807.90,-0.46677,-0.88438
21090.57,442124.68,5381803.46,-0.46677,-0.88438
21095.28,442122.33,5381799.02,-0.46677,-0.88438
21100.00,442119.99,5381794.57,-0.46678,-0.88438
21104.72,442117.64,5381790.13,-0.46678,-0.88438
21109.45,442115.30,5381785.69,-0.46678,-0.88438
21114.20,442112.95,5381781.24,-0.46678,-0.88437
21118.96,442110.61,5381776.80,-0.46678,-0.88437
21123.75,442108.26,5381772.36,-0.45565,-0.89016
21128.55,442106.03,5381767.86,-0.43441,-0.90072
21133.39,442103.90,5381763.31,-0.42431,-0.90551
21138.26,442101.76,5381758.76,-0.42432,-0.90551
21143.16,442099.63,5381754.21,-0.39298,-0.91955
21148.07,442097.82,5381749.53,-0.34292,-0.93937
21153.01,442096.19,5381744.77,-0.32459,-0.94586
21157.97,442094.56,5381740.02,-0.32459,-0.94585
21162.93,442092.92,5381735.27,-0.32459,-0.94585
21167.91,442091.29,5381730.51,-0.28901,-0.95733
21172.89,442090.02,5381725.65,-0.25221,-0.96767
21177.88,442088.76,5381720.78,-0.25139,-0.96788
21182.88,442087.49,5381715.92,-0.25140,-0.96788
21187.88,442086.23,5381711.05,-0.25140,-0.96788
21192.87,442084.97,5381706.19,-0.15864,-0.98734
21197.84,442084.66,5381701.26,-0.00803,-0.99997
21202.78,442084.89,5381696.26,-0.01238,-0.99992
21207.69,442084.53,5381691.24,-0.07046,-0.99751
21212.58,442084.18,5381686.23,-0.00646,-0.99998
21217.41,442084.47,5381681.21,0.06043,-0.99817
21222.18,442084.79,5381676.19,0.10712,-0.99425
21226.86,442085.54,5381671.28,0.16381,-0.98649
21231.45,442086.42,5381666.33,0.20733,-0.97827
21235.95,442087.62,5381661.46,0.27193,-0.96232
21240.36,442089.15,5381656.67,0.31187,-0.95013
21244.67,442090.75,5381651.91,0.35717,-0.93404
21248.90,442092.74,5381647.30,0.39508,-0.91865
21253.03,442094.72,5381642.68,0.42675,-0.90437
21257.07,442097.02,5381638.21,0.45882,-0.88853
21261.02,442099.33,5381633.75,0.48639,-0.87374
21264.88,442101.90,5381629.45,0.54218,-0.84026
21268.65,442104.77,5381625.33,0.57098,-0.82097
21272.36,442107.64,5381621.21,0.57098,-0.82097
21276.08,442110.50,5381617.08,0.60863,-0.79345
21279.79,442113.73,5381613.26,0.66294,-0.74868
21283.51,442117.15,5381609.58,0.71544,-0.69867
21287.23,442120.89,5381606.27,0.77732,-0.62910
21290.94,442124.92,5381603.29,0.80413,-0.59445
21294.66,442128.96,5381600.30,0.80413,-0.59445
21298.37,442132.99,5381597.32,0.80413,-0.59445
21302.09,442137.02,5381594.34,0.83933,-0.54363
21305.80,442141.39,5381591.88,0.87785,-0.47894
21309.52,442145.81,5381589.55,0.91725,-0.39831
21313.24,442150.55,5381587.91,0.94491,-0.32732
21316.95,442155.28,5381586.27,0.94491,-0.32732
21320.67,442160.02,5381584.63,0.94491,-0.32732
21324.38,442164.75,5381582.99,0.94491,-0.32732
21328.10,442169.48,5381581.35,0.94998,-0.31231
21331.81,442174.23,5381579.87,0.96570,-0.25965
21335.53,442179.10,5381578.76,0.97944,-0.20172
21339.25,442184.03,5381577.85,0.98340,-0.18144
21342.96,442188.95,5381576.94,0.98340,-0.18144
21346.68,442193.88,5381576.03,0.99051,-0.13747
21350.39,442198.86,5381575.57,0.99613,-0.08794
21354.11,442203.86,5381575.15,0.99658,-0.08267
21357.83,442208.85,5381574.74,0.99658,-0.08267
21361.58,442213.84,5381574.32,0.99658,-0.08267
21365.35,442218.83,5381573.91,0.99658,-0.08267
21369.16,442223.82,5381573.50,0.99658,-0.08267
21372.98,442228.81,5381573.08,0.99658,-0.08267
21376.83,442233.80,5381572.67,0.99658,-0.08267
21380.73,442238.80,5381572.25,0.99658,-0.08267
21384.70,442243.79,5381571.84,0.99658,-0.08267
21388.79,442248.78,5381571.43,0.99658,-0.08267
21392.99,442253.77,5381571.01,0.99046,-0.13778
21397.30,442258.67,5381570.05,0.97476,-0.22327
21401.70,442263.51,5381568.78,0.96732,-0.25356
21406.14,442268.36,5381567.51,0.96732,-0.25356
21410.61,442273.20,5381566.24,0.96732,-0.25356
21415.12,442278.05,5381564.97,0.96732,-0.25356
21419.69,442282.90,5381563.70,0.96732,-0.25356
21424.33,442287.74,5381562.43,0.95999,-0.28005
21429.04,442292.50,5381560.90,0.93523,-0.35403
21433.79,442297.09,5381558.89,0.91624,-0.40064
21438.58,442301.68,5381556.88,0.91624,-0.40064
21443.39,442306.27,5381554.88,0.91624,-0.40063
21448.24,442310.86,5381552.87,0.91624,-0.40063
21453.13,442315.46,5381550.86,0.91239,-0.40933
21458.06,442320.00,5381548.77,0.87588,-0.48254
21463.01,442324.21,5381546.04,0.83880,-0.54444
21467.99,442328.41,5381543.31,0.83880,-0.54444
21472.98,442332.62,5381540.58,0.82410,-0.56644
21477.97,442336.68,5381537.63,0.80508,-0.59316
21482.96,442340.69,5381534.63,0.80131,-0.59825
21487.96,442344.71,5381531.63,0.80131,-0.59825
21492.96,442348.73,5381528.63,0.80131,-0.59825
21497.96,442352.75,5381525.63,0.80131,-0.59825
21502.95,442356.77,5381522.63,0.76653,-0.64220
21507.94,442360.42,5381519.20,0.71941,-0.69458
21512.93,442363.98,5381515.66,0.70939,-0.70481
21517.90,442367.54,5381512.13,0.70940,-0.70481
21522.88,442371.10,5381508.59,0.70940,-0.70481
21527.86,442374.66,5381505.05,0.70940,-0.70481
21532.84,442378.22,5381501.52,0.70940,-0.70481
21537.82,442381.78,5381497.98,0.70940,-0.70481
21542.81,442385.34,5381494.44,0.70940,-0.70481
21547.79,442388.90,5381490.91,0.70940,-0.70481
21552.78,442392.46,5381487.37,0.72330,-0.69053
21557.78,442396.16,5381483.98,0.73762,-0.67521
21562.77,442399.86,5381480.60,0.73832,-0.67445
21567.77,442403.57,5381477.21,0.73832,-0.67445
21572.76,442407.27,5381473.83,0.73832,-0.67445
21577.76,442410.97,5381470.44,0.73832,-0.67445
21582.75,442414.68,5381467.06,0.73832,-0.67445
21587.75,442418.38,5381463.68,0.73832,-0.67445
21592.74,442422.09,5381460.29,0.73833,-0.67444
21597.74,442425.79,5381456.91,0.73833,-0.67444
21602.74,442429.50,5381453.52,0.73833,-0.67444
21607.74,442433.20,5381450.14,0.73833,-0.67444
21612.74,442436.90,5381446.76,0.74536,-0.66667
21617.74,442440.68,5381443.45,0.76646,-0.64229
21622.74,442444.59,5381440.32,0.78024,-0.62548
21627.73,442448.50,5381437.18,0.78024,-0.62548
21632.73,442452.42,5381434.04,0.78024,-0.62548
21637.73,442456.33,5381430.90,0.78024,-0.62548
21642.73,442460.25,5381427.77,0.78024,-0.62547
21647.73,442464.16,5381424.63,0.78025,-0.62547
21652.73,442468.07,5381421.49,0.78025,-0.62547
21657.73,442471.99,5381418.35,0.78025,-0.62547
21662.72,442475.90,5381415.22,0.78025,-0.62547
21667.72,442479.81,5381412.08,0.78025,-0.62547
21672.72,442483.73,5381408.94,0.78025,-0.62547
21677.72,442487.64,5381405.81,0.78025,-0.62547
21682.72,442491.55,5381402.67,0.78025,-0.62547
21687.72,442495.47,5381399.53,0.78025,-0.62547
21692.72,442499.38,5381396.39,0.78025,-0.62547
21697.72,442503.30,5381393.26,0.78025,-0.62547
21702.72,442507.21,5381390.12,0.76977,-0.63832
21707.71,442511.01,5381386.86,0.74117,-0.67132
21712.71,442514.64,5381383.39,0.72274,-0.69112
21717.70,442518.27,5381379.92,0.72274,-0.69112
21722.69,442521.89,5381376.45,0.72274,-0.69112
21727.68,442525.52,5381372.98,0.72274,-0.69112
21732.66,442529.15,5381369.52,0.72274,-0.69112
21737.63,442532.77,5381366.05,0.72275,-0.69111
21742.59,442536.40,5381362.58,0.68541,-0.72815
21747.54,442539.64,5381358.75,0.64304,-0.76583
21752.47,442542.85,5381354.89,0.63989,-0.76847
21757.40,442546.07,5381351.04,0.63989,-0.76847
21762.33,442549.28,5381347.18,0.63989,-0.76847
21767.27,442552.49,5381343.32,0.63989,-0.76847
21772.20,442555.70,5381339.46,0.63989,-0.76847
21777.13,442558.92,5381335.61,0.63989,-0.76846
21782.04,442562.13,5381331.75,0.63989,-0.76846
21786.94,442565.34,5381327.89,0.61941,-0.78507
21791.82,442568.34,5381323.87,0.58583,-0.81043
21796.68,442571.22,5381319.76,0.57305,-0.81952
21801.51,442574.10,5381315.64,0.57044,-0.82134
21806.32,442576.95,5381311.51,0.54097,-0.84104
21811.10,442579.53,5381307.20,0.51357,-0.85805
21815.85,442582.11,5381302.89,0.51357,-0.85805
21820.57,442584.69,5381298.58,0.48636,-0.87376
21825.26,442586.99,5381294.12,0.44754,-0.89426
21829.94,442589.18,5381289.60,0.43637,-0.89977
21834.60,442591.37,5381285.08,0.43637,-0.89977
21839.23,442593.57,5381280.56,0.43637,-0.89977
21843.80,442595.76,5381276.04,0.43637,-0.89977
21848.33,442597.95,5381271.52,0.37363,-0.92758
21852.80,442599.50,5381266.75,0.29105,-0.95671
21857.21,442600.87,5381261.91,0.29565,-0.95530
21861.53,442602.47,5381257.15,0.32720,-0.94496
21865.77,442604.16,5381252.42,0.27855,-0.96042
21869.89,442605.26,5381247.54,0.17768,-0.98409
21873.85,442605.94,5381242.56,0.11758,-0.99306
21877.69,442606.44,5381237.56,0.08592,-0.99630
21881.40,442606.80,5381232.54,0.03938,-0.99922
21885.12,442606.84,5381227.52,-0.00200,-1.00000
21888.84,442606.78,5381222.49,-0.04271,-0.99909
21892.55,442606.41,5381217.48,-0.10930,-0.99401
21896.27,442605.69,5381212.51,-0.17673,-0.98426
21899.98,442604.63,5381207.59,-0.21000,-0.97770
21903.70,442603.58,5381202.68,-0.23918,-0.97097
21907.41,442602.23,5381197.86,-0.32861,-0.94447
21911.13,442600.29,5381193.22,-0.38743,-0.92190
21914.85,442598.34,5381188.59,-0.39481,-0.91876
21918.56,442596.32,5381183.99,-0.42858,-0.90351
21922.28,442594.03,5381179.52,-0.46778,-0.88385
21925.99,442591.62,5381175.12,-0.52170,-0.85313
21929.71,442588.80,5381170.96,-0.56134,-0.82759
21933.42,442585.98,5381166.80,-0.58906,-0.80809
21937.14,442582.90,5381162.86,-0.63509,-0.77244
21940.86,442579.61,5381159.06,-0.65361,-0.75683
21944.57,442576.33,5381155.26,-0.65361,-0.75683
21948.31,442573.05,5381151.46,-0.65361,-0.75683
21952.07,442569.77,5381147.66,-0.65361,-0.75683
21955.86,442566.49,5381143.86,-0.65361,-0.75683
21959.67,442563.21,5381140.06,-0.65361,-0.75683
21963.51,442559.93,5381136.26,-0.65361,-0.75683
21967.37,442556.65,5381132.46,-0.65362,-0.75683
21971.23,442553.36,5381128.66,-0.65362,-0.75683
21975.10,442550.08,5381124.86,-0.65362,-0.75683
21978.97,442546.80,5381121.06,-0.66708,-0.74498
21982.83,442543.39,5381117.39,-0.68058,-0.73267
21986.71,442539.97,5381113.71,-0.68083,-0.73244
21990.60,442536.55,5381110.03,-0.68083,-0.73244
21994.52,442533.14,5381106.36,-0.68083,-0.73244
21998.46,442529.72,5381102.68,-0.68083,-0.73244
22002.42,442526.30,5381099.00,-0.68084,-0.73244
22006.41,442522.88,5381095.33,-0.68084,-0.73244
22010.42,442519.47,5381091.65,-0.68084,-0.73244
22014.44,442516.05,5381087.97,-0.68084,-0.73243
22018.49,442512.63,5381084.30,-0.68084,-0.73243
22022.56,442509.21,5381080.62,-0.68084,-0.73243
22026.65,442505.80,5381076.95,-0.68084,-0.73243
22030.78,442502.38,5381073.27,-0.68084,-0.73243
22034.94,442498.96,5381069.59,-0.68084,-0.73243
22039.13,442495.54,5381065.92,-0.67202,-0.74054
22043.36,442492.22,5381062.16,-0.65933,-0.75186
22047.62,442488.93,5381058.37,-0.65554,-0.75516
22051.91,442485.64,5381054.58,-0.65554,-0.75516
22056.21,442482.34,5381050.79,-0.65554,-0.75516
22060.53,442479.05,5381047.00,-0.65554,-0.75516
22064.86,442475.76,5381043.21,-0.65554,-0.75516
22069.21,442472.47,5381039.41,-0.65554,-0.75516
22073.57,442469.18,5381035.62,-0.65555,-0.75516
22077.94,442465.89,5381031.83,-0.65555,-0.75516
22082.33,442462.60,5381028.04,-0.65555,-0.75515
22086.73,442459.31,5381024.25,-0.65555,-0.75515
22091.14,442456.02,5381020.46,-0.65555,-0.75515
22095.57,442452.73,5381016.67,-0.65555,-0.75515
22100.01,442449.44,5381012.88,-0.65555,-0.75515
22104.46,442446.14,5381009.09,-0.65555,-0.75515
22108.92,442442.85,5381005.30,-0.65555,-0.75515
22113.40,442439.56,5381001.51,-0.65555,-0.75515
22117.88,442436.27,5380997.71,-0.65555,-0.75515
22122.38,442432.98,5380993.92,-0.65555,-0.75515
22126.89,442429.69,5380990.13,-0.65555,-0.75515
22131.41,442426.40,5380986.34,-0.65555,-0.75515
22135.94,442423.11,5380982.55,-0.65555,-0.75515
22140.47,442419.82,5380978.76,-0.65556,-0.75515
22145.02,442416.53,5380974.97,-0.65556,-0.75515
22149.58,442413.24,5380971.18,-0.65556,-0.75515
22154.15,442409.95,5380967.39,-0.65556,-0.75515
22158.74,442406.65,5380963.60,-0.65556,-0.75514
22163.34,442403.36,5380959.81,-0.65556,-0.75514
22167.98,442400.07,5380956.02,-0.65556,-0.75514
22172.65,442396.78,5380952.22,-0.63772,-0.77027
22177.34,442393.67,5380948.28,-0.61387,-0.78941
22182.06,442390.62,5380944.30,-0.60819,-0.79379
22186.80,442387.56,5380940.31,-0.60819,-0.79379
22191.54,442384.51,5380936.33,-0.60819,-0.79379
22196.31,442381.46,5380932.34,-0.60819,-0.79379
22201.10,442378.40,5380928.36,-0.59899,-0.80076
22205.92,442375.44,5380924.30,-0.57563,-0.81771
22210.75,442372.62,5380920.15,-0.56139,-0.82755
22215.59,442369.80,5380915.99,-0.56139,-0.82755
22220.45,442366.98,5380911.83,-0.56139,-0.82755
22225.34,442364.16,5380907.68,-0.56139,-0.82755
22230.24,442361.35,5380903.52,-0.53363,-0.84572
22235.16,442358.81,5380899.19,-0.49907,-0.86656
22240.09,442356.33,5380894.82,-0.49283,-0.87013
22245.03,442353.86,5380890.45,-0.49283,-0.87013
22249.98,442351.38,5380886.07,-0.49283,-0.87013
22254.95,442348.91,5380881.70,-0.49283,-0.87013
22259.94,442346.43,5380877.33,-0.45093,-0.89256
22264.93,442344.38,5380872.75,-0.39370,-0.91924
22269.92,442342.48,5380868.10,-0.37938,-0.92524
22274.92,442340.57,5380863.45,-0.37938,-0.92524
22279.92,442338.66,5380858.80,-0.37938,-0.92524
22284.92,442336.76,5380854.15,-0.37938,-0.92524
22289.92,442334.85,5380849.50,-0.34663,-0.93800
22294.92,442333.28,5380844.73,-0.30515,-0.95231
22299.91,442331.78,5380839.93,-0.29684,-0.95493
22304.90,442330.29,5380835.13,-0.29684,-0.95493
22309.89,442328.80,5380830.33,-0.29684,-0.95493
22314.88,442327.31,5380825.53,-0.29684,-0.95493
22319.85,442325.81,5380820.73,-0.29685,-0.95493
22324.82,442324.32,5380815.93,-0.26168,-0.96515
22329.77,442323.19,5380811.04,-0.20638,-0.97847
22334.71,442322.25,5380806.10,-0.18659,-0.98244
22339.65,442321.31,5380801.16,-0.18659,-0.98244
22344.58,442320.37,5380796.22,-0.18659,-0.98244
22349.52,442319.44,5380791.29,-0.18659,-0.98244
22354.45,442318.50,5380786.35,-0.18659,-0.98244
22359.39,442317.56,5380781.41,-0.18659,-0.98244
22364.33,442316.62,5380776.47,-0.18659,-0.98244
22369.27,442315.68,5380771.53,-0.18659,-0.98244
22374.21,442314.74,5380766.59,-0.18659,-0.98244
22379.15,442313.81,5380761.65,-0.18659,-0.98244
22384.10,442312.87,5380756.71,-0.18659,-0.98244
22389.04,442311.93,5380751.77,-0.18659,-0.98244
22393.99,442310.99,5380746.83,-0.18659,-0.98244
22398.93,442310.05,5380741.89,-0.18659,-0.98244
22403.87,442309.12,5380736.95,-0.18625,-0.98250
22408.81,442308.18,5380732.01,-0.17052,-0.98536
22413.74,442307.40,5380727.05,-0.15507,-0.98790
22418.67,442306.62,5380722.08,-0.15508,-0.98790
22423.60,442305.84,5380717.11,-0.15508,-0.98790
22428.53,442305.06,5380712.15,-0.15508,-0.98790
22433.47,442304.28,5380707.18,-0.15508,-0.98790
22438.40,442303.50,5380702.21,-0.15508,-0.98790
22443.34,442302.72,5380697.25,-0.15508,-0.98790
22448.27,442301.94,5380692.28,-0.15508,-0.98790
22453.21,442301.16,5380687.31,-0.15508,-0.98790
22458.15,442300.38,5380682.35,-0.15508,-0.98790
22463.09,442299.61,5380677.38,-0.15508,-0.98790
22468.04,442298.83,5380672.41,-0.15508,-0.98790
22472.98,442298.05,5380667.44,-0.15508,-0.98790
22477.92,442297.27,5380662.48,-0.15508,-0.98790
22482.86,442296.49,5380657.51,-0.15508,-0.98790
22487.80,442295.71,5380652.54,-0.15508,-0.98790
22492.73,442294.93,5380647.58,-0.12978,-0.99154
22497.65,442294.40,5380642.58,-0.10027,-0.99496
22502.57,442293.92,5380637.57,-0.12922,-0.99162
22507.48,442293.10,5380632.61,-0.12758,-0.99183
22512.39,442292.64,5380627.61,-0.09286,-0.99568
22517.27,442292.17,5380622.60,-0.09286,-0.99568
22522.13,442291.70,5380617.60,-0.06835,-0.99766
22526.98,442291.48,5380612.58,-0.02700,-0.99964
22531.81,442291.43,5380607.55,-0.01024,-0.99995
22536.63,442291.38,5380602.52,-0.01024,-0.99995
22541.44,442291.33,5380597.49,-0.01024,-0.99995
22546.23,442291.28,5380592.47,-0.01024,-0.99995
22550.99,442291.23,5380587.44,0.01930,-0.99981
22555.71,442291.47,5380582.42,0.06653,-0.99778
22560.37,442291.89,5380577.41,0.08418,-0.99645
22564.98,442292.32,5380572.40,0.11578,-0.99328
22569.53,442293.06,5380567.44,0.17675,-0.98426
22574.03,442294.09,5380562.52,0.20597,-0.97856
22578.48,442295.13,5380557.60,0.20597,-0.97856
22582.87,442296.16,5380552.68,0.23053,-0.97306
22587.22,442297.44,5380547.83,0.28592,-0.95825
22591.54,442299.03,5380543.06,0.31650,-0.94859
22595.83,442300.62,5380538.29,0.31650,-0.94859
22600.09,442302.22,5380533.52,0.31650,-0.94859
22604.33,442303.81,5380528.76,0.31650,-0.94859
22608.51,442305.40,5380523.99,0.34722,-0.93778
22612.63,442307.29,5380519.34,0.39845,-0.91719
22616.67,442309.40,5380514.78,0.41904,-0.90797
22620.63,442311.50,5380510.22,0.42960,-0.90302
22624.50,442313.71,5380505.71,0.49315,-0.86994
22628.31,442316.45,5380501.50,0.49185,-0.87068
22632.08,442318.64,5380496.99,0.53912,-0.84223
22635.86,442321.65,5380493.36,0.58408,-0.81170
22639.65,442324.32,5380489.10,0.52981,-0.84811
22643.49,442326.98,5380484.84,0.52982,-0.84811
22647.37,442329.64,5380480.58,0.52982,-0.84811
22651.24,442332.30,5380476.32,0.52982,-0.84811
22655.08,442334.96,5380472.06,0.52982,-0.84811
22658.88,442337.62,5380467.80,0.55376,-0.83268
22662.65,442340.52,5380463.71,0.59239,-0.80565
22666.39,442343.57,5380459.72,0.60728,-0.79449
22670.10,442346.61,5380455.73,0.60728,-0.79449
22673.82,442349.66,5380451.74,0.60728,-0.79449
22677.54,442352.71,5380447.75,0.62424,-0.78123
22681.25,442355.93,5380443.90,0.64429,-0.76478
22684.97,442359.18,5380440.07,0.64765,-0.76193
22688.70,442362.43,5380436.25,0.64765,-0.76193
22692.45,442365.68,5380432.42,0.64766,-0.76193
22696.23,442368.94,5380428.60,0.64766,-0.76193
22700.00,442372.19,5380424.77,0.64766,-0.76193
22703.77,442375.44,5380420.95,0.65112,-0.75897
22707.54,442378.72,5380417.15,0.66765,-0.74447
22711.31,442382.14,5380413.48,0.68053,-0.73272
22715.09,442385.55,5380409.80,0.68053,-0.73272
22718.89,442388.97,5380406.12,0.68053,-0.73272
22722.71,442392.39,5380402.44,0.68053,-0.73272
22726.56,442395.80,5380398.76,0.68054,-0.73271
22730.43,442399.22,5380395.09,0.68054,-0.73271
22734.32,442402.63,5380391.41,0.68054,-0.73271
22738.21,442406.05,5380387.73,0.68054,-0.73271
22742.09,442409.46,5380384.05,0.68054,-0.73271
22745.94,442412.88,5380380.38,0.69284,-0.72109
22749.72,442416.42,5380376.82,0.71570,-0.69841
22753.44,442420.06,5380373.37,0.72626,-0.68742
22757.15,442423.71,5380369.92,0.76308,-0.64631
22760.87,442427.70,5380366.90,0.80049,-0.59935
22764.58,442431.73,5380363.91,0.80336,-0.59550
22768.30,442435.76,5380360.92,0.80336,-0.59550
22772.01,442439.79,5380357.93,0.80383,-0.59486
22775.73,442443.83,5380354.95,0.83622,-0.54840
22779.45,442448.17,5380352.44,0.86554,-0.50084
22783.16,442452.51,5380349.93,0.86554,-0.50084
22786.88,442456.85,5380347.42,0.86554,-0.50084
22790.59,442461.19,5380344.91,0.86554,-0.50084
22794.31,442465.53,5380342.40,0.89832,-0.43935
22798.02,442470.14,5380340.53,0.94302,-0.33275
22801.74,442474.94,5380339.08,0.95709,-0.28978
22805.46,442479.73,5380337.63,0.95709,-0.28978
22809.17,442484.53,5380336.17,0.95709,-0.28977
22812.89,442489.33,5380334.72,0.97497,-0.22233
22816.60,442494.27,5380333.95,0.98990,-0.14174
22820.32,442499.24,5380333.30,0.99154,-0.12981
22824.08,442504.20,5380332.65,0.99075,-0.13573
22827.90,442509.16,5380331.94,0.98429,-0.17657
22831.73,442514.06,5380330.88,0.97743,-0.21126
22835.54,442518.95,5380329.83,0.97743,-0.21126
22839.30,442523.85,5380328.77,0.98813,-0.15365
22843.02,442528.83,5380328.29,0.99645,-0.08413
22846.73,442533.83,5380327.93,0.99734,-0.07284
22850.45,442538.82,5380327.56,0.99734,-0.07284
22854.17,442543.82,5380327.20,0.99734,-0.07283
22857.89,442548.82,5380326.83,0.99734,-0.07283
22861.60,442553.81,5380326.47,0.99734,-0.07283
22865.32,442558.81,5380326.10,0.99973,-0.02339
22869.03,442563.81,5380326.23,0.99911,0.04219
22872.75,442568.81,5380326.52,0.99831,0.05817
22876.47,442573.81,5380326.81,0.99831,0.05817
22880.20,442578.81,5380327.11,0.99831,0.05817
22883.97,442583.81,5380327.40,0.99831,0.05817
22887.76,442588.81,5380327.69,0.99831,0.05817
22891.56,442593.82,5380327.98,0.99831,0.05817
22895.36,442598.82,5380328.27,0.99831,0.05817
22899.14,442603.82,5380328.56,0.99828,0.05866
22902.90,442608.82,5380328.86,0.99565,0.09321
22906.64,442613.79,5380329.50,0.99188,0.12716
22910.37,442618.76,5380330.13,0.99188,0.12716
22914.12,442623.73,5380330.77,0.99188,0.12716
22917.89,442628.69,5380331.41,0.99188,0.12717
22921.70,442633.66,5380332.04,0.99188,0.12717
22925.52,442638.63,5380332.68,0.99188,0.12717
22929.38,442643.60,5380333.32,0.99188,0.12717
22933.25,442648.57,5380333.96,0.99188,0.12717
22937.15,442653.54,5380334.59,0.99188,0.12717
22941.07,442658.51,5380335.23,0.99188,0.12717
22945.02,442663.48,5380335.87,0.99188,0.12717
22948.99,442668.45,5380336.50,0.99188,0.12717
22952.98,442673.42,5380337.14,0.99188,0.12717
22956.99,442678.39,5380337.78,0.99188,0.12717
22961.03,442683.36,5380338.42,0.99188,0.12718
22965.08,442688.32,5380339.05,0.99188,0.12718
22969.15,442693.29,5380339.69,0.99188,0.12718
22973.25,442698.26,5380340.33,0.99188,0.12718
22977.36,442703.23,5380340.96,0.99188,0.12718
22981.49,442708.20,5380341.60,0.99188,0.12718
22985.65,442713.17,5380342.24,0.99188,0.12718
22989.82,442718.14,5380342.88,0.99188,0.12718
22994.03,442723.11,5380343.51,0.99188,0.12718
22998.32,442728.08,5380344.15,0.99188,0.12718
23002.69,442733.05,5380344.79,0.99312,0.11708
23007.13,442738.02,5380345.32,0.99883,0.04845
23011.66,442743.03,5380345.27,0.99995,-0.01016
23016.25,442748.04,5380345.22,0.99995,-0.01016
23020.91,442753.05,5380345.17,0.99995,-0.01016
23025.63,442758.06,5380345.12,0.99948,-0.03224
23030.40,442763.05,5380344.85,0.99406,-0.10879
23035.22,442767.99,5380344.03,0.98666,-0.16277
23040.07,442772.93,5380343.22,0.98666,-0.16277
23044.97,442777.88,5380342.40,0.98666,-0.16277
23049.92,442782.82,5380341.59,0.98666,-0.16277
23054.90,442787.76,5380340.77,0.96989,-0.24356
23059.90,442792.43,5380339.17,0.91255,-0.40897
23064.90,442796.81,5380336.72,0.89124,-0.45353
23069.90,442801.35,5380334.63,0.91861,-0.39516
23074.90,442806.00,5380332.76,0.92770,-0.37333
23079.89,442810.65,5380330.89,0.92770,-0.37333
23084.87,442815.30,5380329.02,0.93724,-0.34869
23089.83,442820.03,5380327.40,0.96001,-0.27998
23094.79,442824.90,5380326.22,0.97868,-0.20537
23099.74,442829.81,5380325.35,0.97412,-0.22604
23104.69,442834.62,5380323.96,0.96101,-0.27651
23109.66,442839.44,5380322.58,0.96101,-0.27651
23114.63,442844.25,5380321.19,0.96101,-0.27651
23119.59,442849.07,5380319.81,0.96101,-0.27651
23124.55,442853.88,5380318.42,0.96101,-0.27651
23129.50,442858.70,5380317.04,0.96101,-0.27651
23134.43,442863.51,5380315.65,0.97069,-0.24035
23139.34,442868.41,5380314.63,0.98340,-0.18144
23144.23,442873.36,5380313.83,0.98728,-0.15902
23149.12,442878.30,5380313.04,0.98728,-0.15902
23154.02,442883.25,5380312.24,0.98728,-0.15902
23158.94,442888.20,5380311.44,0.98728,-0.15902
23163.89,442893.14,5380310.65,0.97453,-0.22425
23168.85,442897.92,5380309.21,0.97266,-0.23222
23173.84,442902.85,5380308.33,0.96644,-0.25689
23178.84,442907.52,5380306.65,0.95209,-0.30580
23183.83,442912.34,5380305.28,0.93981,-0.34170
23188.78,442916.87,5380303.25,0.88379,-0.46788
23193.66,442921.14,5380300.62,0.85118,-0.52488
23198.42,442925.41,5380297.99,0.79646,-0.60470
23203.04,442929.09,5380294.59,0.73030,-0.68313
23207.48,442932.74,5380291.14,0.69842,-0.71568
23211.74,442936.07,5380287.43,0.60853,-0.79353
23215.75,442938.81,5380283.22,0.54448,-0.83878
23219.51,442941.54,5380279.01,0.47654,-0.87915
23223.22,442943.57,5380274.44,0.37096,-0.92865
23226.94,442945.26,5380269.71,0.24256,-0.97014
23230.65,442945.98,5380264.81,0.12096,-0.99266
23234.37,442946.46,5380259.81,0.10352,-0.99463
23238.08,442947.02,5380254.81,0.04686,-0.99890
23241.80,442946.93,5380249.83,-0.12941,-0.99159
23245.52,442945.73,5380244.96,-0.26614,-0.96393
23249.23,442944.26,5380240.16,-0.32767,-0.94479
23252.95,442942.44,5380235.49,-0.40032,-0.91637
23256.66,442940.25,5380230.97,-0.52511,-0.85103
23260.38,442937.21,5380227.01,-0.63279,-0.77432
23264.10,442933.92,5380223.22,-0.71417,-0.69998
23267.81,442930.08,5380220.02,-0.78647,-0.61762
23271.53,442926.05,5380217.04,-0.80473,-0.59364
23275.24,442922.01,5380214.06,-0.80473,-0.59364
23278.98,442917.97,5380211.09,-0.80473,-0.59364
23282.73,442913.94,5380208.11,-0.80473,-0.59364
23286.52,442909.90,5380205.13,-0.80473,-0.59363
23290.33,442905.86,5380202.15,-0.80474,-0.59363
23294.17,442901.83,5380199.17,-0.80474,-0.59363
23298.03,442897.79,5380196.20,-0.80474,-0.59363
23301.92,442893.75,5380193.22,-0.80474,-0.59363
23305.83,442889.72,5380190.24,-0.80474,-0.59363
23309.78,442885.68,5380187.26,-0.80474,-0.59363
23313.82,442881.64,5380184.29,-0.80474,-0.59363
23317.97,442877.61,5380181.31,-0.80474,-0.59363
23322.23,442873.57,5380178.33,-0.76092,-0.64884
23326.63,442869.99,5380174.81,-0.71299,-0.70117
23331.13,442866.41,5380171.29,-0.69486,-0.71915
23335.70,442863.02,5380167.60,-0.65741,-0.75354
23340.32,442859.82,5380163.73,-0.63778,-0.77022
23344.96,442856.62,5380159.87,-0.63778,-0.77022
23349.61,442853.41,5380156.00,-0.63778,-0.77022
23354.27,442850.21,5380152.13,-0.63778,-0.77022
23358.94,442847.01,5380148.26,-0.63778,-0.77022
23363.62,442843.81,5380144.40,-0.63778,-0.77022
23368.29,442840.60,5380140.53,-0.63778,-0.77022
23372.94,442837.40,5380136.66,-0.63778,-0.77021
23377.57,442834.20,5380132.80,-0.64559,-0.76368
23382.17,442830.92,5380129.00,-0.67881,-0.73432
23386.76,442827.39,5380125.43,-0.70348,-0.71072
23391.35,442823.86,5380121.86,-0.70348,-0.71072
23395.97,442820.33,5380118.30,-0.69876,-0.71536
23400.62,442816.85,5380114.68,-0.67678,-0.73619
23405.30,442813.54,5380110.91,-0.65919,-0.75198
23410.01,442810.23,5380107.13,-0.65919,-0.75198
23414.75,442806.92,5380103.36,-0.65919,-0.75198
23419.52,442803.61,5380099.58,-0.65223,-0.75802
23424.31,442800.37,5380095.75,-0.62458,-0.78096
23429.12,442797.34,5380091.75,-0.60352,-0.79735
23433.95,442794.31,5380087.74,-0.60352,-0.79735
23438.79,442791.28,5380083.74,-0.60352,-0.79735
23443.63,442788.25,5380079.73,-0.60352,-0.79735
23448.48,442785.22,5380075.73,-0.60352,-0.79735
23453.32,442782.19,5380071.73,-0.60352,-0.79735
23458.17,442779.16,5380067.72,-0.60352,-0.79735
23463.03,442776.13,5380063.72,-0.60352,-0.79735
23467.89,442773.10,5380059.71,-0.60352,-0.79735
23472.75,442770.07,5380055.71,-0.60352,-0.79734
23477.61,442767.04,5380051.71,-0.60352,-0.79734
23482.48,442764.01,5380047.70,-0.60353,-0.79734
23487.35,442760.97,5380043.70,-0.60353,-0.79734
23492.24,442757.94,5380039.69,-0.60353,-0.79734
23497.16,442754.91,5380035.69,-0.60353,-0.79734
23502.09,442751.88,5380031.69,-0.57185,-0.82036
23507.04,442749.18,5380027.46,-0.52670,-0.85005
23512.01,442746.59,5380023.15,-0.51405,-0.85776
23516.99,442744.01,5380018.84,-0.51405,-0.85776
23521.97,442741.43,5380014.54,-0.50459,-0.86336
23526.96,442738.94,5380010.17,-0.47841,-0.87814
23531.95,442736.63,5380005.72,-0.46159,-0.88709
23536.95,442734.31,5380001.26,-0.46159,-0.88709
23541.95,442731.99,5379996.80,-0.45373,-0.89114
23546.95,442729.75,5379992.31,-0.39961,-0.91669
23551.94,442727.98,5379987.60,-0.35241,-0.93585
23556.93,442726.21,5379982.90,-0.35241,-0.93585
23561.91,442724.44,5379978.20,-0.35241,-0.93585
23566.87,442722.66,5379973.49,-0.33740,-0.94136
23571.81,442721.05,5379968.74,-0.30287,-0.95303
23576.73,442719.62,5379963.92,-0.22512,-0.97433
23581.64,442718.79,5379958.97,-0.18774,-0.98222
23586.54,442717.74,5379954.06,-0.22278,-0.97487
23591.45,442716.55,5379949.17,-0.23614,-0.97172
23596.34,442715.36,5379944.29,-0.23614,-0.97172
23601.23,442714.17,5379939.40,-0.22799,-0.97366
23606.09,442713.07,5379934.50,-0.18086,-0.98351
23610.91,442712.36,5379929.52,-0.14164,-0.98992
23615.70,442711.65,5379924.55,-0.14165,-0.98992
23620.45,442710.93,5379919.57,-0.10253,-0.99473
23625.18,442710.62,5379914.55,-0.05512,-0.99848
23629.86,442710.38,5379909.53,-0.04700,-0.99889
23634.51,442710.14,5379904.51,-0.04700,-0.99889
23639.12,442709.91,5379899.49,-0.00483,-0.99999
23643.71,442710.09,5379894.46,0.04501,-0.99899
23648.27,442710.36,5379889.44,0.05264,-0.99861
23652.83,442710.62,5379884.42,0.05264,-0.99861
23657.39,442710.89,5379879.40,0.05264,-0.99861
23661.97,442711.15,5379874.38,0.05264,-0.99861
23666.55,442711.42,5379869.36,0.05264,-0.99861
23671.15,442711.68,5379864.34,0.05264,-0.99861
23675.75,442711.95,5379859.32,0.05264,-0.99861
23680.36,442712.21,5379854.30,0.05264,-0.99861
23684.98,442712.48,5379849.28,0.05264,-0.99861
23689.61,442712.74,5379844.25,0.05264,-0.99861
23694.25,442713.01,5379839.23,0.05264,-0.99861
23698.89,442713.27,5379834.21,0.05264,-0.99861
23703.55,442713.54,5379829.19,0.05264,-0.99861
23708.21,442713.80,5379824.17,0.05264,-0.99861
23712.87,442714.06,5379819.15,0.05264,-0.99861
23717.55,442714.33,5379814.13,0.05264,-0.99861
23722.23,442714.59,5379809.11,0.05264,-0.99861
23726.92,442714.86,5379804.09,0.05264,-0.99861
23731.61,442715.12,5379799.06,0.05264,-0.99861
23736.32,442715.39,5379794.04,0.05264,-0.99861
23741.02,442715.65,5379789.02,0.05264,-0.99861
23745.74,442715.92,5379784.00,0.05264,-0.99861
23750.46,442716.18,5379778.98,0.05264,-0.99861
23755.19,442716.45,5379773.96,0.05264,-0.99861
23759.92,442716.71,5379768.94,0.05264,-0.99861
23764.66,442716.98,5379763.92,0.05264,-0.99861
23769.41,442717.24,5379758.90,0.05264,-0.99861
23774.16,442717.51,5379753.88,0.05264,-0.99861
23778.91,442717.77,5379748.85,0.05264,-0.99861
23783.67,442718.03,5379743.83,0.05264,-0.99861
23788.44,442718.30,5379738.81,0.05264,-0.99861
23793.21,442718.56,5379733.79,0.05264,-0.99861
23797.99,442718.83,5379728.77,0.05264,-0.99861
23802.77,442719.09,5379723.75,0.05264,-0.99861
23807.56,442719.36,5379718.73,0.05264,-0.99861
23812.35,442719.62,5379713.71,0.05264,-0.99861
23817.14,442719.89,5379708.69,0.05264,-0.99861
23821.94,442720.15,5379703.66,0.05264,-0.99861
23826.75,442720.42,5379698.64,0.05264,-0.99861
23831.56,442720.68,5379693.62,0.05264,-0.99861
23836.37,442720.95,5379688.60,0.05264,-0.99861
23841.19,442721.21,5379683.58,0.05264,-0.99861
23846.01,442721.48,5379678.56,0.05264,-0.99861
23850.86,442721.74,5379673.54,0.05264,-0.99861
23855.73,442722.01,5379668.52,0.04932,-0.99878
23860.62,442722.24,5379663.50,0.01792,-0.99984
23865.54,442722.19,5379658.47,-0.02133,-0.99977
23870.47,442722.02,5379653.44,-0.05445,-0.99852
23875.41,442721.64,5379648.43,-0.07234,-0.99738
23880.35,442721.29,5379643.42,-0.03926,-0.99923
23885.30,442721.24,5379638.39,-0.02185,-0.99976
23890.24,442721.07,5379633.37,-0.05497,-0.99849
23895.18,442720.69,5379628.35,-0.07183,-0.99742
23900.12,442720.35,5379623.34,-0.03874,-0.99925
23905.06,442720.30,5379618.31,-0.01016,-0.99995
23910.02,442720.25,5379613.28,-0.02104,-0.99978
23914.98,442720.09,5379608.26,-0.06240,-0.99805
23919.95,442719.62,5379603.25,-0.09280,-0.99568
23924.92,442719.16,5379598.25,-0.09280,-0.99568
23929.90,442718.69,5379593.24,-0.09280,-0.99568
23934.88,442718.22,5379588.23,-0.09280,-0.99568
23939.86,442717.76,5379583.23,-0.09280,-0.99568
23944.84,442717.29,5379578.22,-0.09280,-0.99568
23949.82,442716.82,5379573.21,-0.09280,-0.99568
23954.80,442716.36,5379568.21,-0.09280,-0.99568
23959.79,442715.89,5379563.20,-0.09280,-0.99568
23964.77,442715.42,5379558.20,-0.09280,-0.99568
23969.75,442714.96,5379553.19,-0.09280,-0.99568
23974.73,442714.49,5379548.18,-0.09280,-0.99568
23979.72,442714.02,5379543.18,-0.09280,-0.99568
23984.71,442713.56,5379538.17,-0.09280,-0.99568
23989.70,442713.09,5379533.16,-0.10237,-0.99475
23994.70,442712.53,5379528.17,-0.13526,-0.99081
23999.70,442711.73,5379523.21,-0.15850,-0.98736
24004.70,442710.93,5379518.24,-0.15850,-0.98736
24009.69,442710.14,5379513.28,-0.15850,-0.98736
24014.69,442709.34,5379508.31,-0.15850,-0.98736
24019.69,442708.54,5379503.35,-0.15850,-0.98736
24024.69,442707.75,5379498.39,-0.15850,-0.98736
24029.69,442706.95,5379493.42,-0.15850,-0.98736
24034.69,442706.15,5379488.46,-0.15850,-0.98736
24039.69,442705.36,5379483.49,-0.15850,-0.98736
24044.69,442704.56,5379478.53,-0.15850,-0.98736
24049.69,442703.76,5379473.57,-0.15850,-0.98736
24054.69,442702.97,5379468.60,-0.15850,-0.98736
24059.69,442702.17,5379463.64,-0.15850,-0.98736
24064.69,442701.37,5379458.67,-0.15850,-0.98736
24069.69,442700.58,5379453.71,-0.15850,-0.98736
24074.69,442699.78,5379448.74,-0.15851,-0.98736
24079.69,442698.98,5379443.78,-0.15851,-0.98736
24084.69,442698.18,5379438.82,-0.19837,-0.98013
24089.69,442696.99,5379433.95,-0.21311,-0.97703
24094.69,442696.05,5379429.01,-0.18811,-0.98215
24099.69,442695.10,5379424.08,-0.18811,-0.98215
24104.68,442694.15,5379419.14,-0.18811,-0.98215
24109.68,442693.21,5379414.20,-0.18811,-0.98215
24114.68,442692.26,5379409.26,-0.18811,-0.98215
24119.68,442691.32,5379404.32,-0.18811,-0.98215
24124.68,442690.37,5379399.39,-0.19930,-0.97994
24129.67,442689.31,5379394.47,-0.21703,-0.97616
24134.67,442688.19,5379389.57,-0.22359,-0.97468
24139.66,442687.07,5379384.67,-0.22359,-0.97468
24144.66,442685.94,5379379.77,-0.22360,-0.97468
24149.65,442684.82,5379374.87,-0.22360,-0.97468
24154.64,442683.69,5379369.97,-0.22360,-0.97468
24159.64,442682.57,5379365.07,-0.22360,-0.97468
24164.63,442681.45,5379360.17,-0.22360,-0.97468
24169.63,442680.32,5379355.27,-0.22360,-0.97468
24174.62,442679.20,5379350.37,-0.22360,-0.97468
24179.62,442678.07,5379345.47,-0.22360,-0.97468
24184.61,442676.95,5379340.57,-0.22360,-0.97468
24189.61,442675.82,5379335.67,-0.22360,-0.97468
24194.60,442674.70,5379330.77,-0.22360,-0.97468
24199.60,442673.58,5379325.87,-0.22360,-0.97468
24204.59,442672.45,5379320.97,-0.22360,-0.97468
24209.59,442671.33,5379316.07,-0.22360,-0.97468
24214.58,442670.20,5379311.17,-0.22360,-0.97468
24219.57,442669.08,5379306.27,-0.22360,-0.97468
24224.56,442667.96,5379301.37,-0.24242,-0.97017
24229.55,442666.64,5379296.52,-0.26876,-0.96321
24234.53,442665.25,5379291.69,-0.27634,-0.96106
24239.52,442663.87,5379286.86,-0.25229,-0.96765
24244.52,442662.72,5379281.96,-0.22702,-0.97389
24249.51,442661.58,5379277.07,-0.22594,-0.97414
24254.51,442660.45,5379272.17,-0.22594,-0.97414
24259.50,442659.31,5379267.27,-0.22594,-0.97414
24264.49,442658.18,5379262.38,-0.22594,-0.97414
24269.48,442657.04,5379257.48,-0.25181,-0.96778
24274.46,442655.64,5379252.65,-0.28227,-0.95933
24279.44,442654.20,5379247.83,-0.28703,-0.95792
24284.40,442652.76,5379243.02,-0.28703,-0.95792
24289.35,442651.32,5379238.20,-0.28703,-0.95792
24294.27,442649.87,5379233.39,-0.33415,-0.94252
24299.18,442647.97,5379228.76,-0.41811,-0.90840
24304.04,442645.68,5379224.29,-0.41835,-0.90829
24308.83,442643.77,5379219.65,-0.38170,-0.92429
24313.51,442641.85,5379215.01,-0.42748,-0.90402
24318.11,442639.50,5379210.62,-0.59212,-0.80585
24322.64,442635.99,5379207.04,-0.69937,-0.71476
24327.17,442632.48,5379203.45,-0.66756,-0.74456
24331.76,442629.31,5379199.59,-0.58790,-0.80893
24336.42,442626.60,5379195.36,-0.53973,-0.84184
24341.12,442623.89,5379191.13,-0.53973,-0.84184
24345.81,442621.18,5379186.90,-0.53973,-0.84184
24350.49,442618.47,5379182.67,-0.55814,-0.82975
24355.17,442615.58,5379178.57,-0.58305,-0.81244
24359.84,442612.61,5379174.51,-0.58977,-0.80757
24364.54,442609.65,5379170.46,-0.58585,-0.81042
24369.25,442606.73,5379166.37,-0.56489,-0.82517
24373.99,442603.98,5379162.17,-0.54763,-0.83672
24378.75,442601.23,5379157.97,-0.54763,-0.83672
24383.51,442598.48,5379153.76,-0.54763,-0.83672
24388.29,442595.73,5379149.56,-0.54763,-0.83672
24393.10,442592.98,5379145.36,-0.54763,-0.83672
24397.93,442590.23,5379141.16,-0.54763,-0.83672
24402.78,442587.48,5379136.95,-0.47973,-0.87741
24407.66,442585.43,5379132.38,-0.45420,-0.89090
24412.56,442582.93,5379128.05,-0.51188,-0.85906
24417.47,442580.30,5379123.78,-0.48368,-0.87525
24422.38,442578.08,5379119.27,-0.44144,-0.89729
24427.31,442575.87,5379114.76,-0.44144,-0.89729
24432.25,442573.65,5379110.25,-0.44144,-0.89729
24437.18,442571.43,5379105.74,-0.44144,-0.89729
24442.12,442569.21,5379101.24,-0.44144,-0.89729
24447.06,442566.99,5379096.73,-0.44144,-0.89729
24452.01,442564.78,5379092.22,-0.44144,-0.89729
24456.97,442562.56,5379087.71,-0.43197,-0.90189
24461.93,442560.44,5379083.16,-0.41216,-0.91111
24466.90,442558.42,5379078.55,-0.40182,-0.91572
24471.87,442556.40,5379073.95,-0.40182,-0.91572
24476.84,442554.38,5379069.35,-0.40182,-0.91572
24481.82,442552.36,5379064.75,-0.40182,-0.91572
24486.79,442550.34,5379060.15,-0.40182,-0.91572
24491.77,442548.32,5379055.54,-0.40182,-0.91572
24496.74,442546.30,5379050.94,-0.40182,-0.91572
24501.72,442544.28,5379046.34,-0.40182,-0.91572
24506.69,442542.26,5379041.74,-0.40182,-0.91572
24511.67,442540.24,5379037.14,-0.40182,-0.91572
24516.67,442538.22,5379032.54,-0.40182,-0.91572
24521.67,442536.20,5379027.93,-0.40038,-0.91635
24526.67,442534.20,5379023.33,-0.29344,-0.95598
24531.66,442533.27,5379018.39,-0.18432,-0.98287
24536.66,442532.35,5379013.44,-0.18432,-0.98287
24541.66,442531.42,5379008.50,-0.31176,-0.95016
24546.66,442529.27,5379004.07,-0.43940,-0.89829
24551.63,442527.33,5379000.15,-0.29820,-0.95450
24556.54,442526.55,5378995.36,-0.17360,-0.98482
24561.37,442525.78,5378991.32,-0.58062,-0.81418
24566.12,442521.65,5378988.48,-0.82388,-0.56677
24570.84,442517.51,5378985.64,-0.73365,-0.67953
24575.63,442514.44,5378981.81,-0.56540,-0.82481
24580.49,442511.91,5378977.46,-0.50335,-0.86408
24585.38,442509.38,5378973.12,-0.50763,-0.86158
24590.26,442506.81,5378968.81,-0.55145,-0.83421
24595.12,442503.85,5378964.75,-0.58980,-0.80755
24599.96,442500.89,5378960.70,-0.58980,-0.80755
24604.80,442497.92,5378956.64,-0.58980,-0.80755
24609.63,442494.96,5378952.59,-0.58980,-0.80755
24614.44,442492.00,5378948.53,-0.58980,-0.80755
24619.21,442489.04,5378944.48,-0.59113,-0.80657
24623.94,442486.06,5378940.43,-0.64976,-0.76014
24628.61,442482.53,5378936.86,-0.70359,-0.71060
24633.20,442479.00,5378933.30,-0.70359,-0.71060
24637.70,442475.47,5378929.73,-0.70421,-0.71000
24642.06,442471.93,5378926.17,-0.75704,-0.65337
24646.27,442467.89,5378923.19,-0.81428,-0.58047
24650.33,442463.77,5378920.35,-0.86579,-0.50040
24654.27,442459.25,5378918.20,-0.90257,-0.43055
24658.16,442454.72,5378916.04,-0.90257,-0.43055
24662.04,442450.20,5378913.88,-0.90257,-0.43055
24665.92,442445.67,5378911.72,-0.90257,-0.43055
24669.78,442441.14,5378909.56,-0.90257,-0.43055
24673.61,442436.62,5378907.40,-0.91300,-0.40796
24677.39,442432.00,5378905.47,-0.92875,-0.37071
24681.10,442427.31,5378903.69,-0.93439,-0.35625
24684.82,442422.63,5378901.90,-0.93439,-0.35625
24688.54,442417.94,5378900.11,-0.95761,-0.28805
24692.25,442413.10,5378899.04,-0.96474,-0.26320
24695.97,442408.34,5378897.49,-0.95146,-0.30776
24699.68,442403.57,5378895.95,-0.97154,-0.23686
24703.40,442398.63,5378895.13,-0.98783,-0.15554
24707.11,442393.67,5378894.39,-0.98985,-0.14211
24710.83,442388.71,5378893.70,-0.99796,-0.06388
24714.55,442383.70,5378893.75,-0.99355,-0.11341
24718.26,442378.89,5378892.58,-0.98753,-0.15742
24721.98,442373.89,5378892.19,-0.99695,-0.07809
24725.69,442368.89,5378891.80,-0.99995,-0.00998
24729.41,442363.91,5378892.09,-0.99657,0.08272
24733.12,442358.93,5378892.63,-0.99427,0.10691
24736.84,442353.94,5378893.16,-0.99427,0.10691
24740.56,442348.96,5378893.70,-0.99278,0.11995
24744.27,442344.00,5378894.36,-0.97846,0.20642
24747.99,442339.19,5378895.76,-0.96042,0.27856
24751.70,442334.38,5378897.15,-0.96042,0.27856
24755.42,442329.56,5378898.55,-0.96004,0.27985
24759.13,442324.75,5378899.96,-0.94257,0.33401
24762.85,442320.13,5378901.89,-0.92257,0.38584
24766.57,442315.50,5378903.83,-0.92257,0.38584
24770.29,442310.88,5378905.76,-0.92257,0.38584
24774.04,442306.25,5378907.70,-0.92257,0.38584
24777.82,442301.63,5378909.63,-0.92257,0.38584
24781.62,442297.00,5378911.57,-0.92257,0.38584
24785.45,442292.38,5378913.50,-0.92257,0.38584
24789.31,442287.75,5378915.43,-0.92257,0.38584
24793.19,442283.13,5378917.37,-0.92256,0.38584
24797.09,442278.50,5378919.30,-0.92256,0.38584
24801.03,442273.88,5378921.24,-0.92256,0.38584
24805.02,442269.25,5378923.17,-0.92256,0.38585
24809.01,442264.63,5378925.11,-0.92256,0.38585
24812.95,442260.00,5378927.04,-0.94464,0.32810
24816.85,442255.18,5378928.39,-0.92746,0.37392
24820.70,442250.77,5378930.76,-0.87893,0.47696
24824.48,442246.37,5378933.17,-0.87740,0.47976
24828.24,442241.97,5378935.57,-0.87740,0.47976
24832.03,442237.57,5378937.98,-0.87740,0.47976
24835.85,442233.17,5378940.39,-0.87740,0.47976
24839.69,442228.77,5378942.79,-0.87740,0.47976
24843.55,442224.37,5378945.20,-0.87740,0.47976
24847.44,442219.97,5378947.60,-0.87740,0.47976
24851.35,442215.57,5378950.01,-0.87740,0.47976
24855.29,442211.17,5378952.41,-0.87740,0.47976
24859.25,442206.77,5378954.82,-0.87740,0.47976
24863.23,442202.37,5378957.23,-0.87740,0.47976
24867.24,442197.97,5378959.63,-0.87740,0.47977
24871.30,442193.57,5378962.04,-0.87740,0.47977
24875.40,442189.17,5378964.44,-0.87740,0.47977
24879.55,442184.77,5378966.85,-0.88953,0.45689
24883.76,442180.26,5378969.02,-0.90149,0.43279
24888.00,442175.74,5378971.19,-0.90193,0.43189
24892.26,442171.21,5378973.35,-0.90193,0.43189
24896.52,442166.69,5378975.52,-0.90193,0.43189
24900.76,442162.17,5378977.69,-0.90192,0.43189
24904.97,442157.65,5378979.85,-0.89902,0.43791
24909.16,442153.16,5378982.08,-0.87753,0.47952
24913.37,442148.86,5378984.66,-0.85759,0.51433
24917.62,442144.55,5378987.23,-0.85971,0.51078
24921.94,442140.23,5378989.78,-0.88716,0.46147
24926.32,442135.67,5378991.86,-0.91006,0.41447
24930.78,442131.11,5378993.93,-0.91006,0.41447
24935.34,442126.55,5378996.01,-0.91006,0.41447
24939.99,442121.98,5378998.09,-0.91006,0.41448
24944.73,442117.42,5379000.17,-0.95438,0.29860
24949.57,442112.59,5379001.03,-0.98008,0.19861
24954.50,442107.72,5379002.13,-0.97263,0.23235
24959.47,442102.86,5379003.35,-0.99182,0.12767
24964.46,442097.85,5379003.40,-0.99995,0.01027
24969.45,442092.84,5379003.45,-0.99988,-0.01554
24974.40,442087.86,5379003.25,-0.99260,-0.12146
24979.26,442082.95,5379002.24,-0.97615,-0.21709
24984.00,442078.09,5379001.08,-0.94081,-0.33895
24988.59,442073.59,5378998.87,-0.87537,-0.48345
24992.99,442069.34,5378996.24,-0.83628,-0.54831
24997.21,442065.21,5378993.38,-0.82168,-0.56995
25001.22,442061.09,5378990.52,-0.75932,-0.65072
25004.97,442057.69,5378986.93,-0.70057,-0.71359
25008.69,442054.12,5378983.41,-0.65477,-0.75583
25012.41,442051.15,5378979.38,-0.53483,-0.84496
25016.12,442048.77,5378974.97,-0.45942,-0.88822
25019.84,442046.54,5378970.46,-0.43896,-0.89851
25023.55,442044.36,5378965.94,-0.31756,-0.94824
25027.27,442043.37,5378961.01,-0.15337,-0.98817
25030.98,442042.82,5378956.04,-0.09850,-0.99514
25034.70,442042.38,5378951.04,-0.03332,-0.99944
25038.42,442042.49,5378946.09,0.11487,-0.99338
25042.13,442043.53,5378941.17,0.20599,-0.97855
25045.85,442044.56,5378936.25,0.26989,-0.96289
25049.56,442046.23,5378931.52,0.35336,-0.93549
25053.28,442048.11,5378926.86,0.41661,-0.90909
25056.99,442050.41,5378922.40,0.49287,-0.87010
25060.71,442053.04,5378918.15,0.57979,-0.81477
25064.43,442056.21,5378914.25,0.63118,-0.77564
25068.14,442059.38,5378910.36,0.66566,-0.74626
25071.86,442062.89,5378906.77,0.69825,-0.71585
25075.57,442066.39,5378903.17,0.71370,-0.70045
25079.29,442070.05,5378899.74,0.74269,-0.66964
25083.00,442073.84,5378896.46,0.75623,-0.65431
25086.72,442077.64,5378893.17,0.78867,-0.61481
25090.46,442081.72,5378890.32,0.82721,-0.56189
25094.24,442085.88,5378887.58,0.79617,-0.60508
25098.11,442089.66,5378884.28,0.75407,-0.65679
25102.05,442093.44,5378880.99,0.75408,-0.65679
25106.04,442097.23,5378877.69,0.75408,-0.65679
25110.05,442101.01,5378874.39,0.75408,-0.65679
25114.08,442104.80,5378871.10,0.75408,-0.65679
25118.13,442108.58,5378867.80,0.75408,-0.65679
25122.21,442112.36,5378864.51,0.75408,-0.65678
25126.30,442116.15,5378861.21,0.75408,-0.65678
25130.41,442119.93,5378857.91,0.75408,-0.65678
25134.54,442123.72,5378854.62,0.75408,-0.65678
25138.69,442127.50,5378851.32,0.75408,-0.65678
25142.84,442131.28,5378848.03,0.75408,-0.65678
25147.00,442135.07,5378844.73,0.75408,-0.65678
25151.19,442138.85,5378841.44,0.75408,-0.65678
25155.45,442142.64,5378838.14,0.78484,-0.61970
25159.78,442146.69,5378835.25,0.76295,-0.64646
25164.18,442150.22,5378831.71,0.69579,-0.71825
25168.65,442153.66,5378828.05,0.68464,-0.72888
25173.18,442157.10,5378824.39,0.68464,-0.72888
25177.75,442160.53,5378820.74,0.68465,-0.72888
25182.37,442163.97,5378817.08,0.67292,-0.73971
25187.05,442167.28,5378813.31,0.64173,-0.76693
25191.78,442170.41,5378809.38,0.62204,-0.78299
25196.55,442173.53,5378805.45,0.59801,-0.80149
25201.36,442176.41,5378801.34,0.56796,-0.82306
25206.18,442179.23,5378797.18,0.56248,-0.82681
25211.03,442182.06,5378793.03,0.56248,-0.82681
25215.92,442184.88,5378788.88,0.56248,-0.82681
25220.85,442187.71,5378784.73,0.54992,-0.83521
25225.80,442190.40,5378780.50,0.46765,-0.88391
25230.78,442192.39,5378775.88,0.39528,-0.91856
25235.77,442194.37,5378771.27,0.39528,-0.91856
25240.76,442196.36,5378766.65,0.39528,-0.91856
25245.75,442198.35,5378762.04,0.39528,-0.91856
25250.75,442200.33,5378757.42,0.39528,-0.91856
25255.75,442202.32,5378752.80,0.39529,-0.91856
25260.75,442204.31,5378748.19,0.36105,-0.93255
25265.75,442205.95,5378743.44,0.32252,-0.94656
25270.75,442207.55,5378738.67,0.31872,-0.94785
25275.74,442209.15,5378733.91,0.31872,-0.94785
25280.74,442210.75,5378729.15,0.31872,-0.94785
25285.73,442212.35,5378724.38,0.28690,-0.95796
25290.71,442213.63,5378719.52,0.25426,-0.96714
25295.70,442214.91,5378714.66,0.25376,-0.96727
25300.68,442216.19,5378709.80,0.25540,-0.96684
25305.67,442217.48,5378704.94,0.27402,-0.96172
25310.67,442218.94,5378700.13,0.29093,-0.95675
25315.66,442220.40,5378695.32,0.29093,-0.95675
25320.66,442221.87,5378690.51,0.29093,-0.95675
25325.65,442223.33,5378685.70,0.29093,-0.95674
25330.64,442224.79,5378680.89,0.29093,-0.95674
25335.64,442226.25,5378676.08,0.29093,-0.95674
25340.64,442227.71,5378671.28,0.29093,-0.95674
25345.64,442229.18,5378666.47,0.29093,-0.95674
25350.64,442230.64,5378661.66,0.33026,-0.94389
25355.63,442232.49,5378656.99,0.37792,-0.92584
25360.63,442234.44,5378652.36,0.38675,-0.92219
25365.62,442236.38,5378647.72,0.38675,-0.92219
25370.60,442238.32,5378643.09,0.38675,-0.92219
25375.59,442240.27,5378638.45,0.41163,-0.91135
25380.56,442242.46,5378633.93,0.43635,-0.89978
25385.53,442244.65,5378629.41,0.43649,-0.89971
25390.49,442246.85,5378624.89,0.43649,-0.89971
25395.44,442249.04,5378620.37,0.43890,-0.89854
25400.37,442251.26,5378615.86,0.48505,-0.87449
25405.29,442253.91,5378611.59,0.52761,-0.84949
25410.19,442256.56,5378607.33,0.52761,-0.84949
25415.10,442259.21,5378603.06,0.52761,-0.84949
25420.00,442261.86,5378598.79,0.52761,-0.84949
25424.91,442264.51,5378594.53,0.52761,-0.84949
25429.81,442267.16,5378590.26,0.52761,-0.84949
25434.72,442269.81,5378585.99,0.52761,-0.84949
25439.64,442272.46,5378581.72,0.52761,-0.84949
25444.55,442275.11,5378577.46,0.52761,-0.84949
25449.47,442277.76,5378573.19,0.52761,-0.84949
25454.38,442280.41,5378568.92,0.52761,-0.84948
25459.30,442283.06,5378564.66,0.52761,-0.84948
25464.22,442285.71,5378560.39,0.52761,-0.84948
25469.15,442288.36,5378556.12,0.52762,-0.84948
25474.08,442291.01,5378551.85,0.52762,-0.84948
25479.01,442293.66,5378547.59,0.52762,-0.84948
25483.97,442296.31,5378543.32,0.52762,-0.84948
25488.96,442298.96,5378539.05,0.50433,-0.86351
25493.95,442301.37,5378534.65,0.44057,-0.89772
25498.95,442303.38,5378530.06,0.36095,-0.93259
25503.95,442304.99,5378525.30,0.32189,-0.94678
25508.93,442306.61,5378520.54,0.32189,-0.94678
25513.90,442308.23,5378515.78,0.30265,-0.95310
25518.86,442309.65,5378510.96,0.26042,-0.96550
25523.79,442310.85,5378506.08,0.23746,-0.97140
25528.69,442312.04,5378501.20,0.20712,-0.97832
25533.56,442312.92,5378496.26,0.14498,-0.98943
25538.38,442313.49,5378491.26,0.11336,-0.99355
25543.15,442314.06,5378486.27,0.11336,-0.99355
25547.87,442314.63,5378481.27,0.05605,-0.99843
25552.52,442314.63,5378476.25,-0.00585,-0.99998
25557.10,442314.58,5378471.22,-0.03853,-0.99926
25561.60,442314.24,5378466.20,-0.06862,-0.99764
25566.01,442313.89,5378461.19,-0.10578,-0.99439
25570.31,442313.18,5378456.22,-0.17575,-0.98443
25574.48,442312.12,5378451.31,-0.21014,-0.97767
25578.52,442311.07,5378446.39,-0.25466,-0.96703
25582.43,442309.57,5378441.61,-0.33176,-0.94337
25586.23,442307.74,5378436.93,-0.39195,-0.91999
25589.95,442305.63,5378432.37,-0.42190,-0.90664
25593.66,442303.50,5378427.82,-0.42448,-0.90544
25597.38,442301.36,5378423.27,-0.42578,-0.90482
25601.09,442299.22,5378418.73,-0.48214,-0.87609
25604.81,442296.53,5378414.48,-0.53535,-0.84463
25608.53,442293.84,5378410.24,-0.53535,-0.84463
25612.24,442291.15,5378406.00,-0.53820,-0.84281
25615.96,442288.43,5378401.77,-0.56209,-0.82707
25619.67,442285.51,5378397.69,-0.58278,-0.81263
25623.39,442282.58,5378393.61,-0.58278,-0.81263
25627.12,442279.65,5378389.53,-0.58278,-0.81263
25630.89,442276.73,5378385.45,-0.58279,-0.81263
25634.68,442273.80,5378381.37,-0.58279,-0.81263
25638.48,442270.87,5378377.28,-0.58279,-0.81263
25642.29,442267.94,5378373.20,-0.58279,-0.81262
25646.08,442265.02,5378369.12,-0.58279,-0.81262
25649.90,442262.09,5378365.04,-0.60117,-0.79912
25653.78,442258.98,5378361.10,-0.62866,-0.77768
25657.75,442255.78,5378357.23,-0.63049,-0.77620
25661.79,442252.66,5378353.31,-0.54531,-0.83823
25665.92,442250.33,5378348.86,-0.49858,-0.86685
25670.09,442247.65,5378344.61,-0.53343,-0.84584
25674.24,442244.97,5378340.36,-0.53343,-0.84584
25678.37,442242.29,5378336.11,-0.54512,-0.83836
25682.48,442239.50,5378331.94,-0.57014,-0.82155
25686.59,442236.57,5378327.86,-0.58340,-0.81218
25690.76,442233.64,5378323.78,-0.58340,-0.81218
25695.00,442230.71,5378319.70,-0.58340,-0.81218
25699.33,442227.78,5378315.62,-0.53745,-0.84330
25703.73,442225.32,5378311.25,-0.48205,-0.87615
25708.19,442222.94,5378306.83,-0.47426,-0.88039
25712.69,442220.55,5378302.40,-0.47426,-0.88039
25717.19,442218.17,5378297.98,-0.47426,-0.88038
25721.71,442215.79,5378293.56,-0.47426,-0.88038
25726.23,442213.40,5378289.13,-0.47426,-0.88038
25730.77,442211.02,5378284.71,-0.47426,-0.88038
25735.31,442208.64,5378280.28,-0.47426,-0.88038
25739.87,442206.26,5378275.86,-0.47426,-0.88038
25744.44,442203.87,5378271.44,-0.47426,-0.88038
25749.01,442201.49,5378267.01,-0.47426,-0.88038
25753.60,442199.11,5378262.59,-0.47427,-0.88038
25758.19,442196.72,5378258.17,-0.47427,-0.88038
25762.79,442194.34,5378253.74,-0.47427,-0.88038
25767.41,442191.96,5378249.32,-0.47427,-0.88038
25772.08,442189.57,5378244.90,-0.47427,-0.88038
25776.80,442187.19,5378240.47,-0.47427,-0.88038
25781.58,442184.81,5378236.05,-0.41769,-0.90859
25786.39,442183.00,5378231.37,-0.35032,-0.93663
25791.22,442181.29,5378226.64,-0.34123,-0.93998
25796.05,442179.57,5378221.92,-0.34123,-0.93998
25800.88,442177.86,5378217.19,-0.38496,-0.92293
25805.70,442175.72,5378212.67,-0.40616,-0.91380
25810.51,442173.79,5378208.03,-0.38414,-0.92327
25815.34,442171.86,5378203.39,-0.38414,-0.92327
25820.19,442169.93,5378198.75,-0.38415,-0.92327
25825.05,442168.00,5378194.11,-0.38036,-0.92484
25829.94,442166.10,5378189.46,-0.35079,-0.93646
25834.84,442164.47,5378184.70,-0.32475,-0.94580
25839.74,442162.84,5378179.95,-0.32475,-0.94580
25844.65,442161.21,5378175.19,-0.32475,-0.94580
25849.56,442159.57,5378170.44,-0.32475,-0.94580
25854.48,442157.94,5378165.69,-0.33349,-0.94275
25859.41,442156.23,5378160.97,-0.34879,-0.93720
25864.35,442154.49,5378156.41,-0.31074,-0.95049
25869.31,442153.15,5378151.56,-0.26655,-0.96382
25874.27,442151.81,5378146.72,-0.26655,-0.96382
25879.24,442150.47,5378141.87,-0.26655,-0.96382
25884.21,442149.13,5378137.03,-0.26655,-0.96382
25889.18,442147.79,5378132.18,-0.26655,-0.96382
25894.16,442146.45,5378127.33,-0.26655,-0.96382
25899.14,442145.11,5378122.49,-0.26030,-0.96553
25904.12,442143.83,5378117.63,-0.24007,-0.97075
25909.12,442142.70,5378112.73,-0.22607,-0.97411
25914.11,442141.56,5378107.83,-0.22607,-0.97411
25919.11,442140.42,5378102.94,-0.15381,-0.98810
25924.11,442140.02,5378097.95,-0.14782,-0.98901
25929.11,442138.94,5378093.04,-0.21428,-0.97677
25934.10,442137.87,5378088.13,-0.21428,-0.97677
25939.10,442136.79,5378083.22,-0.21428,-0.97677
25944.09,442135.71,5378078.31,-0.21428,-0.97677
25949.08,442134.63,5378073.40,-0.21428,-0.97677
25954.08,442133.56,5378068.49,-0.21428,-0.97677
25959.08,442132.48,5378063.58,-0.20186,-0.97941
25964.08,442131.53,5378058.64,-0.16563,-0.98619
25969.08,442130.81,5378053.66,-0.14178,-0.98990
25974.08,442130.10,5378048.69,-0.14178,-0.98990
25979.07,442129.39,5378043.71,-0.10078,-0.99491
25984.07,442129.09,5378038.70,-0.10798,-0.99415
25989.06,442128.31,5378033.74,-0.14441,-0.98952
25994.06,442127.64,5378028.76,-0.10827,-0.99412
25999.05,442127.22,5378023.75,-0.09574,-0.99541
26004.04,442126.68,5378018.75,-0.13193,-0.99126
26009.03,442125.89,5378013.79,-0.13743,-0.99051
26014.01,442125.30,5378008.80,-0.07833,-0.99693
26018.98,442125.11,5378003.78,-0.03791,-0.99928
26023.95,442124.91,5377998.75,-0.03791,-0.99928
26028.90,442124.72,5377993.73,-0.03791,-0.99928
26033.85,442124.53,5377988.70,-0.03756,-0.99929
26038.79,442124.35,5377983.68,-0.00300,-1.00000
26043.72,442124.50,5377978.65,0.03120,-0.99951
26048.64,442124.66,5377973.63,0.03120,-0.99951
26053.56,442124.82,5377968.60,0.03120,-0.99951
26058.48,442124.97,5377963.58,0.03120,-0.99951
26063.39,442125.13,5377958.55,0.03120,-0.99951
26068.28,442125.29,5377953.52,0.03120,-0.99951
26073.17,442125.44,5377948.50,0.06771,-0.99771
26078.04,442125.97,5377943.50,0.10689,-0.99427
26082.89,442126.52,5377938.50,0.10965,-0.99397
26087.73,442127.07,5377933.50,0.10965,-0.99397
26092.54,442127.62,5377928.51,0.10785,-0.99417
26097.31,442128.16,5377923.51,0.12909,-0.99163
26102.03,442128.91,5377918.59,0.20862,-0.97800
26106.71,442130.24,5377913.74,0.26378,-0.96458
26111.37,442131.57,5377908.89,0.26379,-0.96458
26116.04,442132.89,5377904.04,0.26379,-0.96458
26120.72,442134.22,5377899.19,0.26379,-0.96458
26125.37,442135.54,5377894.34,0.25327,-0.96740
26129.97,442136.76,5377889.47,0.19009,-0.98177
26134.54,442137.45,5377884.51,0.30452,-0.95251
26139.07,442139.77,5377880.08,0.42193,-0.90663
26143.57,442141.67,5377875.43,0.37971,-0.92511
26148.08,442143.58,5377870.78,0.34788,-0.93754
26152.62,442145.17,5377866.01,0.32615,-0.94532
26157.16,442146.86,5377861.28,0.35454,-0.93504
26161.69,442148.73,5377856.62,0.37230,-0.92811
26166.22,442150.60,5377851.95,0.37230,-0.92811
26170.76,442152.47,5377847.29,0.37231,-0.92811
26175.30,442154.34,5377842.62,0.37231,-0.92811
26179.86,442156.21,5377837.96,0.37231,-0.92811
26184.43,442158.09,5377833.29,0.37231,-0.92811
26189.00,442159.96,5377828.63,0.37231,-0.92811
26193.57,442161.83,5377823.96,0.37231,-0.92811
26198.12,442163.70,5377819.30,0.37231,-0.92811
26202.66,442165.57,5377814.64,0.39097,-0.92040
26207.19,442167.63,5377810.05,0.41754,-0.90866
26211.71,442169.77,5377805.51,0.42556,-0.90493
26216.24,442171.90,5377800.96,0.42556,-0.90493
26220.80,442174.04,5377796.41,0.42556,-0.90493
26225.39,442176.18,5377791.86,0.41707,-0.90888
26230.02,442178.23,5377787.28,0.38758,-0.92184
26234.69,442180.07,5377782.60,0.36644,-0.93044
26239.41,442181.92,5377777.93,0.36644,-0.93044
26244.18,442183.76,5377773.25,0.36644,-0.93044
26248.99,442185.60,5377768.57,0.31240,-0.94995
26253.85,442186.89,5377763.72,0.25703,-0.96640
26258.73,442188.18,5377758.86,0.22852,-0.97354
26263.63,442189.18,5377753.96,0.22543,-0.97426
26268.53,442190.44,5377749.10,0.22839,-0.97357
26273.43,442191.48,5377744.18,0.20606,-0.97854
26278.34,442192.51,5377739.26,0.24789,-0.96879
26283.25,442193.97,5377734.46,0.27129,-0.96250
26288.16,442195.24,5377729.60,0.21932,-0.97565
26293.09,442196.17,5377724.66,0.19255,-0.98129
26298.05,442197.17,5377719.74,0.23194,-0.97273
26303.02,442198.50,5377714.89,0.19311,-0.98118
26308.00,442199.10,5377709.94,0.10606,-0.99436
26312.98,442199.56,5377704.93,0.09142,-0.99581
26317.97,442200.02,5377699.93,0.14833,-0.98894
26322.96,442201.03,5377695.11,0.13549,-0.99078
26327.95,442201.36,5377690.12,0.08660,-0.99624
26332.94,442201.90,5377685.12,0.10755,-0.99420
26337.94,442202.44,5377680.12,0.10755,-0.99420
26342.93,442202.98,5377675.12,0.10755,-0.99420
26347.93,442203.52,5377670.12,0.10755,-0.99420
26352.92,442204.06,5377665.13,0.08987,-0.99595
26357.92,442204.43,5377660.12,0.07630,-0.99709
26362.92,442204.83,5377655.14,0.09412,-0.99556
26367.91,442205.37,5377650.15,0.09009,-0.99593
26372.91,442205.73,5377645.13,0.07249,-0.99737
26377.90,442206.10,5377640.12,0.11818,-0.99299
26382.89,442206.91,5377635.25,0.14530,-0.98939
26387.88,442207.54,5377630.31,0.12383,-0.99230
26392.87,442208.15,5377625.32,0.12147,-0.99260
26397.86,442208.76,5377620.33,0.12147,-0.99260
26402.84,442209.37,5377615.34,0.12147,-0.99260
26407.82,442209.98,5377610.35,0.12441,-0.99223
26412.80,442210.62,5377605.37,0.14775,-0.98902
26417.76,442211.47,5377600.41,0.16809,-0.98577
26422.72,442212.31,5377595.45,0.19089,-0.98161
26427.66,442213.38,5377590.54,0.22556,-0.97423
26432.59,442214.58,5377585.66,0.23748,-0.97139
26437.52,442215.77,5377580.78,0.23748,-0.97139
26442.43,442216.97,5377575.89,0.23748,-0.97139
26447.33,442218.16,5377571.01,0.23749,-0.97139
26452.21,442219.35,5377566.13,0.27346,-0.96188
26457.07,442220.91,5377561.35,0.32281,-0.94646
26461.91,442222.60,5377556.62,0.33644,-0.94171
26466.75,442224.29,5377551.89,0.33644,-0.94171
26471.59,442225.98,5377547.15,0.33644,-0.94171
26476.43,442227.67,5377542.42,0.33644,-0.94170
26481.28,442229.36,5377537.69,0.33644,-0.94170
26486.13,442231.05,5377532.95,0.33644,-0.94170
26490.97,442232.74,5377528.22,0.33644,-0.94170
26495.80,442234.43,5377523.49,0.33644,-0.94170
26500.62,442236.12,5377518.75,0.34062,-0.94020
26505.42,442237.86,5377514.04,0.37744,-0.92603
26510.20,442239.92,5377509.45,0.40963,-0.91225
26514.98,442241.97,5377504.87,0.40963,-0.91225
26519.75,442244.03,5377500.29,0.40963,-0.91225
26524.52,442246.09,5377495.70,0.40963,-0.91225
26529.30,442248.15,5377491.12,0.40963,-0.91225
26534.09,442250.21,5377486.53,0.40963,-0.91225
26538.88,442252.27,5377481.95,0.40963,-0.91225
26543.68,442254.32,5377477.36,0.40963,-0.91225
26548.48,442256.38,5377472.78,0.40963,-0.91225
26553.28,442258.44,5377468.20,0.40963,-0.91225
26558.09,442260.50,5377463.61,0.40963,-0.91225
26562.89,442262.56,5377459.03,0.40963,-0.91225
26567.68,442264.62,5377454.44,0.40963,-0.91225
26572.50,442266.68,5377449.86,0.43412,-0.90085
26577.33,442268.98,5377445.39,0.45269,-0.89167
26582.19,442271.22,5377440.91,0.39665,-0.91797
26587.08,442272.95,5377436.19,0.34515,-0.93855
26591.99,442274.69,5377431.47,0.34515,-0.93855
26596.92,442276.42,5377426.76,0.34515,-0.93855
26601.86,442278.16,5377422.04,0.33822,-0.94107
26606.80,442279.82,5377417.30,0.31083,-0.95047
26611.77,442281.28,5377412.49,0.29024,-0.95695
26616.75,442282.74,5377407.68,0.29024,-0.95695
26621.74,442284.20,5377402.87,0.29024,-0.95695
26626.73,442285.66,5377398.06,0.19401,-0.98100
26631.73,442286.13,5377393.11,0.15624,-0.98772
26636.73,442287.22,5377388.21,0.19908,-0.97998
26641.73,442288.13,5377383.26,0.18161,-0.98337
26646.73,442289.04,5377378.32,0.18161,-0.98337
26651.72,442289.96,5377373.38,0.13439,-0.99093
26656.71,442290.39,5377368.37,0.08100,-0.99671
26661.69,442290.77,5377363.36,0.07516,-0.99717
26666.67,442291.15,5377358.34,0.07516,-0.99717
26671.64,442291.53,5377353.33,0.07516,-0.99717
26676.61,442291.90,5377348.31,0.07516,-0.99717
26681.57,442292.28,5377343.30,0.07465,-0.99721
26686.51,442292.65,5377338.29,0.03198,-0.99949
26691.42,442292.60,5377333.26,-0.01023,-0.99995
26696.30,442292.55,5377328.23,-0.03177,-0.99950
26701.16,442292.28,5377323.22,-0.09177,-0.99578
26706.01,442291.63,5377318.23,-0.13000,-0.99151
26710.84,442290.98,5377313.25,-0.10297,-0.99468
26715.67,442290.60,5377308.24,-0.07316,-0.99732
26720.48,442290.24,5377303.22,-0.09700,-0.99528
26725.26,442289.62,5377298.24,-0.15295,-0.98823
26730.01,442288.71,5377293.30,-0.18219,-0.98326
26734.70,442287.79,5377288.35,-0.18219,-0.98326
26739.34,442286.87,5377283.41,-0.19106,-0.98158
26743.93,442285.87,5377278.49,-0.26353,-0.96465
26748.51,442284.29,5377273.96,-0.35314,-0.93557
26753.08,442282.50,5377269.56,-0.33719,-0.94144
26757.66,442281.00,5377264.76,-0.27969,-0.96009
26762.23,442279.69,5377259.92,-0.22858,-0.97352
26766.78,442278.70,5377254.99,-0.27342,-0.96190
26771.28,442276.95,5377250.29,-0.36730,-0.93010
26775.71,442275.02,5377245.65,-0.38545,-0.92273
26780.09,442273.08,5377241.02,-0.38545,-0.92273
26784.45,442271.14,5377236.38,-0.40158,-0.91582
26788.79,442269.05,5377231.81,-0.43318,-0.90131
26793.10,442266.79,5377227.32,-0.44864,-0.89371
26797.39,442264.54,5377222.83,-0.44864,-0.89371
26801.64,442262.28,5377218.34,-0.44864,-0.89371
26805.87,442260.03,5377213.85,-0.47751,-0.87863
26810.08,442257.49,5377209.52,-0.51181,-0.85910
26814.27,442254.89,5377205.22,-0.51771,-0.85556
26818.46,442252.29,5377200.92,-0.51771,-0.85556
26822.67,442249.68,5377196.62,-0.51771,-0.85556
26826.90,442247.08,5377192.33,-0.51771,-0.85556
26831.14,442244.48,5377188.03,-0.51771,-0.85555
26835.40,442241.88,5377183.73,-0.51771,-0.85555
26839.68,442239.28,5377179.43,-0.51771,-0.85555
26843.97,442236.68,5377175.13,-0.51771,-0.85555
26848.27,442234.08,5377170.83,-0.51772,-0.85555
26852.59,442231.48,5377166.54,-0.51772,-0.85555
26856.93,442228.88,5377162.24,-0.51772,-0.85555
26861.28,442226.28,5377157.94,-0.51772,-0.85555
26865.64,442223.67,5377153.64,-0.51772,-0.85555
26870.02,442221.07,5377149.34,-0.51772,-0.85555
26874.43,442218.47,5377145.04,-0.51772,-0.85555
26878.89,442215.87,5377140.75,-0.51772,-0.85555
26883.40,442213.27,5377136.45,-0.51475,-0.85734
26887.98,442210.70,5377132.13,-0.46568,-0.88495
26892.61,442208.60,5377127.57,-0.41832,-0.90830
26897.27,442206.50,5377123.00,-0.41832,-0.90830
26901.96,442204.39,5377118.44,-0.41832,-0.90830
26906.64,442202.29,5377113.87,-0.41832,-0.90830
26911.34,442200.19,5377109.31,-0.41832,-0.90830
26916.05,442198.09,5377104.75,-0.41832,-0.90830
26920.78,442195.98,5377100.18,-0.41832,-0.90830
26925.55,442193.88,5377095.62,-0.41832,-0.90830
26930.36,442191.78,5377091.05,-0.39663,-0.91798
26935.21,442189.90,5377086.40,-0.33610,-0.94183
26940.09,442188.41,5377081.60,-0.29703,-0.95487
26944.99,442186.91,5377076.80,-0.29703,-0.95487
26949.89,442185.42,5377072.00,-0.29703,-0.95487
26954.80,442183.93,5377067.20,-0.29703,-0.95487
26959.73,442182.44,5377062.40,-0.29703,-0.95487
26964.67,442180.94,5377057.60,-0.28894,-0.95735
26969.62,442179.53,5377052.78,-0.24990,-0.96827
26974.59,442178.43,5377047.87,-0.21874,-0.97578
26979.56,442177.33,5377042.97,-0.21874,-0.97578
26984.53,442176.23,5377038.06,-0.21874,-0.97578
26989.52,442175.13,5377033.16,-0.21874,-0.97578
26994.52,442174.03,5377028.25,-0.21874,-0.97578
26999.52,442172.93,5377023.35,-0.15002,-0.98868
27004.51,442172.53,5377018.34,-0.07086,-0.99749
27009.51,442172.22,5377013.32,-0.06124,-0.99812
27014.50,442171.91,5377008.30,-0.06124,-0.99812
27019.49,442171.60,5377003.28,-0.06124,-0.99812
27024.48,442171.30,5376998.27,-0.05812,-0.99831
27029.46,442171.02,5376993.25,-0.03262,-0.99947
27034.43,442170.97,5376988.22,-0.01025,-0.99995
27039.40,442170.92,5376983.19,-0.01025,-0.99995
27044.36,442170.87,5376978.16,-0.01025,-0.99995
27049.30,442170.81,5376973.14,0.02290,-0.99974
27054.23,442171.10,5376968.12,0.07016,-0.99754
27059.14,442171.52,5376963.11,0.08423,-0.99645
27064.03,442171.94,5376958.10,0.08423,-0.99645
27068.89,442172.37,5376953.09,0.08702,-0.99621
27073.74,442172.82,5376948.08,0.16117,-0.98693
27078.58,442173.98,5376943.19,0.21998,-0.97551
27083.39,442175.03,5376938.28,0.16499,-0.98629
27088.20,442175.64,5376933.29,0.12148,-0.99259
27093.01,442176.25,5376928.30,0.17964,-0.98373
27097.78,442177.44,5376923.42,0.23810,-0.97124
27102.54,442178.64,5376918.54,0.23901,-0.97102
27107.29,442179.85,5376913.65,0.23901,-0.97102
27112.04,442181.05,5376908.77,0.23901,-0.97102
27116.78,442182.25,5376903.89,0.23901,-0.97102
27121.49,442183.45,5376899.01,0.23901,-0.97102
27126.17,442184.65,5376894.13,0.27919,-0.96023
27130.82,442186.25,5376889.37,0.32297,-0.94641
27135.41,442187.90,5376884.62,0.32701,-0.94502
27139.99,442189.54,5376879.87,0.35358,-0.93540
27144.54,442191.45,5376875.22,0.38436,-0.92318
27149.08,442193.40,5376870.59,0.38883,-0.92131
27153.62,442195.36,5376865.96,0.38884,-0.92131
27158.15,442197.31,5376861.33,0.38884,-0.92131
27162.66,442199.27,5376856.70,0.38884,-0.92131
27167.15,442201.22,5376852.07,0.40791,-0.91302
27171.61,442203.36,5376847.53,0.44019,-0.89790
27176.02,442205.64,5376843.05,0.45346,-0.89128
27180.37,442207.92,5376838.57,0.45769,-0.88911
27184.69,442210.24,5376834.12,0.50385,-0.86379
27188.96,442212.98,5376829.90,0.54462,-0.83868
27193.21,442215.71,5376825.69,0.54462,-0.83868
27197.47,442218.45,5376821.48,0.54462,-0.83868
27201.72,442221.18,5376817.26,0.54462,-0.83868
27205.94,442223.92,5376813.05,0.54462,-0.83868
27210.11,442226.66,5376808.84,0.54462,-0.83868
27214.24,442229.39,5376804.62,0.59680,-0.80239
27218.32,442232.64,5376800.80,0.65092,-0.75914
27222.34,442235.93,5376797.00,0.64166,-0.76699
27226.33,442239.07,5376793.10,0.62316,-0.78210
27230.33,442242.16,5376789.17,0.65943,-0.75177
27234.35,442245.67,5376785.58,0.69842,-0.71569
27238.32,442249.18,5376781.99,0.67446,-0.73831
27242.26,442252.42,5376778.19,0.62715,-0.77890
27246.17,442255.44,5376774.21,0.67897,-0.73417
27250.02,442259.19,5376770.88,0.74698,-0.66484
27253.81,442262.94,5376767.54,0.74698,-0.66484
27257.59,442266.68,5376764.20,0.74698,-0.66484
27261.37,442270.43,5376760.87,0.74699,-0.66484
27265.11,442274.18,5376757.53,0.74699,-0.66484
27268.83,442277.93,5376754.19,0.74699,-0.66484
27272.54,442281.68,5376750.85,0.79894,-0.60142
27276.26,442285.91,5376748.19,0.83077,-0.55662
27279.97,442290.00,5376745.28,0.81526,-0.57910
27283.72,442294.09,5376742.38,0.81526,-0.57910
27287.49,442298.18,5376739.47,0.81526,-0.57910
27291.26,442302.27,5376736.57,0.81526,-0.57910
27295.01,442306.36,5376733.66,0.81526,-0.57909
27298.72,442310.45,5376730.75,0.82533,-0.56466
27302.44,442314.64,5376728.00,0.85078,-0.52553
27306.16,442318.98,5376725.49,0.86567,-0.50061
27309.88,442323.32,5376722.98,0.86568,-0.50061
27313.59,442327.66,5376720.46,0.85492,-0.51876
27317.31,442331.89,5376717.78,0.83427,-0.55135
27321.02,442336.00,5376714.95,0.87616,-0.48202
27324.74,442340.61,5376712.98,0.91914,-0.39392
27328.46,442345.22,5376711.00,0.91914,-0.39392
27332.17,442349.83,5376709.03,0.91914,-0.39392
27335.90,442354.44,5376707.05,0.91914,-0.39392
27339.62,442359.05,5376705.07,0.91914,-0.39392
27343.33,442363.66,5376703.10,0.91915,-0.39392
27347.05,442368.27,5376701.12,0.93425,-0.35663
27350.76,442373.02,5376699.53,0.95266,-0.30405
27354.48,442377.82,5376698.08,0.95723,-0.28933
27358.19,442382.62,5376696.63,0.95723,-0.28933
27361.93,442387.42,5376695.18,0.95723,-0.28933
27365.70,442392.22,5376693.73,0.95723,-0.28933
27369.49,442397.02,5376692.27,0.95723,-0.28932
27373.30,442401.81,5376690.82,0.95723,-0.28932
27377.15,442406.61,5376689.37,0.95723,-0.28932
27381.01,442411.41,5376687.92,0.95723,-0.28932
27384.90,442416.21,5376686.47,0.95723,-0.28932
27388.81,442421.01,5376685.02,0.95723,-0.28932
27392.75,442425.81,5376683.57,0.95723,-0.28932
27396.71,442430.61,5376682.12,0.95723,-0.28932
27400.69,442435.41,5376680.67,0.95723,-0.28932
27404.70,442440.21,5376679.22,0.95723,-0.28932
27408.72,442445.01,5376677.77,0.95723,-0.28932
27412.77,442449.81,5376676.32,0.95723,-0.28932
27416.83,442454.61,5376674.87,0.95723,-0.28931
27420.92,442459.41,5376673.42,0.95723,-0.28931
27425.04,442464.21,5376671.97,0.95723,-0.28931
27429.22,442469.01,5376670.52,0.95723,-0.28931
27433.47,442473.81,5376669.06,0.95724,-0.28931
27437.81,442478.61,5376667.61,0.94302,-0.33273
27442.23,442483.25,5376665.73,0.92009,-0.39171
27446.70,442487.83,5376663.69,0.91309,-0.40776
27451.20,442492.41,5376661.64,0.91309,-0.40776
27455.72,442496.98,5376659.60,0.91309,-0.40776
27460.26,442501.56,5376657.55,0.91309,-0.40775
27464.84,442506.14,5376655.51,0.91309,-0.40775
27469.48,442510.72,5376653.46,0.91309,-0.40775
27474.19,442515.30,5376651.42,0.89901,-0.43793
27478.97,442519.72,5376649.08,0.85680,-0.51565
27483.79,442523.87,5376646.26,0.82725,-0.56183
27488.64,442528.02,5376643.44,0.82725,-0.56183
27493.52,442532.17,5376640.62,0.82725,-0.56183
27498.42,442536.32,5376637.81,0.82725,-0.56183
27503.34,442540.47,5376634.99,0.81512,-0.57929
27508.28,442544.49,5376632.00,0.78071,-0.62489
27513.24,442548.30,5376628.72,0.75786,-0.65242
27518.21,442552.10,5376625.45,0.75786,-0.65242
27523.20,442555.91,5376622.17,0.75786,-0.65242
27528.20,442559.71,5376618.90,0.72843,-0.68512
27533.20,442563.20,5376615.31,0.67260,-0.74001
27538.20,442566.45,5376611.48,0.64698,-0.76250
27543.20,442569.70,5376607.66,0.64698,-0.76250
27548.19,442572.95,5376603.83,0.64698,-0.76250
27553.18,442576.20,5376600.00,0.64699,-0.76250
27558.17,442579.44,5376596.17,0.64699,-0.76250
27563.15,442582.69,5376592.34,0.62046,-0.78424
27568.11,442585.67,5376588.30,0.58742,-0.80928
27573.04,442588.59,5376584.21,0.57568,-0.81768
27577.95,442591.45,5376580.09,0.54461,-0.83869
27582.84,442593.92,5376576.01,0.47797,-0.87837
27587.70,442596.05,5376571.64,0.45906,-0.88840
27592.56,442598.46,5376567.23,0.47917,-0.87772
27597.40,442600.87,5376562.82,0.47917,-0.87772
27602.21,442603.27,5376558.41,0.47917,-0.87772
27606.98,442605.68,5376554.00,0.43268,-0.90155
27611.70,442607.61,5376549.37,0.36080,-0.93264
27616.37,442609.30,5376544.64,0.33656,-0.94166
27620.99,442610.99,5376539.90,0.33656,-0.94166
27625.59,442612.69,5376535.17,0.31772,-0.94818
27630.15,442614.19,5376530.38,0.27289,-0.96204
27634.68,442615.43,5376525.51,0.24688,-0.96905
27639.17,442616.67,5376520.64,0.24688,-0.96905
27643.62,442617.91,5376515.76,0.24688,-0.96905
27648.03,442619.15,5376510.89,0.20435,-0.97890
27652.41,442619.96,5376505.93,0.15376,-0.98811
27656.74,442620.69,5376500.96,0.14612,-0.98927
27661.02,442621.43,5376495.99,0.14612,-0.98927
27665.24,442622.16,5376491.01,0.13672,-0.99061
27669.42,442622.80,5376486.03,0.07307,-0.99733
27673.54,442622.90,5376481.00,0.01870,-0.99983
27677.61,442622.99,5376475.98,0.01870,-0.99983
27681.62,442623.09,5376470.95,0.01870,-0.99983
27685.58,442623.18,5376465.92,0.01459,-0.99989
27689.48,442623.23,5376460.90,-0.05207,-0.99864
27693.31,442622.66,5376455.90,-0.11439,-0.99344
27697.09,442622.08,5376450.91,-0.11439,-0.99344
27700.84,442621.51,5376445.91,-0.11439,-0.99344
27704.58,442620.93,5376440.92,-0.13418,-0.99096
27708.29,442620.16,5376435.95,-0.15772,-0.98748
27712.01,442619.35,5376430.99,-0.16152,-0.98687
27715.72,442618.53,5376426.03,-0.19164,-0.98147
27719.44,442617.42,5376421.13,-0.22381,-0.97463
27723.16,442616.28,5376416.23,-0.23789,-0.97129
27726.87,442615.03,5376411.37,-0.29317,-0.95606
27730.59,442613.34,5376406.63,-0.33600,-0.94186
27734.30,442611.65,5376401.90,-0.33600,-0.94186
27738.02,442609.96,5376397.16,-0.33600,-0.94186
27741.73,442608.27,5376392.43,-0.33600,-0.94186
27745.45,442606.59,5376387.69,-0.36215,-0.93212
27749.17,442604.64,5376383.08,-0.43279,-0.90149
27752.88,442602.25,5376378.66,-0.47635,-0.87925
27756.60,442599.85,5376374.24,-0.47635,-0.87925
27760.32,442597.46,5376369.82,-0.47635,-0.87925
27764.08,442595.07,5376365.40,-0.47636,-0.87925
27767.86,442592.67,5376360.99,-0.47636,-0.87925
27771.66,442590.28,5376356.57,-0.47636,-0.87925
27775.49,442587.89,5376352.15,-0.47636,-0.87925
27779.35,442585.49,5376347.73,-0.47636,-0.87925
27783.23,442583.10,5376343.31,-0.47636,-0.87925
27787.13,442580.70,5376338.89,-0.47636,-0.87925
27791.06,442578.31,5376334.48,-0.47636,-0.87925
27795.01,442575.92,5376330.06,-0.47636,-0.87925
27798.98,442573.52,5376325.64,-0.47636,-0.87925
27802.98,442571.13,5376321.22,-0.47636,-0.87925
27807.00,442568.74,5376316.80,-0.47636,-0.87925
27811.03,442566.34,5376312.39,-0.47636,-0.87925
27815.09,442563.95,5376307.97,-0.47636,-0.87925
27819.17,442561.56,5376303.55,-0.47636,-0.87925
27823.26,442559.16,5376299.13,-0.47636,-0.87925
27827.38,442556.77,5376294.71,-0.47637,-0.87925
27831.52,442554.37,5376290.30,-0.47637,-0.87925
27835.69,442551.98,5376285.88,-0.47637,-0.87925
27839.93,442549.59,5376281.46,-0.47637,-0.87925
27844.26,442547.19,5376277.04,-0.47637,-0.87925
27848.70,442544.80,5376272.62,-0.42862,-0.90349
27853.23,442542.90,5376267.99,-0.34450,-0.93879
27857.84,442541.35,5376263.21,-0.30922,-0.95099
27862.48,442539.79,5376258.43,-0.30922,-0.95099
27867.14,442538.24,5376253.65,-0.30922,-0.95099
27871.80,442536.68,5376248.87,-0.30922,-0.95099
27876.47,442535.13,5376244.09,-0.30922,-0.95099
27881.15,442533.57,5376239.31,-0.30922,-0.95099
27885.84,442532.02,5376234.53,-0.30922,-0.95099
27890.53,442530.47,5376229.75,-0.30922,-0.95099
27895.24,442528.91,5376224.97,-0.30922,-0.95099
27899.96,442527.36,5376220.19,-0.30922,-0.95099
27904.70,442525.80,5376215.41,-0.30923,-0.95099
27909.46,442524.25,5376210.63,-0.28918,-0.95727
27914.25,442522.90,5376205.79,-0.26519,-0.96420
27919.05,442521.58,5376200.94,-0.26136,-0.96524
27923.85,442520.27,5376196.08,-0.26136,-0.96524
27928.67,442518.95,5376191.23,-0.26136,-0.96524
27933.48,442517.64,5376186.38,-0.26136,-0.96524
27938.30,442516.33,5376181.53,-0.26136,-0.96524
27943.13,442515.01,5376176.67,-0.26136,-0.96524
27947.96,442513.70,5376171.82,-0.26136,-0.96524
27952.79,442512.38,5376166.97,-0.26136,-0.96524
27957.63,442511.07,5376162.12,-0.26136,-0.96524
27962.47,442509.76,5376157.26,-0.26136,-0.96524
27967.31,442508.44,5376152.41,-0.26136,-0.96524
27972.16,442507.13,5376147.56,-0.26136,-0.96524
27977.01,442505.82,5376142.71,-0.26136,-0.96524
27981.86,442504.50,5376137.85,-0.26136,-0.96524
27986.72,442503.19,5376133.00,-0.26136,-0.96524
27991.58,442501.87,5376128.15,-0.26136,-0.96524
27996.43,442500.56,5376123.30,-0.26136,-0.96524
28001.27,442499.25,5376118.44,-0.26136,-0.96524
28006.08,442497.93,5376113.59,-0.26136,-0.96524
28010.86,442496.62,5376108.74,-0.31249,-0.94992
28015.60,442494.80,5376104.06,-0.37353,-0.92762
28020.32,442492.87,5376099.42,-0.38421,-0.92325
28025.00,442490.93,5376094.78,-0.38421,-0.92325
28029.64,442489.00,5376090.14,-0.38421,-0.92325
28034.23,442487.07,5376085.50,-0.40829,-0.91285
28038.76,442484.91,5376080.98,-0.47866,-0.87800
28043.24,442482.28,5376076.70,-0.52375,-0.85187
28047.69,442479.64,5376072.42,-0.52375,-0.85187
28052.11,442477.01,5376068.14,-0.52375,-0.85187
28056.50,442474.38,5376063.86,-0.52375,-0.85187
28060.87,442471.75,5376059.58,-0.55448,-0.83220
28065.18,442468.81,5376055.51,-0.58724,-0.80941
28069.42,442465.85,5376051.45,-0.58999,-0.80741
28073.58,442462.89,5376047.40,-0.61044,-0.79207
28077.69,442459.73,5376043.51,-0.66275,-0.74884
28081.75,442456.24,5376039.89,-0.69374,-0.72023
28085.77,442452.76,5376036.27,-0.69374,-0.72023
28089.77,442449.28,5376032.66,-0.69374,-0.72023
28093.77,442445.79,5376029.04,-0.69374,-0.72023
28097.78,442442.31,5376025.42,-0.72893,-0.68459
28101.74,442438.50,5376022.19,-0.72729,-0.68633
28105.67,442435.05,5376018.58,-0.70163,-0.71254
28109.57,442431.47,5376015.05,-0.74001,-0.67260
28113.42,442427.63,5376011.83,-0.77589,-0.63087
28117.23,442423.69,5376008.73,-0.78562,-0.61871
28121.04,442419.75,5376005.62,-0.78562,-0.61871
28124.88,442415.80,5376002.52,-0.78562,-0.61871
28128.73,442411.86,5375999.41,-0.78562,-0.61871
28132.62,442407.92,5375996.30,-0.78562,-0.61871
28136.52,442403.98,5375993.20,-0.78562,-0.61870
28140.45,442400.03,5375990.09,-0.78562,-0.61870
28144.40,442396.09,5375986.99,-0.78563,-0.61870
28148.37,442392.15,5375983.88,-0.78563,-0.61870
28152.37,442388.20,5375980.78,-0.78563,-0.61870
28156.39,442384.26,5375977.67,-0.78563,-0.61870
28160.43,442380.32,5375974.57,-0.78563,-0.61870
28164.50,442376.37,5375971.46,-0.78563,-0.61870
28168.62,442372.43,5375968.36,-0.78563,-0.61870
28172.80,442368.49,5375965.25,-0.78326,-0.62170
28177.04,442364.57,5375962.12,-0.76042,-0.64944
28181.33,442360.86,5375958.74,-0.73919,-0.67350
28185.66,442357.15,5375955.35,-0.73919,-0.67350
28190.01,442353.44,5375951.97,-0.73919,-0.67350
28194.40,442349.72,5375948.59,-0.73919,-0.67350
28198.82,442346.01,5375945.21,-0.73919,-0.67350
28203.29,442342.30,5375941.83,-0.73234,-0.68094
28207.82,442338.66,5375938.38,-0.70713,-0.70708
28212.42,442335.21,5375934.73,-0.68838,-0.72535
28217.08,442331.75,5375931.09,-0.67908,-0.73407
28221.79,442328.39,5375927.37,-0.64160,-0.76704
28226.55,442325.31,5375923.40,-0.61269,-0.79032
28231.34,442322.24,5375919.43,-0.61269,-0.79032
28236.16,442319.16,5375915.46,-0.60355,-0.79733
28241.02,442316.17,5375911.42,-0.57814,-0.81594
28245.91,442313.35,5375907.26,-0.56173,-0.82732
28250.83,442310.53,5375903.11,-0.53780,-0.84307
28255.77,442307.95,5375898.80,-0.50332,-0.86410
28260.74,442305.48,5375894.43,-0.49315,-0.86994
28265.72,442303.00,5375890.06,-0.45890,-0.88849
28270.71,442300.87,5375885.51,-0.40686,-0.91349
28275.71,442298.91,5375880.88,-0.38969,-0.92095
28280.71,442296.95,5375876.25,-0.38969,-0.92095
28285.71,442294.99,5375871.63,-0.38969,-0.92095
28290.70,442293.04,5375867.00,-0.34651,-0.93804
28295.69,442291.52,5375862.22,-0.27889,-0.96032
28300.66,442290.24,5375857.36,-0.25518,-0.96689
28305.62,442288.95,5375852.50,-0.25518,-0.96689
28310.56,442287.67,5375847.63,-0.25518,-0.96689
28315.49,442286.39,5375842.77,-0.20657,-0.97843
28320.39,442285.60,5375837.81,-0.14960,-0.98875
28325.27,442284.88,5375832.84,-0.14180,-0.98990
28330.13,442284.17,5375827.86,-0.14180,-0.98990
28334.98,442283.46,5375822.88,-0.12749,-0.99184
28339.81,442282.89,5375817.89,-0.09182,-0.99578
28344.62,442282.53,5375812.87,-0.07047,-0.99751
28349.41,442282.18,5375807.86,-0.07047,-0.99751
28354.17,442281.83,5375802.84,-0.07047,-0.99751
28358.88,442281.47,5375797.83,-0.03342,-0.99944
28363.55,442281.49,5375792.81,0.03673,-0.99933
28368.19,442281.84,5375787.80,0.06957,-0.99758
28372.81,442282.19,5375782.78,0.06957,-0.99758
28377.43,442282.54,5375777.76,0.06957,-0.99758
28382.05,442282.89,5375772.75,0.06957,-0.99758
28386.69,442283.24,5375767.73,0.06957,-0.99758
28391.34,442283.59,5375762.72,0.06957,-0.99758
28395.99,442283.94,5375757.70,0.06957,-0.99758
28400.65,442284.29,5375752.68,0.06957,-0.99758
28405.31,442284.64,5375747.67,0.06957,-0.99758
28409.99,442284.99,5375742.65,0.06957,-0.99758
28414.67,442285.34,5375737.64,0.06957,-0.99758
28419.36,442285.69,5375732.62,0.06957,-0.99758
28424.06,442286.04,5375727.61,0.06957,-0.99758
28428.76,442286.39,5375722.59,0.06957,-0.99758
28433.48,442286.74,5375717.57,0.06957,-0.99758
28438.22,442287.09,5375712.56,0.06957,-0.99758
28442.99,442287.44,5375707.54,0.06473,-0.99790
28447.78,442287.74,5375702.53,0.02484,-0.99969
28452.59,442287.69,5375697.50,-0.01022,-0.99995
28457.41,442287.64,5375692.47,0.00002,-1.00000
28462.26,442287.69,5375687.45,0.04143,-0.99914
28467.12,442288.05,5375682.43,0.03076,-0.99953
28472.00,442288.00,5375677.42,-0.05810,-0.99831
28476.90,442287.47,5375672.42,-0.06136,-0.99812
28481.83,442287.38,5375667.40,-0.04450,-0.99901
28486.77,442287.02,5375662.40,-0.08386,-0.99648
28491.73,442286.54,5375657.41,-0.06943,-0.99759
28496.70,442286.33,5375652.40,-0.12341,-0.99236
28501.69,442285.31,5375647.51,-0.18484,-0.98277
28506.69,442284.48,5375642.57,-0.16666,-0.98601
28511.69,442283.64,5375637.62,-0.19703,-0.98040
28516.68,442282.50,5375632.72,-0.23985,-0.97081
28521.68,442281.23,5375627.86,-0.27328,-0.96193
28526.66,442279.75,5375623.06,-0.30346,-0.95284
28531.64,442278.18,5375618.29,-0.33496,-0.94223
28536.60,442276.39,5375613.59,-0.35575,-0.93458
28541.55,442274.60,5375608.89,-0.35575,-0.93458
28546.49,442272.81,5375604.20,-0.35994,-0.93298
28551.41,442270.98,5375599.52,-0.40601,-0.91387
28556.30,442268.74,5375595.02,-0.44705,-0.89451
28561.15,442266.49,5375590.53,-0.44706,-0.89451
28565.97,442264.24,5375586.03,-0.47062,-0.88234
28570.75,442261.77,5375581.67,-0.52828,-0.84907
28575.51,442258.94,5375577.51,-0.56175,-0.82730
28580.23,442256.12,5375573.36,-0.56176,-0.82730
28584.93,442253.30,5375569.20,-0.56176,-0.82730
28589.61,442250.48,5375565.05,-0.56518,-0.82497
28594.26,442247.62,5375560.92,-0.60395,-0.79702
28598.88,442244.42,5375557.05,-0.63816,-0.76990
28603.48,442241.21,5375553.18,-0.63816,-0.76990
28608.09,442238.01,5375549.31,-0.63816,-0.76990
28612.70,442234.80,5375545.45,-0.63817,-0.76990
28617.30,442231.60,5375541.58,-0.63817,-0.76990
28621.90,442228.39,5375537.71,-0.63817,-0.76990
28626.49,442225.19,5375533.85,-0.64711,-0.76240
28631.05,442221.89,5375530.06,-0.66966,-0.74267
28635.61,442218.46,5375526.39,-0.68313,-0.73030
28640.16,442215.03,5375522.72,-0.68313,-0.73030
28644.72,442211.60,5375519.06,-0.68313,-0.73030
28649.29,442208.17,5375515.39,-0.68313,-0.73029
28653.87,442204.74,5375511.72,-0.68313,-0.73029
28658.45,442201.31,5375508.06,-0.68313,-0.73029
28663.05,442197.88,5375504.39,-0.68313,-0.73029
28667.65,442194.45,5375500.72,-0.68313,-0.73029
28672.27,442191.02,5375497.05,-0.68314,-0.73029
28676.89,442187.59,5375493.39,-0.68314,-0.73029
28681.52,442184.16,5375489.72,-0.68314,-0.73029
28686.16,442180.73,5375486.05,-0.68314,-0.73029
28690.80,442177.30,5375482.39,-0.68314,-0.73029
28695.46,442173.87,5375478.72,-0.68314,-0.73029
28700.12,442170.44,5375475.05,-0.68314,-0.73029
28704.79,442167.01,5375471.38,-0.68314,-0.73029
28709.46,442163.58,5375467.72,-0.68314,-0.73029
28714.14,442160.15,5375464.05,-0.68314,-0.73029
28718.83,442156.72,5375460.38,-0.68314,-0.73029
28723.53,442153.29,5375456.72,-0.68314,-0.73028
28728.25,442149.86,5375453.05,-0.68314,-0.73028
28732.99,442146.42,5375449.38,-0.68314,-0.73028
28737.76,442142.99,5375445.71,-0.66888,-0.74337
28742.54,442139.71,5375441.92,-0.64707,-0.76243
28747.35,442136.50,5375438.06,-0.63974,-0.76859
28752.16,442133.28,5375434.20,-0.63974,-0.76859
28757.00,442130.07,5375430.34,-0.63974,-0.76859
28761.86,442126.86,5375426.48,-0.63974,-0.76859
28766.74,442123.64,5375422.62,-0.62512,-0.78053
28771.64,442120.58,5375418.64,-0.58627,-0.81011
28776.57,442117.76,5375414.49,-0.56179,-0.82728
28781.51,442114.94,5375410.33,-0.56179,-0.82728
28786.47,442112.12,5375406.17,-0.56179,-0.82728
28791.44,442109.29,5375402.02,-0.55716,-0.83041
28796.43,442106.52,5375397.83,-0.49286,-0.87011
28801.43,442104.35,5375393.30,-0.43088,-0.90241
28806.43,442102.19,5375388.76,-0.43088,-0.90241
28811.43,442100.02,5375384.23,-0.43088,-0.90241
28816.42,442097.86,5375379.69,-0.41949,-0.90776
28821.41,442095.81,5375375.11,-0.36012,-0.93291
28826.38,442094.25,5375370.33,-0.31133,-0.95030
28831.35,442092.68,5375365.56,-0.31133,-0.95030
28836.31,442091.12,5375360.78,-0.31133,-0.95030
28841.26,442089.55,5375356.00,-0.30412,-0.95263
28846.20,442088.06,5375351.20,-0.28181,-0.95947
28851.13,442086.72,5375346.36,-0.26667,-0.96379
28856.02,442085.38,5375341.51,-0.26668,-0.96379
28860.87,442084.04,5375336.67,-0.22551,-0.97424
28865.68,442083.11,5375331.73,-0.13871,-0.99033
28870.45,442082.64,5375326.72,-0.09310,-0.99566
28875.17,442082.18,5375321.72,-0.09296,-0.99567
28879.87,442081.71,5375316.71,-0.07962,-0.99683
28884.56,442081.38,5375311.70,-0.04971,-0.99876
28889.23,442081.21,5375306.67,-0.03315,-0.99945
28893.91,442081.04,5375301.65,-0.03315,-0.99945
28898.57,442080.88,5375296.62,-0.03315,-0.99945
28903.23,442080.71,5375291.59,-0.03315,-0.99945
28907.86,442080.54,5375286.57,-0.03170,-0.99950
28912.46,442080.39,5375281.54,0.01104,-0.99994
28917.04,442080.65,5375276.52,0.05230,-0.99863
28921.60,442080.92,5375271.50,0.05230,-0.99863
28926.17,442081.18,5375266.48,0.05230,-0.99863
28930.74,442081.44,5375261.46,0.05230,-0.99863
28935.33,442081.70,5375256.44,0.05230,-0.99863
28939.92,442081.97,5375251.42,0.05230,-0.99863
28944.52,442082.23,5375246.40,0.05230,-0.99863
28949.13,442082.49,5375241.38,0.05230,-0.99863
28953.75,442082.76,5375236.35,0.05230,-0.99863
28958.38,442083.02,5375231.33,0.05230,-0.99863
28963.01,442083.28,5375226.31,0.05230,-0.99863
28967.66,442083.55,5375221.29,0.05230,-0.99863
28972.31,442083.81,5375216.27,0.05230,-0.99863
28976.97,442084.07,5375211.25,0.05230,-0.99863
28981.63,442084.33,5375206.23,0.05230,-0.99863
28986.31,442084.60,5375201.21,0.05230,-0.99863
28990.99,442084.86,5375196.19,0.05230,-0.99863
28995.68,442085.12,5375191.16,0.05230,-0.99863
29000.37,442085.39,5375186.14,0.05230,-0.99863
29005.07,442085.65,5375181.12,0.05230,-0.99863
29009.80,442085.91,5375176.10,0.05230,-0.99863
29014.54,442086.18,5375171.08,0.05230,-0.99863
29019.31,442086.44,5375166.06,0.03500,-0.99939
29024.11,442086.53,5375161.03,0.00371,-0.99999
29028.92,442086.48,5375156.01,-0.01026,-0.99995
29033.77,442086.42,5375150.98,-0.01026,-0.99995
29038.63,442086.37,5375145.95,-0.01926,-0.99981
29043.51,442086.23,5375140.93,-0.04478,-0.99900
29048.42,442085.92,5375135.91,-0.06127,-0.99812
29053.36,442085.61,5375130.89,-0.08208,-0.99663
29058.31,442085.10,5375125.89,-0.12580,-0.99206
29063.27,442084.35,5375120.92,-0.14864,-0.98889
29068.25,442083.60,5375115.95,-0.14864,-0.98889
29073.23,442082.86,5375110.98,-0.15530,-0.98787
29078.22,442082.04,5375106.02,-0.18376,-0.98297
29083.21,442081.01,5375101.10,-0.20548,-0.97866
29088.20,442079.98,5375096.18,-0.20548,-0.97866
29093.20,442078.94,5375091.26,-0.20548,-0.97866
29098.20,442077.91,5375086.34,-0.22357,-0.97469
29103.20,442076.69,5375081.46,-0.24842,-0.96865
29108.20,442075.41,5375076.60,-0.25524,-0.96688
29113.20,442074.13,5375071.74,-0.25524,-0.96688
29118.19,442072.85,5375066.88,-0.25524,-0.96688
29123.19,442071.56,5375062.02,-0.28987,-0.95707
29128.18,442069.93,5375057.26,-0.32651,-0.94519
29133.17,442068.28,5375052.51,-0.32889,-0.94437
29138.15,442066.63,5375047.77,-0.32889,-0.94437
29143.14,442064.97,5375043.02,-0.32889,-0.94437
29148.13,442063.32,5375038.27,-0.32889,-0.94437
29153.11,442061.67,5375033.53,-0.32889,-0.94437
29158.10,442060.01,5375028.78,-0.32889,-0.94437
29163.09,442058.36,5375024.03,-0.32889,-0.94437
29168.08,442056.71,5375019.28,-0.32889,-0.94437
29173.07,442055.05,5375014.54,-0.32889,-0.94437
29178.05,442053.40,5375009.79,-0.32889,-0.94437
29183.04,442051.75,5375005.04,-0.32889,-0.94437
29188.03,442050.09,5375000.30,-0.32889,-0.94437
29193.02,442048.44,5374995.55,-0.32889,-0.94437
29198.02,442046.79,5374990.80,-0.32889,-0.94437
29203.02,442045.13,5374986.06,-0.31397,-0.94943
29208.02,442043.63,5374981.26,-0.27287,-0.96205
29213.02,442042.39,5374976.39,-0.24660,-0.96912
29218.02,442041.15,5374971.52,-0.24660,-0.96912
29223.02,442039.91,5374966.65,-0.24660,-0.96912
29228.01,442038.67,5374961.77,-0.24660,-0.96912
29233.01,442037.43,5374956.90,-0.24660,-0.96912
29238.00,442036.19,5374952.03,-0.22995,-0.97320
29242.99,442035.12,5374947.12,-0.19888,-0.98002
29247.97,442034.20,5374942.18,-0.18452,-0.98283
29252.94,442033.27,5374937.24,-0.17904,-0.98384
29257.90,442032.40,5374932.29,-0.14694,-0.98915
29262.85,442031.79,5374927.30,-0.12024,-0.99275
29267.78,442031.19,5374922.31,-0.10653,-0.99431
29272.69,442030.72,5374917.30,-0.07916,-0.99686
29277.58,442030.39,5374912.28,-0.06552,-0.99785
29282.44,442030.06,5374907.27,-0.04219,-0.99911
29287.27,442029.97,5374902.24,-0.01455,-0.99989
29292.04,442029.92,5374897.21,0.02900,-0.99958
29296.78,442030.26,5374892.21,0.09089,-0.99586
29301.50,442030.83,5374887.21,0.11340,-0.99355
29306.20,442031.40,5374882.21,0.11340,-0.99355
29310.90,442031.97,5374877.22,0.11340,-0.99355
29315.60,442032.54,5374872.22,0.11340,-0.99355
29320.28,442033.11,5374867.23,0.11340,-0.99355
29324.95,442033.68,5374862.23,0.12726,-0.99187
29329.58,442034.39,5374857.26,0.15464,-0.98797
29334.18,442035.23,5374852.30,0.16946,-0.98554
29338.73,442036.09,5374847.35,0.20898,-0.97792
29343.24,442037.33,5374842.48,0.24686,-0.96905
29347.70,442038.57,5374837.60,0.23874,-0.97108
29352.12,442039.72,5374832.76,0.27592,-0.96118
29356.51,442041.33,5374827.99,0.32032,-0.94731
29360.85,442042.94,5374823.23,0.32032,-0.94731
29365.14,442044.55,5374818.47,0.32359,-0.94620
29369.41,442046.20,5374813.72,0.36802,-0.92982
29373.68,442048.25,5374809.13,0.40847,-0.91277
29377.92,442050.30,5374804.55,0.40847,-0.91277
29382.09,442052.35,5374799.96,0.34482,-0.93867
29386.21,442053.75,5374795.16,0.37150,-0.92843
29390.25,442056.06,5374790.71,0.49598,-0.86833
29394.19,442058.73,5374786.45,0.53120,-0.84724
29398.09,442061.39,5374782.19,0.53120,-0.84724
29402.00,442064.06,5374777.94,0.53120,-0.84724
29405.93,442066.73,5374773.68,0.53120,-0.84724
29409.84,442069.40,5374769.42,0.53121,-0.84724
29413.71,442072.07,5374765.17,0.53121,-0.84724
29417.54,442074.74,5374760.91,0.55864,-0.82941
29421.33,442077.68,5374756.84,0.60186,-0.79860
29425.08,442080.78,5374752.89,0.61793,-0.78623
29428.84,442083.88,5374748.94,0.61793,-0.78623
29432.58,442086.99,5374745.00,0.61793,-0.78623
29436.30,442090.09,5374741.05,0.61793,-0.78623
29440.01,442093.19,5374737.10,0.61793,-0.78623
29443.73,442096.30,5374733.15,0.67570,-0.73718
29447.44,442099.95,5374729.72,0.74206,-0.67034
29451.16,442103.74,5374726.43,0.75410,-0.65676
29454.88,442107.52,5374723.13,0.75410,-0.65676
29458.59,442111.31,5374719.83,0.75410,-0.65676
29462.31,442115.09,5374716.54,0.75430,-0.65653
29466.02,442118.88,5374713.24,0.78587,-0.61839
29469.74,442122.97,5374710.34,0.81534,-0.57898
29473.45,442127.07,5374707.43,0.83873,-0.54454
29477.17,442131.38,5374704.88,0.87064,-0.49191
29480.89,442135.79,5374702.50,0.88022,-0.47456
29484.60,442140.21,5374700.12,0.88022,-0.47456
29488.34,442144.63,5374697.74,0.88023,-0.47456
29492.10,442149.04,5374695.36,0.88023,-0.47456
29495.89,442153.46,5374692.97,0.88023,-0.47455
29499.71,442157.88,5374690.59,0.88023,-0.47455
29503.55,442162.29,5374688.21,0.88023,-0.47455
29507.41,442166.71,5374685.83,0.88023,-0.47455
29511.30,442171.13,5374683.45,0.88023,-0.47455
29515.21,442175.54,5374681.07,0.88023,-0.47455
29519.12,442179.96,5374678.69,0.88023,-0.47455
29523.04,442184.38,5374676.31,0.88023,-0.47455
29526.97,442188.79,5374673.93,0.88716,-0.46147
29530.89,442193.28,5374671.68,0.89483,-0.44640
29534.82,442197.77,5374669.45,0.89577,-0.44452
29538.77,442202.27,5374667.22,0.89577,-0.44452
29542.74,442206.76,5374664.99,0.89577,-0.44451
29546.73,442211.25,5374662.76,0.89577,-0.44451
29550.74,442215.75,5374660.53,0.89577,-0.44451
29554.78,442220.24,5374658.30,0.89577,-0.44451
29558.83,442224.74,5374656.07,0.89577,-0.44451
29562.91,442229.23,5374653.84,0.89577,-0.44451
29567.00,442233.72,5374651.61,0.89577,-0.44451
29571.12,442238.22,5374649.38,0.89577,-0.44451
29575.25,442242.71,5374647.15,0.89577,-0.44451
29579.40,442247.21,5374644.92,0.89578,-0.44451
29583.57,442251.70,5374642.69,0.89578,-0.44451
29587.76,442256.20,5374640.46,0.89578,-0.44451
29591.96,442260.69,5374638.23,0.89578,-0.44450
29596.19,442265.18,5374636.00,0.89578,-0.44450
29600.43,442269.68,5374633.76,0.89578,-0.44450
29604.68,442274.17,5374631.53,0.89578,-0.44450
29608.95,442278.67,5374629.30,0.89578,-0.44450
29613.24,442283.16,5374627.07,0.89578,-0.44450
29617.54,442287.65,5374624.84,0.89578,-0.44450
29621.86,442292.15,5374622.61,0.89578,-0.44450
29626.21,442296.64,5374620.38,0.89578,-0.44450
29630.63,442301.14,5374618.15,0.89578,-0.44450
29635.13,442305.63,5374615.92,0.89578,-0.44450
29639.72,442310.13,5374613.69,0.86031,-0.50977
29644.37,442314.24,5374610.83,0.81534,-0.57898
29649.07,442318.30,5374607.89,0.81057,-0.58564
29653.80,442322.37,5374604.95,0.81057,-0.58564
29658.53,442326.44,5374602.01,0.81057,-0.58564
29663.28,442330.51,5374599.07,0.81057,-0.58564
29668.02,442334.58,5374596.13,0.81058,-0.58563
29672.77,442338.65,5374593.19,0.81058,-0.58563
29677.53,442342.71,5374590.25,0.81058,-0.58563
29682.30,442346.78,5374587.31,0.81058,-0.58563
29687.10,442350.85,5374584.37,0.81058,-0.58563
29691.94,442354.92,5374581.43,0.81030,-0.58601
29696.81,442358.99,5374578.49,0.77397,-0.63322
29701.70,442362.68,5374575.09,0.73523,-0.67782
29706.61,442366.37,5374571.68,0.73523,-0.67782
29711.52,442370.06,5374568.28,0.74521,-0.66683
29716.43,442373.81,5374565.02,0.73553,-0.67749
29721.35,442377.28,5374561.62,0.75578,-0.65483
29726.30,442381.26,5374558.57,0.78210,-0.62315
29731.26,442385.12,5374555.38,0.71343,-0.70073
29736.24,442388.39,5374551.56,0.65065,-0.75938
29741.23,442391.66,5374547.75,0.65065,-0.75938
29746.23,442394.93,5374543.94,0.65065,-0.75938
29751.22,442398.19,5374540.12,0.65065,-0.75938
29756.22,442401.46,5374536.31,0.65065,-0.75938
29761.21,442404.73,5374532.50,0.65065,-0.75938
29766.21,442408.00,5374528.68,0.65065,-0.75938
29771.20,442411.27,5374524.87,0.65065,-0.75938
29776.20,442414.53,5374521.05,0.65065,-0.75938
29781.19,442417.80,5374517.24,0.65065,-0.75938
29786.19,442421.07,5374513.43,0.65065,-0.75938
29791.18,442424.34,5374509.61,0.65065,-0.75937
29796.18,442427.60,5374505.80,0.65065,-0.75937
29801.17,442430.87,5374501.99,0.65065,-0.75937
29806.17,442434.14,5374498.17,0.65066,-0.75937
29811.16,442437.41,5374494.36,0.65066,-0.75937
29816.16,442440.67,5374490.54,0.65066,-0.75937
29821.15,442443.94,5374486.73,0.65066,-0.75937
29826.15,442447.21,5374482.92,0.65066,-0.75937
29831.15,442450.48,5374479.10,0.65066,-0.75937
29836.14,442453.75,5374475.29,0.65066,-0.75937
29841.14,442457.01,5374471.48,0.65066,-0.75937
29846.13,442460.28,5374467.66,0.65066,-0.75937
29851.13,442463.55,5374463.85,0.65066,-0.75937
29856.13,442466.82,5374460.03,0.65066,-0.75937
29861.12,442470.08,5374456.22,0.65066,-0.75937
29866.12,442473.35,5374452.41,0.65066,-0.75937
29871.12,442476.62,5374448.59,0.65066,-0.75937
29876.11,442479.89,5374444.78,0.65067,-0.75936
29881.11,442483.16,5374440.97,0.65067,-0.75936
29886.11,442486.42,5374437.15,0.65067,-0.75936
29891.10,442489.69,5374433.34,0.65067,-0.75936
29896.10,442492.96,5374429.52,0.65067,-0.75936
29901.10,442496.23,5374425.71,0.65067,-0.75936
29906.10,442499.50,5374421.90,0.63641,-0.77135
29911.10,442502.62,5374417.96,0.61997,-0.78462
29916.10,442505.72,5374414.02,0.61801,-0.78617
29921.10,442508.83,5374410.07,0.61801,-0.78617
29926.10,442511.93,5374406.12,0.61801,-0.78617
29931.10,442515.04,5374402.17,0.61801,-0.78617
29936.10,442518.14,5374398.22,0.61802,-0.78617
29941.10,442521.24,5374394.27,0.61802,-0.78617
29946.10,442524.35,5374390.32,0.61802,-0.78617
29951.10,442527.45,5374386.37,0.61802,-0.78616
29956.10,442530.56,5374382.43,0.61802,-0.78616
29961.10,442533.66,5374378.48,0.61802,-0.78616
29966.10,442536.76,5374374.53,0.61802,-0.78616
29971.08,442539.87,5374370.58,0.60407,-0.79693
29976.06,442542.83,5374366.53,0.54848,-0.83616
29981.03,442545.37,5374362.20,0.50576,-0.86267
29985.98,442547.91,5374357.86,0.50577,-0.86267
29990.94,442550.45,5374353.53,0.50577,-0.86267
29995.89,442552.99,5374349.19,0.50577,-0.86267
30000.84,442555.53,5374344.86,0.50577,-0.86267
30005.78,442558.07,5374340.52,0.50577,-0.86267
30010.70,442560.62,5374336.19,0.49387,-0.86954
30015.58,442563.03,5374331.79,0.44746,-0.89431
30020.42,442565.11,5374327.21,0.41242,-0.91099
30025.23,442567.18,5374322.63,0.37274,-0.92794
30030.00,442568.85,5374317.90,0.32353,-0.94622
30034.75,442570.43,5374313.13,0.31471,-0.94919
30039.50,442572.01,5374308.35,0.31471,-0.94919
30044.24,442573.59,5374303.58,0.31471,-0.94919
30048.98,442575.18,5374298.81,0.31471,-0.94919
30053.71,442576.76,5374294.04,0.31471,-0.94919
30058.40,442578.34,5374289.27,0.29538,-0.95538
30063.03,442579.73,5374284.44,0.26148,-0.96521
30067.60,442580.97,5374279.57,0.22876,-0.97348
30072.10,442582.02,5374274.66,0.16458,-0.98636
30076.57,442582.62,5374269.67,0.11846,-0.99296
30081.00,442583.22,5374264.68,0.11846,-0.99296
30085.44,442583.81,5374259.69,0.11846,-0.99296
30089.90,442584.41,5374254.69,0.11846,-0.99296
30094.36,442585.00,5374249.70,0.11846,-0.99296
30098.82,442585.60,5374244.71,0.11846,-0.99296
30103.28,442586.19,5374239.72,0.11846,-0.99296
30107.71,442586.79,5374234.72,0.11347,-0.99354
30112.12,442587.33,5374229.73,0.07933,-0.99685
30116.52,442587.59,5374224.70,0.05013,-0.99874
30120.90,442587.84,5374219.68,0.05013,-0.99874
30125.30,442588.09,5374214.66,0.05013,-0.99874
30129.71,442588.34,5374209.64,0.05013,-0.99874
30134.14,442588.59,5374204.62,0.05013,-0.99874
30138.61,442588.85,5374199.60,0.05013,-0.99874
30143.10,442589.10,5374194.57,0.06750,-0.99772
30147.61,442589.53,5374189.57,0.08820,-0.99610
30152.14,442589.99,5374184.56,0.09156,-0.99580
30156.69,442590.45,5374179.55,0.06913,-0.99761
30161.27,442590.68,5374174.54,0.06913,-0.99761
30165.88,442591.14,5374169.53,0.09156,-0.99580
30170.50,442591.60,5374164.52,0.12715,-0.99188
30175.14,442592.42,5374159.57,0.13464,-0.99089
30179.80,442592.95,5374154.57,0.10326,-0.99465
30184.49,442593.46,5374149.57,0.09994,-0.99499
30189.21,442593.96,5374144.57,0.09994,-0.99499
30193.96,442594.46,5374139.56,0.17917,-0.98382
30198.75,442595.74,5374134.79,0.20606,-0.97854
30203.57,442596.51,5374129.83,0.15381,-0.98810
30208.41,442597.28,5374124.86,0.22595,-0.97414
30213.27,442598.78,5374120.06,0.24158,-0.97038
30218.17,442599.71,5374115.12,0.18548,-0.98265
30223.10,442600.64,5374110.18,0.25229,-0.96765
30228.04,442602.24,5374105.43,0.33505,-0.94220
30233.01,442604.00,5374100.72,0.35186,-0.93605
30237.99,442605.77,5374096.02,0.35186,-0.93605
30242.98,442607.54,5374091.31,0.35186,-0.93605
30247.98,442609.31,5374086.61,0.35849,-0.93353
30252.98,442611.14,5374081.93,0.42402,-0.90565
30257.98,442613.56,5374077.53,0.48114,-0.87664
30262.97,442615.98,5374073.12,0.48114,-0.87664
30267.97,442618.40,5374068.72,0.48115,-0.87664
30272.96,442620.81,5374064.31,0.48115,-0.87664
30277.94,442623.23,5374059.91,0.48115,-0.87664
30282.92,442625.65,5374055.50,0.50810,-0.86130
30287.88,442628.33,5374051.26,0.56045,-0.82819
30292.82,442631.27,5374047.19,0.58569,-0.81053
30297.74,442634.22,5374043.12,0.58569,-0.81053
30302.65,442637.16,5374039.05,0.58569,-0.81053
30307.55,442640.10,5374034.98,0.62421,-0.78125
30312.44,442643.39,5374031.25,0.63968,-0.76864
30317.31,442646.48,5374027.31,0.63592,-0.77175
30322.18,442649.77,5374023.51,0.65410,-0.75641
30327.05,442653.05,5374019.71,0.65410,-0.75641
30331.92,442656.34,5374015.91,0.65410,-0.75641
30336.79,442659.62,5374012.11,0.65410,-0.75641
30341.66,442662.91,5374008.31,0.65410,-0.75641
30346.54,442666.19,5374004.52,0.65410,-0.75641
30351.42,442669.48,5374000.72,0.65410,-0.75640
30356.30,442672.76,5373996.92,0.65410,-0.75640
30361.18,442676.05,5373993.12,0.65411,-0.75640
30366.07,442679.33,5373989.32,0.65411,-0.75640
30370.96,442682.62,5373985.52,0.65411,-0.75640
30375.85,442685.90,5373981.72,0.65411,-0.75640
30380.74,442689.19,5373977.92,0.65411,-0.75640
30385.64,442692.47,5373974.12,0.65411,-0.75640
30390.54,442695.76,5373970.32,0.65411,-0.75640
30395.44,442699.04,5373966.53,0.65411,-0.75640
30400.35,442702.33,5373962.73,0.65411,-0.75640
30405.27,442705.61,5373958.93,0.65411,-0.75640
30410.21,442708.90,5373955.13,0.65411,-0.75640
30415.17,442712.18,5373951.33,0.61520,-0.78837
30420.14,442715.07,5373947.22,0.57416,-0.81874
30425.12,442717.95,5373943.10,0.57360,-0.81914
30430.10,442720.83,5373938.99,0.57360,-0.81913
30435.08,442723.72,5373934.87,0.57360,-0.81913
30440.07,442726.60,5373930.76,0.57360,-0.81913
30445.07,442729.48,5373926.64,0.57360,-0.81913
30450.07,442732.36,5373922.53,0.52557,-0.85075
30455.07,442734.75,5373918.11,0.47093,-0.88217
30460.06,442737.09,5373913.67,0.46607,-0.88475
30465.05,442739.43,5373909.22,0.46607,-0.88475
30470.03,442741.78,5373904.77,0.43506,-0.90040
30475.00,442743.80,5373900.18,0.39960,-0.91669
30479.94,442745.79,5373895.56,0.39568,-0.91839
30484.85,442747.78,5373890.95,0.35161,-0.93615
30489.73,442749.32,5373886.16,0.30126,-0.95354
30494.56,442750.81,5373881.36,0.26053,-0.96546
30499.35,442751.94,5373876.46,0.22497,-0.97437
30504.10,442753.07,5373871.56,0.20395,-0.97898
30508.83,442753.97,5373866.73,0.17603,-0.98438
30513.53,442754.81,5373861.81,0.15131,-0.98849
30518.21,442755.48,5373856.83,0.13291,-0.99113
30522.87,442756.15,5373851.85,0.13291,-0.99113
30527.50,442756.82,5373846.87,0.13291,-0.99113
30532.10,442757.49,5373841.88,0.09660,-0.99532
30536.67,442757.79,5373836.87,0.04958,-0.99877
30541.23,442757.99,5373831.84,0.03903,-0.99924
30545.76,442758.18,5373826.82,0.03903,-0.99924
30550.26,442758.38,5373821.79,0.03903,-0.99924
30554.70,442758.57,5373816.77,0.03903,-0.99924
30559.08,442758.77,5373811.75,-0.02465,-0.99970
30563.40,442758.33,5373806.75,-0.10427,-0.99455
30567.64,442757.72,5373801.76,-0.12013,-0.99276
30571.82,442757.12,5373796.76,-0.12013,-0.99276
30575.95,442756.52,5373791.77,-0.13264,-0.99116
30580.04,442755.79,5373786.85,-0.19175,-0.98144
30584.09,442754.60,5373781.97,-0.23174,-0.97278
30588.09,442753.46,5373777.07,-0.22611,-0.97410
30592.03,442752.33,5373772.17,-0.22611,-0.97410
30595.89,442751.19,5373767.28,-0.23612,-0.97172
30599.69,442749.95,5373762.41,-0.31170,-0.95018
30603.40,442748.07,5373757.75,-0.37576,-0.92672
30607.12,442746.18,5373753.09,-0.37576,-0.92672
30610.84,442744.29,5373748.44,-0.37576,-0.92672
30614.55,442742.40,5373743.78,-0.37576,-0.92672
30618.27,442740.51,5373739.12,-0.37576,-0.92672
30621.98,442738.62,5373734.46,-0.42749,-0.90402
30625.70,442736.23,5373730.06,-0.49776,-0.86732
30629.42,442733.63,5373725.76,-0.51722,-0.85585
30633.13,442731.03,5373721.46,-0.51722,-0.85585
30636.86,442728.43,5373717.16,-0.51722,-0.85585
30640.58,442725.83,5373712.86,-0.51722,-0.85585
30644.30,442723.23,5373708.56,-0.51722,-0.85585
30648.01,442720.63,5373704.26,-0.54025,-0.84150
30651.73,442717.81,5373700.11,-0.56931,-0.82212
30655.44,442714.91,5373696.00,-0.57569,-0.81767
30659.17,442712.02,5373691.89,-0.57569,-0.81767
30662.92,442709.13,5373687.78,-0.57569,-0.81766
30666.70,442706.24,5373683.68,-0.57570,-0.81766
30670.50,442703.34,5373679.57,-0.57570,-0.81766
30674.33,442700.45,5373675.46,-0.57570,-0.81766
30678.18,442697.56,5373671.35,-0.57570,-0.81766
30682.06,442694.67,5373667.24,-0.57570,-0.81766
30685.96,442691.78,5373663.14,-0.57570,-0.81766
30689.89,442688.88,5373659.03,-0.57570,-0.81766
30693.83,442685.99,5373654.92,-0.57570,-0.81766
30697.80,442683.10,5373650.81,-0.57570,-0.81766
30701.80,442680.21,5373646.70,-0.57570,-0.81766
30705.81,442677.31,5373642.60,-0.57570,-0.81766
30709.84,442674.42,5373638.49,-0.57570,-0.81766
30713.90,442671.53,5373634.38,-0.57570,-0.81766
30717.97,442668.64,5373630.27,-0.57570,-0.81766
30722.08,442665.74,5373626.16,-0.57570,-0.81766
30726.22,442662.85,5373622.06,-0.57571,-0.81766
30730.41,442659.96,5373617.95,-0.57545,-0.81784
30734.64,442657.07,5373613.84,-0.55556,-0.83148
30738.92,442654.38,5373609.60,-0.53561,-0.84446
30743.27,442651.69,5373605.35,-0.53561,-0.84446
30747.67,442649.00,5373601.11,-0.53224,-0.84660
30752.12,442646.34,5373596.85,-0.50057,-0.86570
30756.66,442643.97,5373592.42,-0.47175,-0.88173
30761.28,442641.60,5373587.98,-0.47175,-0.88173
30765.97,442639.23,5373583.55,-0.43107,-0.90232
30770.71,442637.28,5373578.94,-0.36288,-0.93184
30775.50,442635.59,5373574.20,-0.33614,-0.94181
30780.31,442633.90,5373569.47,-0.33614,-0.94181
30785.14,442632.21,5373564.73,-0.33614,-0.94181
30789.99,442630.52,5373560.00,-0.33614,-0.94181
30794.85,442628.83,5373555.26,-0.30973,-0.95082
30799.74,442627.40,5373550.45,-0.27487,-0.96148
30804.66,442626.06,5373545.60,-0.30133,-0.95352
30809.61,442624.40,5373540.92,-0.27096,-0.96259
30814.57,442623.36,5373536.00,-0.20543,-0.97867
30819.55,442622.33,5373531.08,-0.16476,-0.98633
30824.55,442621.71,5373526.09,-0.16182,-0.98682
30829.55,442620.71,5373521.21,-0.12845,-0.99172
30834.54,442620.43,5373516.19,-0.08076,-0.99673
30839.54,442619.90,5373511.19,-0.06032,-0.99818
30844.51,442619.82,5373506.17,-0.01304,-0.99992
30849.47,442619.77,5373501.14,0.02204,-0.99976
30854.41,442620.04,5373496.13,0.08554,-0.99633
30859.33,442620.63,5373491.13,0.11666,-0.99317
30864.23,442621.21,5373486.14,0.11666,-0.99317
30869.13,442621.80,5373481.15,0.11666,-0.99317
30874.02,442622.39,5373476.15,0.11666,-0.99317
30878.90,442622.97,5373471.16,0.13803,-0.99043
30883.76,442623.77,5373466.20,0.16794,-0.98580
30888.59,442624.66,5373461.25,0.17652,-0.98430
30893.39,442625.55,5373456.30,0.19641,-0.98052
30898.15,442626.64,5373451.40,0.23167,-0.97279
30902.87,442627.88,5373446.52,0.25865,-0.96597
30907.56,442629.23,5373441.69,0.30087,-0.95367
30912.22,442630.90,5373436.95,0.33116,-0.94357
30916.87,442632.56,5373432.20,0.33116,-0.94357
30921.52,442634.23,5373427.46,0.33117,-0.94357
30926.17,442635.89,5373422.72,0.33117,-0.94357
30930.80,442637.56,5373417.97,0.33117,-0.94357
30935.38,442639.22,5373413.23,0.33117,-0.94357
30939.91,442640.89,5373408.49,0.36943,-0.92926
30944.38,442642.93,5373403.91,0.44267,-0.89668
30948.80,442645.33,5373399.50,0.47735,-0.87871
30953.19,442647.72,5373395.08,0.47735,-0.87871
30957.59,442650.12,5373390.66,0.47735,-0.87871
30962.00,442652.52,5373386.25,0.47735,-0.87871
30966.42,442654.92,5373381.83,0.47736,-0.87871
30970.86,442657.32,5373377.42,0.47736,-0.87871
30975.30,442659.72,5373373.00,0.47736,-0.87871
30979.76,442662.12,5373368.59,0.47736,-0.87871
30984.24,442664.52,5373364.17,0.47736,-0.87871
30988.72,442666.91,5373359.76,0.47736,-0.87871
30993.21,442669.31,5373355.34,0.47736,-0.87871
30997.72,442671.71,5373350.92,0.47736,-0.87871
31002.23,442674.11,5373346.51,0.47736,-0.87871
31006.76,442676.51,5373342.09,0.47736,-0.87871
31011.30,442678.91,5373337.68,0.47736,-0.87871
31015.85,442681.31,5373333.26,0.47736,-0.87871
31020.42,442683.71,5373328.85,0.47736,-0.87871
31025.03,442686.11,5373324.43,0.47736,-0.87871
31029.68,442688.50,5373320.01,0.46700,-0.88426
31034.38,442690.80,5373315.55,0.42636,-0.90455
31039.10,442692.79,5373310.93,0.39571,-0.91837
31043.86,442694.77,5373306.32,0.39571,-0.91837
31048.64,442696.76,5373301.70,0.39571,-0.91837
31053.44,442698.75,5373297.08,0.39571,-0.91837
31058.28,442700.74,5373292.47,0.37559,-0.92679
31063.16,442702.52,5373287.78,0.33055,-0.94379
31068.06,442704.06,5373282.99,0.30564,-0.95215
31072.99,442705.60,5373278.20,0.29142,-0.95659
31077.92,442706.99,5373273.38,0.23578,-0.97181
31082.86,442707.96,5373268.46,0.24171,-0.97035
31087.81,442709.41,5373263.65,0.28874,-0.95741
31092.77,442710.86,5373258.83,0.28874,-0.95741
31097.74,442712.32,5373254.02,0.26201,-0.96507
31102.73,442713.49,5373249.15,0.18568,-0.98261
31107.73,442714.18,5373244.17,0.13603,-0.99070
31112.73,442714.86,5373239.19,0.13603,-0.99070
31117.73,442715.55,5373234.21,0.11965,-0.99282
31122.72,442716.06,5373229.21,0.07027,-0.99753
31127.72,442716.25,5373224.19,0.03728,-0.99930
31132.71,442716.44,5373219.16,0.06904,-0.99761
31137.69,442716.94,5373214.19,0.08224,-0.99661
31142.67,442717.26,5373209.22,0.02651,-0.99965
31147.63,442717.21,5373204.19,-0.01014,-0.99995
31152.57,442717.16,5373199.16,-0.01866,-0.99983
31157.49,442717.02,5373194.14,-0.05549,-0.99846
31162.39,442716.60,5373189.13,-0.08374,-0.99649
31167.25,442716.18,5373184.12,-0.08374,-0.99649
31172.08,442715.76,5373179.11,-0.14331,-0.98968
31176.89,442714.76,5373174.31,-0.20742,-0.97825
31181.67,442713.70,5373169.40,-0.20634,-0.97848
31186.45,442712.68,5373164.48,-0.20174,-0.97944
31191.24,442711.67,5373159.55,-0.20174,-0.97944
31196.03,442710.66,5373154.63,-0.20174,-0.97944
31200.81,442709.64,5373149.70,-0.20174,-0.97944
31205.57,442708.63,5373144.78,-0.20175,-0.97944
31210.29,442707.61,5373139.85,-0.21924,-0.97567
31214.99,442706.42,5373134.98,-0.27424,-0.96166
31219.66,442704.86,5373130.20,-0.31133,-0.95030
31224.29,442703.29,5373125.42,-0.31133,-0.95030
31228.91,442701.73,5373120.65,-0.31133,-0.95030
31233.50,442700.16,5373115.87,-0.32528,-0.94562
31238.08,442698.46,5373111.14,-0.35639,-0.93434
31242.64,442696.58,5373106.48,-0.37347,-0.92764
31247.18,442694.71,5373101.82,-0.37347,-0.92764
31251.70,442692.83,5373097.15,-0.38237,-0.92401
31256.21,442690.86,5373092.53,-0.40400,-0.91476
31260.72,442688.77,5373087.96,-0.41668,-0.90905
31265.22,442686.67,5373083.39,-0.41668,-0.90905
31269.73,442684.58,5373078.82,-0.41668,-0.90905
31274.26,442682.49,5373074.25,-0.41668,-0.90905
31278.79,442680.39,5373069.69,-0.41668,-0.90905
31283.33,442678.30,5373065.12,-0.41668,-0.90905
31287.89,442676.20,5373060.55,-0.41668,-0.90905
31292.45,442674.11,5373055.98,-0.41668,-0.90905
31297.02,442672.01,5373051.41,-0.41668,-0.90905
31301.61,442669.92,5373046.84,-0.41668,-0.90905
31306.20,442667.83,5373042.27,-0.41668,-0.90905
31310.80,442665.73,5373037.70,-0.41668,-0.90905
31315.41,442663.64,5373033.13,-0.41669,-0.90905
31320.04,442661.54,5373028.56,-0.41669,-0.90905
31324.71,442659.45,5373024.00,-0.41669,-0.90905
31329.41,442657.35,5373019.43,-0.40173,-0.91576
31334.15,442655.41,5373014.79,-0.36853,-0.92962
31338.94,442653.65,5373010.09,-0.35028,-0.93665
31343.77,442651.89,5373005.38,-0.32310,-0.94637
31348.61,442650.41,5373000.58,-0.29147,-0.95658
31353.48,442648.96,5372995.76,-0.28729,-0.95784
31358.36,442647.52,5372990.95,-0.28729,-0.95784
31363.26,442646.07,5372986.13,-0.28729,-0.95784
31368.19,442644.63,5372981.32,-0.25912,-0.96585
31373.15,442643.47,5372976.43,-0.20953,-0.97780
31378.12,442642.52,5372971.49,-0.18550,-0.98264
31383.10,442641.60,5372966.55,-0.15825,-0.98740
31388.09,442640.93,5372961.57,-0.13370,-0.99102
31393.09,442640.26,5372956.58,-0.13370,-0.99102
31398.09,442639.59,5372951.60,-0.10060,-0.99493
31403.09,442639.25,5372946.60,-0.03872,-0.99925
31408.08,442639.20,5372941.57,-0.01015,-0.99995
31413.07,442639.15,5372936.54,-0.01015,-0.99995
31418.06,442639.10,5372931.51,-0.01015,-0.99995
31423.03,442639.05,5372926.48,-0.00962,-0.99995
31427.97,442639.00,5372921.46,0.03770,-0.99929
31432.89,442639.42,5372916.45,0.10909,-0.99403
31437.77,442640.10,5372911.47,0.16298,-0.98663
31442.63,442641.06,5372906.54,0.19202,-0.98139
31447.48,442642.03,5372901.60,0.19202,-0.98139
31452.31,442642.99,5372896.67,0.19202,-0.98139
31457.09,442643.96,5372891.74,0.19202,-0.98139
31461.79,442644.92,5372886.80,0.19202,-0.98139
31466.39,442645.89,5372881.87,0.31900,-0.94775
31470.87,442648.10,5372877.37,0.45249,-0.89177
31475.27,442650.43,5372872.92,0.46393,-0.88587
31479.64,442652.76,5372868.47,0.46393,-0.88587
31484.02,442655.09,5372864.02,0.46394,-0.88587
31488.42,442657.42,5372859.56,0.46394,-0.88587
31492.82,442659.75,5372855.11,0.46394,-0.88587
31497.24,442662.09,5372850.66,0.46394,-0.88587
31501.68,442664.42,5372846.21,0.46394,-0.88587
31506.12,442666.75,5372841.76,0.46394,-0.88587
31510.58,442669.08,5372837.31,0.46394,-0.88587
31515.05,442671.41,5372832.85,0.46394,-0.88587
31519.53,442673.74,5372828.40,0.46394,-0.88587
31524.02,442676.07,5372823.95,0.46394,-0.88587
31528.52,442678.41,5372819.50,0.46394,-0.88587
31533.04,442680.74,5372815.05,0.46394,-0.88587
31537.56,442683.07,5372810.59,0.46394,-0.88586
31542.10,442685.40,5372806.14,0.46394,-0.88586
31546.64,442687.73,5372801.69,0.46394,-0.88586
31551.20,442690.06,5372797.24,0.46395,-0.88586
31555.76,442692.39,5372792.79,0.46395,-0.88586
31560.33,442694.73,5372788.34,0.46395,-0.88586
31564.92,442697.06,5372783.88,0.46395,-0.88586
31569.51,442699.39,5372779.43,0.46395,-0.88586
31574.11,442701.72,5372774.98,0.46395,-0.88586
31578.72,442704.05,5372770.53,0.46395,-0.88586
31583.34,442706.38,5372766.08,0.46395,-0.88586
31587.97,442708.72,5372761.62,0.46395,-0.88586
31592.60,442711.05,5372757.17,0.46395,-0.88586
31597.24,442713.38,5372752.72,0.46395,-0.88586
31601.89,442715.71,5372748.27,0.46395,-0.88586
31606.55,442718.04,5372743.82,0.46395,-0.88586
31611.22,442720.37,5372739.37,0.46395,-0.88586
31615.89,442722.70,5372734.91,0.46396,-0.88586
31620.57,442725.04,5372730.46,0.46396,-0.88586
31625.26,442727.37,5372726.01,0.46396,-0.88586
31629.95,442729.70,5372721.56,0.46396,-0.88586
31634.63,442732.03,5372717.11,0.46396,-0.88586
31639.31,442734.36,5372712.66,0.46396,-0.88586
31644.00,442736.69,5372708.20,0.49474,-0.86904
31648.71,442739.33,5372703.93,0.50019,-0.86591
31653.44,442741.71,5372699.51,0.45844,-0.88872
31658.20,442743.93,5372695.01,0.44174,-0.89715
31662.98,442746.15,5372690.50,0.44174,-0.89714
31667.77,442748.37,5372685.99,0.44174,-0.89714
31672.58,442750.59,5372681.48,0.44174,-0.89714
31677.42,442752.81,5372676.97,0.42683,-0.90433
31682.27,442754.88,5372672.39,0.39602,-0.91824
31687.15,442756.79,5372667.74,0.38013,-0.92493
31692.03,442758.70,5372663.10,0.38013,-0.92493
31696.92,442760.61,5372658.45,0.38013,-0.92493
31701.80,442762.52,5372653.80,0.38013,-0.92493
31706.70,442764.43,5372649.15,0.38014,-0.92493
31711.59,442766.35,5372644.50,0.38014,-0.92493
31716.49,442768.26,5372639.85,0.38014,-0.92493
31721.40,442770.17,5372635.20,0.38014,-0.92493
31726.32,442772.08,5372630.55,0.38014,-0.92493
31731.25,442773.99,5372625.90,0.35765,-0.93385
31736.21,442775.67,5372621.17,0.33310,-0.94289
31741.17,442777.34,5372616.43,0.32004,-0.94740
31746.13,442778.89,5372611.65,0.28654,-0.95807
31751.10,442780.22,5372606.80,0.28873,-0.95741
31756.08,442781.79,5372602.03,0.32220,-0.94667
31761.05,442783.45,5372597.28,0.30849,-0.95123
31766.02,442784.88,5372592.50,0.28732,-0.95783
31770.99,442786.33,5372587.71,0.30182,-0.95337
31775.96,442787.91,5372582.94,0.31429,-0.94933
31780.92,442789.49,5372578.16,0.31429,-0.94933
31785.89,442791.07,5372573.39,0.31429,-0.94933
31790.86,442792.65,5372568.62,0.31429,-0.94933
31795.83,442794.23,5372563.85,0.31429,-0.94933
31800.80,442795.81,5372559.08,0.31429,-0.94933
31805.77,442797.39,5372554.30,0.31429,-0.94933
31810.74,442798.97,5372549.53,0.31429,-0.94933
31815.71,442800.55,5372544.76,0.31429,-0.94933
31820.69,442802.13,5372539.99,0.31429,-0.94933
31825.66,442803.71,5372535.22,0.31429,-0.94933
31830.63,442805.29,5372530.44,0.31429,-0.94933
31835.61,442806.87,5372525.67,0.31429,-0.94933
31840.58,442808.45,5372520.90,0.31429,-0.94933
31845.56,442810.02,5372516.13,0.31429,-0.94933
31850.53,442811.60,5372511.35,0.31429,-0.94933
31855.51,442813.18,5372506.58,0.31429,-0.94933
31860.49,442814.76,5372501.81,0.31429,-0.94933
31865.46,442816.34,5372497.04,0.31430,-0.94933
31870.44,442817.92,5372492.27,0.31430,-0.94933
31875.42,442819.50,5372487.49,0.31430,-0.94933
31880.40,442821.08,5372482.72,0.31430,-0.94932
31885.38,442822.66,5372477.95,0.31430,-0.94932
31890.36,442824.24,5372473.18,0.31430,-0.94932
31895.34,442825.82,5372468.41,0.31430,-0.94932
31900.32,442827.40,5372463.63,0.31430,-0.94932
31905.30,442828.98,5372458.86,0.31430,-0.94932
31910.26,442830.56,5372454.09,0.31430,-0.94932
31915.21,442832.14,5372449.32,0.31861,-0.94788
31920.15,442833.77,5372444.56,0.38281,-0.92383
31925.06,442835.98,5372440.05,0.44111,-0.89745
31929.95,442838.20,5372435.54,0.44111,-0.89745
31934.83,442840.42,5372431.03,0.44111,-0.89745
31939.72,442842.63,5372426.52,0.44111,-0.89745
31944.59,442844.85,5372422.01,0.44111,-0.89745
31949.45,442847.07,5372417.50,0.44112,-0.89745
31954.28,442849.28,5372412.99,0.47965,-0.87746
31959.09,442851.88,5372408.69,0.52221,-0.85282
31963.89,442854.53,5372404.42,0.52709,-0.84981
31968.67,442857.18,5372400.15,0.52710,-0.84981
31973.44,442859.83,5372395.88,0.52710,-0.84981
31978.19,442862.48,5372391.61,0.53107,-0.84733
31982.92,442865.16,5372387.37,0.56387,-0.82586
31987.64,442868.14,5372383.32,0.59204,-0.80591
31992.34,442871.11,5372379.27,0.59204,-0.80591
31997.04,442874.09,5372375.22,0.59204,-0.80591
32001.75,442877.06,5372371.17,0.59204,-0.80591
32006.46,442880.04,5372367.12,0.59204,-0.80591
32011.16,442883.01,5372363.08,0.59204,-0.80591
32015.84,442885.98,5372359.03,0.59204,-0.80591
32020.49,442888.96,5372354.98,0.61303,-0.79006
32025.11,442892.14,5372351.10,0.65051,-0.75950
32029.71,442895.49,5372347.35,0.66707,-0.74500
32034.30,442898.84,5372343.61,0.66707,-0.74500
32038.89,442902.19,5372339.87,0.66707,-0.74500
32043.47,442905.54,5372336.13,0.66707,-0.74500
32048.01,442908.89,5372332.39,0.66707,-0.74500
32052.51,442912.24,5372328.64,0.68381,-0.72966
32056.96,442915.75,5372325.07,0.72988,-0.68358
32061.36,442919.56,5372321.79,0.75815,-0.65208
32065.73,442923.37,5372318.52,0.75815,-0.65207
32070.07,442927.17,5372315.24,0.75816,-0.65207
32074.39,442930.98,5372311.97,0.76993,-0.63813
32078.69,442934.90,5372308.84,0.79107,-0.61173
32082.98,442938.92,5372305.83,0.80049,-0.59935
32087.27,442942.94,5372302.82,0.80049,-0.59934
32091.56,442946.96,5372299.81,0.80049,-0.59934
32095.85,442950.98,5372296.80,0.80049,-0.59934
32100.12,442955.00,5372293.79,0.80049,-0.59934
32104.36,442959.01,5372290.78,0.81123,-0.58472
32108.57,442963.14,5372287.92,0.83550,-0.54949
32112.75,442967.40,5372285.27,0.84877,-0.52877
32116.93,442971.66,5372282.62,0.84877,-0.52877
32121.12,442975.92,5372279.96,0.84877,-0.52877
32125.30,442980.18,5372277.31,0.84877,-0.52877
32129.46,442984.44,5372274.65,0.84877,-0.52876
32133.59,442988.70,5372272.00,0.85370,-0.52076
32137.67,442993.01,5372269.43,0.87880,-0.47719
32141.72,442997.51,5372267.22,0.89755,-0.44091
32145.76,443002.01,5372265.00,0.89755,-0.44091
32149.80,443006.52,5372262.79,0.89755,-0.44091
32153.84,443011.02,5372260.58,0.89755,-0.44091
32157.85,443015.53,5372258.36,0.89755,-0.44091
32161.86,443020.03,5372256.15,0.89778,-0.44044
32165.83,443024.54,5372253.94,0.92904,-0.36999
32169.75,443029.33,5372252.45,0.92408,-0.38221
32173.63,443033.57,5372250.21,0.91935,-0.39344
32177.50,443038.32,5372248.60,0.94726,-0.32047
32181.35,443043.07,5372246.99,0.94726,-0.32047
32185.19,443047.83,5372245.39,0.94726,-0.32047
32189.04,443052.58,5372243.78,0.94726,-0.32047
32192.86,443057.33,5372242.17,0.94726,-0.32047
32196.64,443062.09,5372240.56,0.94864,-0.31634
32200.37,443066.85,5372239.00,0.96480,-0.26298
32204.08,443071.75,5372237.93,0.97704,-0.21307
32207.80,443076.65,5372236.86,0.97704,-0.21307
32211.53,443081.56,5372235.79,0.97704,-0.21307
32215.28,443086.46,5372234.72,0.97704,-0.21307
32219.05,443091.36,5372233.65,0.97704,-0.21307
32222.81,443096.26,5372232.58,0.97704,-0.21307
32226.53,443101.16,5372231.51,0.97704,-0.21307
32230.24,443106.07,5372230.44,0.98171,-0.19036
32233.96,443111.00,5372229.60,0.99204,-0.12593
32237.68,443116.00,5372229.18,0.99645,-0.08419
32241.39,443121.00,5372228.76,0.99645,-0.08419
32245.12,443126.00,5372228.34,0.99645,-0.08419
32248.88,443131.00,5372227.91,0.99645,-0.08419
32252.66,443136.00,5372227.49,0.99645,-0.08419
32256.47,443141.00,5372227.07,0.99645,-0.08419
32260.30,443145.99,5372226.65,0.99645,-0.08419
32264.16,443150.99,5372226.23,0.99645,-0.08419
32268.04,443155.99,5372225.80,0.99645,-0.08418
32271.95,443160.99,5372225.38,0.99645,-0.08418
32275.88,443165.99,5372224.96,0.99645,-0.08418
32279.83,443170.99,5372224.54,0.99645,-0.08418
32283.80,443175.99,5372224.11,0.99645,-0.08418
32287.80,443180.99,5372223.69,0.99645,-0.08418
32291.82,443185.99,5372223.27,0.99645,-0.08418
32295.86,443190.98,5372222.85,0.99645,-0.08418
32299.91,443195.98,5372222.42,0.99645,-0.08418
32303.99,443200.98,5372222.00,0.99645,-0.08418
32308.09,443205.98,5372221.58,0.99645,-0.08418
32312.21,443210.98,5372221.16,0.99645,-0.08417
32316.35,443215.98,5372220.74,0.99645,-0.08417
32320.51,443220.98,5372220.31,0.99645,-0.08417
32324.68,443225.98,5372219.89,0.99645,-0.08417
32328.87,443230.98,5372219.47,0.99645,-0.08417
32333.08,443235.98,5372219.05,0.99645,-0.08417
32337.31,443240.97,5372218.62,0.99645,-0.08417
32341.55,443245.97,5372218.20,0.99645,-0.08417
32345.81,443250.97,5372217.78,0.99645,-0.08417
32350.08,443255.97,5372217.36,0.99645,-0.08417
32354.37,443260.97,5372216.94,0.99645,-0.08417
32358.68,443265.97,5372216.51,0.99645,-0.08416
32363.00,443270.97,5372216.09,0.99645,-0.08416
32367.34,443275.97,5372215.67,0.99645,-0.08416
32371.69,443280.97,5372215.25,0.99645,-0.08416
32376.05,443285.96,5372214.82,0.99645,-0.08416
32380.43,443290.96,5372214.40,0.99645,-0.08416
32384.82,443295.96,5372213.98,0.99645,-0.08416
32389.22,443300.96,5372213.56,0.99645,-0.08416
32393.64,443305.96,5372213.14,0.99645,-0.08416
32398.07,443310.96,5372212.71,0.99645,-0.08416
32402.51,443315.96,5372212.29,0.99645,-0.08416
32406.97,443320.96,5372211.87,0.99645,-0.08415
32411.43,443325.96,5372211.45,0.99645,-0.08415
32415.91,443330.95,5372211.02,0.99645,-0.08415
32420.40,443335.95,5372210.60,0.99645,-0.08415
32424.90,443340.95,5372210.18,0.99645,-0.08415
32429.42,443345.95,5372209.76,0.99645,-0.08415
32433.99,443350.95,5372209.34,0.99645,-0.08415
32438.62,443355.95,5372208.91,0.99645,-0.08415
32443.32,443360.95,5372208.49,0.99162,-0.12922
32448.08,443365.87,5372207.62,0.97788,-0.20917
32452.90,443370.74,5372206.40,0.96983,-0.24380
32457.76,443375.60,5372205.17,0.96983,-0.24380
32462.65,443380.47,5372203.95,0.96052,-0.27820
32467.57,443385.23,5372202.39,0.94669,-0.32214
32472.49,443389.97,5372200.72,0.94330,-0.33196
32477.43,443394.70,5372199.05,0.94330,-0.33195
32482.36,443399.43,5372197.39,0.94330,-0.33195
32487.29,443404.17,5372195.72,0.94330,-0.33195
32492.22,443408.90,5372194.06,0.94330,-0.33195
32497.16,443413.63,5372192.39,0.94330,-0.33195
32502.12,443418.37,5372190.73,0.96310,-0.26915
32507.10,443423.20,5372189.72,0.94230,-0.33476
32512.10,443427.67,5372187.42,0.88933,-0.45726
32517.10,443432.13,5372185.13,0.88933,-0.45726
32522.09,443436.59,5372182.83,0.87798,-0.47870
32527.09,443440.94,5372180.32,0.85892,-0.51211
32532.08,443445.21,5372177.69,0.85158,-0.52423
32537.07,443449.49,5372175.06,0.85158,-0.52423
32542.06,443453.76,5372172.43,0.85158,-0.52423
32547.05,443458.04,5372169.80,0.85158,-0.52423
32552.03,443462.31,5372167.17,0.85158,-0.52423
32557.00,443466.58,5372164.54,0.83036,-0.55722
32561.95,443470.64,5372161.58,0.80050,-0.59933
32566.90,443474.62,5372158.52,0.79304,-0.60917
32571.84,443478.60,5372155.46,0.79304,-0.60917
32576.77,443482.58,5372152.40,0.79304,-0.60916
32581.68,443486.56,5372149.35,0.79304,-0.60916
32586.57,443490.54,5372146.29,0.76531,-0.64366
32591.42,443494.24,5372142.89,0.73150,-0.68184
32596.24,443497.89,5372139.44,0.72043,-0.69353
32601.04,443501.47,5372135.93,0.69506,-0.71895
32605.82,443504.87,5372132.22,0.67577,-0.73712
32610.59,443508.26,5372128.52,0.67577,-0.73712
32615.36,443511.66,5372124.82,0.67577,-0.73711
32620.14,443515.05,5372121.12,0.67577,-0.73711
32624.91,443518.44,5372117.41,0.67577,-0.73711
32629.66,443521.84,5372113.71,0.67577,-0.73711
32634.38,443525.23,5372110.01,0.67221,-0.74036
32639.06,443528.59,5372106.28,0.62630,-0.77959
32643.71,443531.51,5372102.19,0.58207,-0.81314
32648.33,443534.44,5372098.11,0.58207,-0.81314
32652.95,443537.36,5372094.02,0.58207,-0.81314
32657.58,443540.29,5372089.94,0.58207,-0.81314
32662.21,443543.21,5372085.85,0.58207,-0.81314
32666.83,443546.14,5372081.76,0.58207,-0.81314
32671.43,443549.06,5372077.68,0.58207,-0.81314
32676.01,443551.98,5372073.59,0.55442,-0.83224
32680.56,443554.63,5372069.32,0.52140,-0.85331
32685.10,443557.22,5372065.02,0.51664,-0.85620
32689.64,443559.82,5372060.72,0.51664,-0.85620
32694.19,443562.42,5372056.42,0.51664,-0.85620
32698.75,443565.01,5372052.11,0.51665,-0.85620
32703.32,443567.61,5372047.81,0.51665,-0.85620
32707.89,443570.20,5372043.51,0.51665,-0.85620
32712.49,443572.80,5372039.21,0.51665,-0.85620
32717.12,443575.40,5372034.90,0.51665,-0.85620
32721.77,443577.99,5372030.60,0.51665,-0.85620
32726.42,443580.59,5372026.30,0.56778,-0.82318
32731.07,443583.51,5372022.60,0.56377,-0.82593
32735.72,443586.06,5372018.28,0.50855,-0.86103
32740.36,443588.62,5372013.95,0.50855,-0.86103
32745.04,443591.17,5372009.62,0.50856,-0.86103
32749.78,443593.73,5372005.30,0.51472,-0.85736
32754.55,443596.35,5372001.01,0.57124,-0.82078
32759.37,443599.46,5371997.07,0.61954,-0.78497
32764.22,443602.57,5371993.12,0.61954,-0.78497
32769.08,443605.68,5371989.18,0.61954,-0.78497
32773.94,443608.79,5371985.24,0.61954,-0.78497
32778.80,443611.91,5371981.29,0.61954,-0.78497
32783.67,443615.02,5371977.35,0.61954,-0.78497
32788.57,443618.13,5371973.41,0.61954,-0.78496
32793.49,443621.24,5371969.46,0.61954,-0.78496
32798.43,443624.36,5371965.52,0.65825,-0.75280
32803.39,443627.84,5371961.92,0.70862,-0.70559
32808.37,443631.47,5371958.44,0.72161,-0.69230
32813.37,443635.09,5371954.96,0.72161,-0.69230
32818.36,443638.71,5371951.49,0.72161,-0.69230
32823.36,443642.34,5371948.01,0.77177,-0.63591
32828.36,443646.44,5371945.12,0.82327,-0.56765
32833.34,443650.60,5371942.32,0.82885,-0.55947
32838.33,443654.76,5371939.51,0.82885,-0.55947
32843.31,443658.92,5371936.70,0.82885,-0.55947
32848.28,443663.08,5371933.89,0.82885,-0.55947
32853.24,443667.24,5371931.08,0.82885,-0.55947
32858.18,443671.40,5371928.27,0.86381,-0.50381
32863.09,443675.86,5371926.06,0.87684,-0.48078
32867.97,443680.02,5371923.55,0.89102,-0.45396
32872.83,443684.64,5371921.58,0.92017,-0.39153
32877.67,443689.26,5371919.62,0.92017,-0.39153
32882.48,443693.87,5371917.65,0.92017,-0.39153
32887.26,443698.49,5371915.69,0.92017,-0.39153
32892.00,443703.11,5371913.72,0.93159,-0.36351
32896.70,443707.82,5371912.05,0.95732,-0.28905
32901.35,443712.69,5371910.83,0.97016,-0.24247
32905.97,443717.56,5371909.61,0.97016,-0.24247
32910.59,443722.43,5371908.40,0.97016,-0.24247
32915.18,443727.30,5371907.18,0.97016,-0.24247
32919.72,443732.16,5371905.96,0.97016,-0.24247
32924.22,443737.03,5371904.75,0.98127,-0.19263
32928.67,443741.99,5371904.03,0.99242,-0.12287
32933.06,443746.98,5371903.52,0.99463,-0.10353
32937.40,443751.97,5371903.00,0.99463,-0.10353
32941.70,443756.96,5371902.48,0.99463,-0.10353
32945.95,443761.95,5371901.96,0.99881,-0.04887
32950.16,443766.96,5371901.99,0.99998,0.00645
32954.35,443771.98,5371902.02,0.99998,0.00696
32958.53,443777.00,5371902.06,0.99998,0.00696
32962.74,443782.01,5371902.09,0.99998,0.00696
32966.96,443787.03,5371902.13,0.99998,0.00696
32971.20,443792.05,5371902.16,0.99998,0.00696
32975.45,443797.06,5371902.20,0.99998,0.00696
32979.72,443802.08,5371902.23,0.99998,0.00696
32984.01,443807.10,5371902.27,0.99998,0.00696
32988.32,443812.12,5371902.30,0.99998,0.00696
32992.68,443817.13,5371902.34,0.99998,0.00696
32997.08,443822.15,5371902.37,0.99998,0.00696
33001.54,443827.17,5371902.41,0.99954,-0.03020
33006.05,443832.17,5371902.07,0.99739,-0.07223
33010.59,443837.17,5371901.68,0.99702,-0.07713
33015.16,443842.17,5371901.29,0.99702,-0.07713
33019.74,443847.18,5371900.91,0.99702,-0.07713
33024.32,443852.18,5371900.52,0.99702,-0.07713
33028.91,443857.18,5371900.13,0.99702,-0.07713
33033.54,443862.18,5371899.75,0.99702,-0.07713
33038.23,443867.18,5371899.36,0.99702,-0.07713
33042.99,443872.19,5371898.97,0.99702,-0.07712
33047.79,443877.19,5371898.59,0.98217,-0.18800
33052.62,443881.98,5371897.10,0.95485,-0.29709
33057.48,443886.77,5371895.60,0.97101,-0.23902
33062.36,443891.69,5371894.71,0.98837,-0.15208
33067.25,443896.67,5371894.08,0.98093,-0.19435
33072.16,443901.49,5371892.77,0.95872,-0.28434
33077.09,443906.27,5371891.23,0.95223,-0.30537
33082.03,443911.05,5371889.70,0.95223,-0.30537
33086.95,443915.83,5371888.17,0.95223,-0.30537
33091.85,443920.61,5371886.64,0.96167,-0.27420
33096.72,443925.46,5371885.42,0.97696,-0.21344
33101.58,443930.40,5371884.50,0.98291,-0.18407
33106.44,443935.33,5371883.57,0.98291,-0.18407
33111.32,443940.26,5371882.65,0.98291,-0.18406
33116.22,443945.19,5371881.73,0.97833,-0.20704
33121.14,443950.07,5371880.58,0.96580,-0.25929
33126.08,443954.87,5371879.13,0.95752,-0.28836
33131.03,443959.68,5371877.68,0.95752,-0.28836
33135.99,443964.48,5371876.23,0.95752,-0.28836
33140.94,443969.29,5371874.79,0.95752,-0.28836
33145.90,443974.09,5371873.34,0.95752,-0.28836
33150.88,443978.89,5371871.89,0.95752,-0.28836
33155.87,443983.70,5371870.45,0.95752,-0.28835
33160.87,443988.50,5371869.00,0.93218,-0.36198
33165.86,443993.00,5371866.83,0.88585,-0.46397
33170.83,443997.37,5371864.36,0.86976,-0.49347
33175.77,444001.73,5371861.88,0.83316,-0.55304
33180.69,444005.67,5371858.85,0.81409,-0.58073
33185.59,444009.75,5371856.16,0.81450,-0.58017
33190.47,444013.73,5371853.11,0.79312,-0.60907
33195.32,444017.71,5371850.05,0.79312,-0.60907
33200.15,444021.69,5371846.99,0.78269,-0.62241
33204.95,444025.57,5371843.80,0.74737,-0.66441
33209.72,444029.19,5371840.33,0.72167,-0.69224
33214.46,444032.81,5371836.85,0.72167,-0.69224
33219.18,444036.44,5371833.37,0.72167,-0.69224
33223.86,444040.06,5371829.90,0.70567,-0.70854
33228.53,444043.52,5371826.26,0.66980,-0.74254
33233.15,444046.79,5371822.44,0.64986,-0.76005
33237.74,444050.05,5371818.63,0.64987,-0.76005
33242.30,444053.31,5371814.81,0.64987,-0.76005
33246.81,444056.58,5371810.99,0.61621,-0.78758
33251.28,444059.50,5371806.91,0.57038,-0.82138
33255.73,444062.31,5371802.74,0.55932,-0.82895
33260.17,444065.12,5371798.58,0.55932,-0.82895
33264.60,444067.93,5371794.41,0.55932,-0.82895
33269.02,444070.74,5371790.25,0.55933,-0.82895
33273.39,444073.55,5371786.08,0.55933,-0.82895
33277.69,444076.36,5371781.92,0.52730,-0.84968
33281.94,444078.84,5371777.56,0.46208,-0.88684
33286.13,444080.99,5371773.02,0.42921,-0.90321
33290.30,444083.15,5371768.48,0.42921,-0.90321
33294.48,444085.31,5371763.94,0.42921,-0.90320
33298.66,444087.46,5371759.40,0.42921,-0.90320
33302.84,444089.62,5371754.86,0.42921,-0.90320
33306.99,444091.78,5371750.32,0.42553,-0.90495
33311.13,444093.90,5371745.77,0.39650,-0.91803
33315.26,444095.76,5371741.10,0.37087,-0.92869
33319.38,444097.63,5371736.43,0.37087,-0.92869
33323.51,444099.49,5371731.76,0.37087,-0.92869
33327.66,444101.36,5371727.10,0.37087,-0.92868
33331.82,444103.22,5371722.43,0.37087,-0.92868
33336.01,444105.08,5371717.76,0.37087,-0.92868
33340.21,444106.95,5371713.09,0.37087,-0.92868
33344.43,444108.81,5371708.42,0.37087,-0.92868
33348.66,444110.68,5371703.76,0.37087,-0.92868
33352.93,444112.54,5371699.09,0.37087,-0.92868
33357.25,444114.40,5371694.42,0.37087,-0.92868
33361.64,444116.27,5371689.75,0.37087,-0.92868
33366.09,444118.13,5371685.08,0.41872,-0.90812
33370.60,444120.47,5371680.64,0.46647,-0.88454
33375.15,444122.82,5371676.19,0.46749,-0.88400
33379.72,444125.17,5371671.75,0.46749,-0.88400
33384.29,444127.52,5371667.31,0.46749,-0.88400
33388.87,444129.87,5371662.87,0.46749,-0.88400
33393.48,444132.22,5371658.42,0.46095,-0.88743
33398.16,444134.50,5371653.95,0.42543,-0.90499
33402.90,444136.49,5371649.33,0.47904,-0.87779
33407.71,444139.28,5371645.19,0.58578,-0.81047
33412.57,444142.36,5371641.22,0.61230,-0.79062
33417.45,444145.43,5371637.25,0.61230,-0.79062
33422.34,444148.51,5371633.28,0.61230,-0.79062
33427.23,444151.58,5371629.30,0.61230,-0.79062
33432.12,444154.66,5371625.33,0.61230,-0.79062
33437.02,444157.74,5371621.36,0.61230,-0.79062
33441.93,444160.81,5371617.39,0.61231,-0.79062
33446.87,444163.89,5371613.42,0.61231,-0.79062
33451.83,444166.97,5371609.44,0.63071,-0.77602
33456.81,444170.22,5371605.63,0.68970,-0.72410
33461.80,444173.87,5371602.19,0.72841,-0.68514
33466.79,444177.53,5371598.75,0.72841,-0.68514
33471.79,444181.19,5371595.31,0.72841,-0.68514
33476.79,444184.85,5371591.87,0.72841,-0.68514
33481.79,444188.51,5371588.43,0.73171,-0.68162
33486.79,444192.20,5371585.02,0.76485,-0.64421
33491.78,444196.18,5371581.96,0.79315,-0.60902
33496.77,444200.16,5371578.91,0.79315,-0.60902
33501.75,444204.14,5371575.85,0.79315,-0.60902
33506.73,444208.13,5371572.79,0.81096,-0.58510
33511.69,444212.28,5371569.98,0.83596,-0.54880
33516.64,444216.52,5371567.28,0.84367,-0.53687
33521.58,444220.75,5371564.59,0.84367,-0.53687
33526.50,444224.99,5371561.89,0.84367,-0.53687
33531.41,444229.22,5371559.20,0.86326,-0.50475
33536.29,444233.64,5371556.83,0.89106,-0.45389
33541.15,444238.16,5371554.65,0.90007,-0.43575
33546.00,444242.68,5371552.46,0.90007,-0.43575
33550.86,444247.19,5371550.27,0.90007,-0.43575
33555.71,444251.71,5371548.08,0.90007,-0.43575
33560.55,444256.23,5371545.90,0.90007,-0.43575
33565.37,444260.75,5371543.71,0.90007,-0.43575
33570.14,444265.26,5371541.52,0.91162,-0.41103
33574.87,444269.88,5371539.59,0.94108,-0.33818
33579.55,444274.68,5371538.14,0.95712,-0.28968
33584.22,444279.49,5371536.68,0.95712,-0.28968
33588.88,444284.29,5371535.23,0.95712,-0.28968
33593.55,444289.09,5371533.78,0.95712,-0.28968
33598.22,444293.90,5371532.32,0.95712,-0.28968
33602.91,444298.70,5371530.87,0.95712,-0.28968
33607.58,444303.50,5371529.42,0.95713,-0.28967
33612.24,444308.31,5371527.96,0.95713,-0.28967
33616.86,444313.11,5371526.51,0.95825,-0.28592
33621.45,444317.92,5371525.09,0.97239,-0.23336
33626.01,444322.85,5371524.17,0.98293,-0.18399
33630.55,444327.78,5371523.25,0.98293,-0.18399
33635.08,444332.72,5371522.32,0.98293,-0.18398
33639.62,444337.65,5371521.40,0.98293,-0.18398
33644.18,444342.58,5371520.48,0.98293,-0.18398
33648.74,444347.51,5371519.55,0.98293,-0.18398
33653.31,444352.44,5371518.63,0.98293,-0.18398
33657.84,444357.38,5371517.71,0.98293,-0.18398
33662.34,444362.31,5371516.78,0.98293,-0.18398
33666.79,444367.24,5371515.86,0.99175,-0.12817
33671.19,444372.24,5371515.50,0.99783,-0.06591
33675.57,444377.25,5371515.20,0.99820,-0.05991
33679.94,444382.26,5371514.90,0.99820,-0.05991
33684.32,444387.27,5371514.60,0.99820,-0.05991
33688.71,444392.27,5371514.30,0.99820,-0.05991
33693.12,444397.28,5371514.00,0.99820,-0.05991
33697.54,444402.29,5371513.70,0.99820,-0.05991
33701.97,444407.30,5371513.40,0.99820,-0.05991
33706.42,444412.31,5371513.10,0.99820,-0.05991
33710.86,444417.32,5371512.80,0.99820,-0.05991
33715.28,444422.32,5371512.50,0.99820,-0.05991
33719.65,444427.33,5371512.19,0.99820,-0.05991
33723.95,444432.34,5371511.89,0.99994,-0.01110
33728.19,444437.34,5371512.08,0.99782,0.06606
33732.38,444442.34,5371512.56,0.99556,0.09414
33736.55,444447.33,5371513.03,0.99556,0.09414
33740.73,444452.33,5371513.50,0.99556,0.09414
33744.93,444457.32,5371513.97,0.99556,0.09414
33749.14,444462.32,5371514.45,0.99556,0.09414
33753.37,444467.31,5371514.92,0.99556,0.09414
33757.60,444472.31,5371515.39,0.99556,0.09414
33761.80,444477.30,5371515.86,0.99556,0.09414
33765.96,444482.30,5371516.33,0.99556,0.09414
33770.06,444487.29,5371516.81,0.98811,0.15375
33774.11,444492.19,5371517.87,0.97675,0.21437
33778.13,444497.09,5371518.96,0.97641,0.21593
33782.14,444501.99,5371520.04,0.97641,0.21593
33786.18,444506.89,5371521.12,0.97641,0.21593
33790.24,444511.79,5371522.21,0.97641,0.21593
33794.32,444516.69,5371523.29,0.97641,0.21593
33798.39,444521.59,5371524.38,0.97641,0.21593
33802.43,444526.49,5371525.46,0.97641,0.21593
33806.41,444531.39,5371526.54,0.97425,0.22547
33810.33,444536.26,5371527.72,0.95748,0.28848
33814.19,444540.98,5371529.43,0.94006,0.34102
33818.03,444545.70,5371531.14,0.94006,0.34102
33821.87,444550.41,5371532.85,0.94006,0.34102
33825.74,444555.13,5371534.57,0.94005,0.34102
33829.63,444559.85,5371536.28,0.94005,0.34102
33833.54,444564.57,5371537.99,0.94005,0.34103
33837.48,444569.29,5371539.70,0.94005,0.34103
33841.44,444574.00,5371541.41,0.94005,0.34103
33845.43,444578.72,5371543.12,0.94005,0.34103
33849.43,444583.44,5371544.83,0.94005,0.34103
33853.46,444588.16,5371546.55,0.94005,0.34103
33857.50,444592.87,5371548.26,0.94005,0.34103
33861.57,444597.59,5371549.97,0.94005,0.34103
33865.66,444602.31,5371551.68,0.94005,0.34103
33869.76,444607.03,5371553.39,0.94005,0.34103
33873.89,444611.74,5371555.10,0.94005,0.34103
33878.03,444616.46,5371556.82,0.94005,0.34103
33882.20,444621.18,5371558.53,0.94005,0.34104
33886.38,444625.90,5371560.24,0.94005,0.34104
33890.58,444630.62,5371561.95,0.94005,0.34104
33894.79,444635.33,5371563.66,0.94005,0.34104
33899.02,444640.05,5371565.37,0.94005,0.34104
33903.27,444644.77,5371567.08,0.94005,0.34104
33907.51,444649.49,5371568.80,0.94005,0.34104
33911.74,444654.20,5371570.51,0.94005,0.34104
33915.95,444658.92,5371572.22,0.93347,0.35866
33920.15,444663.57,5371574.11,0.92151,0.38834
33924.33,444668.17,5371576.12,0.91632,0.40045
33928.51,444672.77,5371578.13,0.91632,0.40045
33932.71,444677.37,5371580.14,0.91632,0.40045
33936.93,444681.97,5371582.15,0.91632,0.40045
33941.16,444686.56,5371584.16,0.91632,0.40045
33945.44,444691.16,5371586.17,0.91632,0.40045
33949.76,444695.76,5371588.17,0.91632,0.40045
33954.14,444700.36,5371590.18,0.92278,0.38532
33958.57,444705.02,5371592.04,0.93819,0.34613
33963.06,444709.77,5371593.66,0.94674,0.32200
33967.61,444714.52,5371595.27,0.94674,0.32200
33972.22,444719.27,5371596.89,0.94674,0.32200
33976.89,444724.02,5371598.50,0.96018,0.27937
33981.60,444728.89,5371599.69,0.97587,0.21836
33986.36,444733.81,5371600.69,0.97968,0.20057
33991.13,444738.72,5371601.70,0.97968,0.20057
33995.92,444743.64,5371602.71,0.97968,0.20057
34000.71,444748.56,5371603.71,0.97968,0.20057
34005.54,444753.47,5371604.72,0.97968,0.20057
34010.38,444758.39,5371605.73,0.98230,0.18734
34015.24,444763.32,5371606.60,0.98912,0.14709
34020.12,444768.31,5371607.20,0.99277,0.12003
34025.00,444773.29,5371607.80,0.99277,0.12003
34029.90,444778.27,5371608.40,0.98492,0.17299
34034.79,444783.09,5371609.52,0.98935,0.14557
34039.69,444788.09,5371609.85,0.99543,0.09546
34044.60,444793.06,5371610.48,0.99205,0.12583
34049.51,444798.04,5371611.11,0.99205,0.12583
34054.42,444803.02,5371611.74,0.99205,0.12583
34059.33,444808.00,5371612.38,0.99205,0.12584
34064.26,444812.97,5371613.01,0.99205,0.12584
34069.21,444817.95,5371613.64,0.99205,0.12584
34074.18,444822.93,5371614.27,0.99493,0.10052
34079.17,444827.92,5371614.65,0.99947,0.03265
34084.17,444832.94,5371614.60,0.99975,-0.02217
34089.17,444837.94,5371614.42,0.99531,-0.09674
34094.16,444842.90,5371613.63,0.98737,-0.15842
34099.16,444847.85,5371612.83,0.98972,-0.14301
34104.16,444852.82,5371612.19,0.99818,-0.06035
34109.16,444857.84,5371612.23,0.99998,0.00696
34114.15,444862.85,5371612.26,0.99998,0.00696
34119.14,444867.87,5371612.30,0.99998,0.00696
34124.13,444872.89,5371612.33,0.99998,0.00696
34129.12,444877.90,5371612.37,0.99998,0.00696
34134.11,444882.92,5371612.40,0.99998,0.00696
34139.10,444887.94,5371612.44,0.99998,0.00696
34144.09,444892.95,5371612.47,0.99998,0.00697
34149.09,444897.97,5371612.51,0.99998,0.00697
34154.08,444902.99,5371612.54,0.99998,0.00697
34159.07,444908.01,5371612.58,0.99998,0.00697
34164.07,444913.02,5371612.61,0.99998,0.00697
34169.07,444918.04,5371612.65,0.99976,-0.02209
34174.07,444923.05,5371612.39,0.99858,-0.05321
34179.07,444928.06,5371612.11,0.99847,-0.05528
34184.07,444933.07,5371611.84,0.99847,-0.05528
34189.07,444938.08,5371611.56,0.99847,-0.05528
34194.07,444943.09,5371611.28,0.99847,-0.05527
34199.07,444948.10,5371611.01,0.99847,-0.05527
34204.07,444953.11,5371610.73,0.99847,-0.05527
34209.07,444958.12,5371610.45,0.99847,-0.05527
34214.07,444963.13,5371610.17,0.99847,-0.05527
34219.07,444968.14,5371609.90,0.99847,-0.05527
34224.07,444973.15,5371609.62,0.99847,-0.05527
34229.07,444978.16,5371609.34,0.99847,-0.05527
34234.06,444983.16,5371609.06,0.99847,-0.05527
34239.05,444988.17,5371608.79,0.99680,-0.07993
34244.03,444993.15,5371608.26,0.98832,-0.15237
34248.99,444998.07,5371607.26,0.97986,-0.19967
34253.94,445002.99,5371606.26,0.97986,-0.19967
34258.89,445007.90,5371605.26,0.97986,-0.19967
34263.84,445012.82,5371604.26,0.97986,-0.19967
34268.79,445017.73,5371603.25,0.97986,-0.19967
34273.74,445022.65,5371602.25,0.97986,-0.19966
34278.70,445027.57,5371601.25,0.97986,-0.19966
34283.65,445032.48,5371600.25,0.97986,-0.19966
34288.61,445037.40,5371599.25,0.97986,-0.19966
34293.56,445042.32,5371598.25,0.97987,-0.19966
34298.52,445047.23,5371597.24,0.97987,-0.19966
34303.47,445052.15,5371596.24,0.97987,-0.19966
34308.42,445057.07,5371595.24,0.97987,-0.19966
34313.37,445061.98,5371594.24,0.97865,-0.20553
34318.30,445066.89,5371593.18,0.97175,-0.23602
34323.22,445071.73,5371591.87,0.96548,-0.26049
34328.11,445076.58,5371590.56,0.96548,-0.26049
34333.00,445081.42,5371589.26,0.96548,-0.26049
34337.87,445086.27,5371587.95,0.94232,-0.33471
34342.75,445090.77,5371585.93,0.93680,-0.34986
34347.63,445095.57,5371584.47,0.95665,-0.29124
34352.52,445100.38,5371583.01,0.95665,-0.29124
34357.42,445105.18,5371581.55,0.95665,-0.29124
34362.32,445109.98,5371580.09,0.95665,-0.29124
34367.23,445114.78,5371578.63,0.95665,-0.29124
34372.14,445119.58,5371577.17,0.95665,-0.29124
34377.05,445124.38,5371575.70,0.95665,-0.29124
34381.96,445129.18,5371574.24,0.95665,-0.29124
34386.87,445133.98,5371572.78,0.95665,-0.29124
34391.79,445138.78,5371571.32,0.95665,-0.29124
34396.70,445143.58,5371569.86,0.95665,-0.29124
34401.62,445148.38,5371568.40,0.95665,-0.29123
34406.54,445153.18,5371566.93,0.95665,-0.29123
34411.47,445157.98,5371565.47,0.95665,-0.29123
34416.39,445162.78,5371564.01,0.95665,-0.29123
34421.31,445167.58,5371562.55,0.95665,-0.29123
34426.21,445172.38,5371561.09,0.95665,-0.29123
34431.08,445177.18,5371559.63,0.95665,-0.29123
34435.91,445181.98,5371558.17,0.93504,-0.35455
34440.70,445186.54,5371556.08,0.90065,-0.43454
34445.45,445191.01,5371553.81,0.89181,-0.45242
34450.19,445195.49,5371551.54,0.89181,-0.45241
34454.93,445199.96,5371549.27,0.89181,-0.45241
34459.67,445204.44,5371547.00,0.89181,-0.45241
34464.42,445208.92,5371544.73,0.89181,-0.45241
34469.18,445213.39,5371542.46,0.89181,-0.45241
34473.94,445217.87,5371540.19,0.89181,-0.45241
34478.71,445222.35,5371537.92,0.89181,-0.45241
34483.48,445226.82,5371535.64,0.89181,-0.45241
34488.24,445231.30,5371533.37,0.89181,-0.45241
34492.98,445235.77,5371531.10,0.89181,-0.45241
34497.71,445240.25,5371528.83,0.87924,-0.47637
34502.43,445244.60,5371526.32,0.86250,-0.50606
34507.13,445248.91,5371523.75,0.85893,-0.51210
34511.83,445253.22,5371521.18,0.85893,-0.51210
34516.53,445257.53,5371518.61,0.85893,-0.51210
34521.25,445261.84,5371516.04,0.85893,-0.51210
34525.97,445266.16,5371513.47,0.85893,-0.51210
34530.69,445270.47,5371510.90,0.85893,-0.51210
34535.42,445274.78,5371508.33,0.85893,-0.51210
34540.16,445279.09,5371505.76,0.85893,-0.51209
34544.90,445283.40,5371503.19,0.85893,-0.51209
34549.65,445287.71,5371500.62,0.85893,-0.51209
34554.40,445292.03,5371498.05,0.85893,-0.51209
34559.16,445296.34,5371495.47,0.85893,-0.51209
34563.92,445300.65,5371492.90,0.85893,-0.51209
34568.69,445304.96,5371490.33,0.85893,-0.51209
34573.47,445309.27,5371487.76,0.85893,-0.51209
34578.25,445313.59,5371485.19,0.85893,-0.51209
34583.03,445317.90,5371482.62,0.85893,-0.51209
34587.82,445322.21,5371480.05,0.85893,-0.51209
34592.63,445326.52,5371477.48,0.85893,-0.51209
34597.45,445330.83,5371474.91,0.85893,-0.51208
34602.29,445335.15,5371472.34,0.86933,-0.49424
34607.15,445339.56,5371469.95,0.88156,-0.47207
34612.01,445343.99,5371467.60,0.88376,-0.46795
34616.89,445348.43,5371465.25,0.88376,-0.46795
34621.76,445352.87,5371462.90,0.88376,-0.46795
34626.65,445357.30,5371460.55,0.88376,-0.46795
34631.53,445361.74,5371458.20,0.88376,-0.46794
34636.41,445366.17,5371455.86,0.88376,-0.46794
34641.31,445370.61,5371453.51,0.88376,-0.46794
34646.22,445375.05,5371451.16,0.88376,-0.46794
34651.16,445379.48,5371448.81,0.88854,-0.45880
34656.11,445383.96,5371446.55,0.91001,-0.41458
34661.07,445388.61,5371444.65,0.92542,-0.37895
34666.04,445393.25,5371442.75,0.92542,-0.37895
34671.01,445397.90,5371440.85,0.92542,-0.37895
34675.98,445402.54,5371438.95,0.92542,-0.37895
34680.96,445407.19,5371437.04,0.92542,-0.37895
34685.93,445411.83,5371435.14,0.92542,-0.37895
34690.91,445416.47,5371433.24,0.92542,-0.37895
34695.89,445421.12,5371431.34,0.92542,-0.37895
34700.87,445425.76,5371429.44,0.92542,-0.37894
34705.86,445430.41,5371427.54,0.93176,-0.36308
34710.86,445435.11,5371425.79,0.94531,-0.32616
34715.86,445439.89,5371424.26,0.95232,-0.30509
34720.86,445444.67,5371422.73,0.95232,-0.30509
34725.85,445449.45,5371421.20,0.95232,-0.30509
34730.85,445454.23,5371419.67,0.95232,-0.30509
34735.85,445459.01,5371418.14,0.95232,-0.30509
34740.85,445463.78,5371416.61,0.95232,-0.30509
34745.85,445468.56,5371415.08,0.95233,-0.30508
34750.85,445473.34,5371413.55,0.95233,-0.30508
34755.85,445478.12,5371412.02,0.95233,-0.30508
34760.85,445482.90,5371410.48,0.96576,-0.25942
34765.84,445487.80,5371409.42,0.97750,-0.21092
34770.82,445492.71,5371408.37,0.97798,-0.20868
34775.80,445497.62,5371407.32,0.97798,-0.20868
34780.78,445502.52,5371406.27,0.97799,-0.20867
34785.75,445507.43,5371405.23,0.98068,-0.19561
34790.71,445512.36,5371404.31,0.98674,-0.16234
34795.67,445517.33,5371403.60,0.98985,-0.14210
34800.62,445522.30,5371402.89,0.98985,-0.14210
34805.57,445527.26,5371402.17,0.98985,-0.14210
34810.52,445532.23,5371401.46,0.98985,-0.14210
34815.45,445537.20,5371400.75,0.98985,-0.14210
34820.38,445542.16,5371400.03,0.99336,-0.11503
34825.29,445547.16,5371399.59,0.99705,-0.07671
34830.19,445552.16,5371399.26,0.99785,-0.06555
34835.09,445557.17,5371398.94,0.99785,-0.06555
34839.99,445562.18,5371398.61,0.99785,-0.06554
34844.89,445567.18,5371398.28,0.99785,-0.06554
34849.79,445572.19,5371397.95,0.99785,-0.06554
34854.70,445577.20,5371397.62,0.99785,-0.06554
34859.61,445582.20,5371397.29,0.99785,-0.06554
34864.52,445587.21,5371396.96,0.99785,-0.06554
34869.43,445592.22,5371396.63,0.99785,-0.06554
34874.34,445597.22,5371396.30,0.99785,-0.06554
34879.26,445602.23,5371395.98,0.99785,-0.06554
34884.18,445607.24,5371395.65,0.99785,-0.06554
34889.10,445612.24,5371395.32,0.99785,-0.06554
34894.02,445617.25,5371394.99,0.99785,-0.06553
34898.94,445622.26,5371394.66,0.99785,-0.06553
34903.87,445627.26,5371394.33,0.99785,-0.06553
34908.79,445632.27,5371394.00,0.99785,-0.06553
34913.72,445637.28,5371393.67,0.99785,-0.06553
34918.65,445642.28,5371393.35,0.99785,-0.06553
34923.58,445647.29,5371393.02,0.99785,-0.06553
34928.51,445652.30,5371392.69,0.99785,-0.06553
34933.45,445657.30,5371392.36,0.99785,-0.06553
34938.38,445662.31,5371392.03,0.99785,-0.06553
34943.33,445667.32,5371391.70,0.99785,-0.06553
34948.30,445672.32,5371391.37,0.99785,-0.06552
34953.28,445677.33,5371391.04,0.99785,-0.06552
34958.27,445682.34,5371390.71,0.97942,-0.20185
34963.26,445686.72,5371389.11,0.97160,-0.23663
34968.25,445691.69,5371388.44,0.99099,-0.13393
34973.24,445696.66,5371387.77,0.99099,-0.13393
34978.23,445701.63,5371387.09,0.99099,-0.13393
34983.23,445706.61,5371386.42,0.98824,-0.15289
34988.23,445711.54,5371385.56,0.97908,-0.20346
34993.23,445716.42,5371384.38,0.97203,-0.23485
34998.23,445721.30,5371383.20,0.97203,-0.23485
35003.22,445726.17,5371382.02,0.97203,-0.23484
35008.22,445731.05,5371380.85,0.97203,-0.23484
35013.21,445735.93,5371379.67,0.96643,-0.25694
35018.19,445740.74,5371378.27,0.95310,-0.30265
35023.18,445745.49,5371376.63,0.94531,-0.32617
35028.16,445750.23,5371375.00,0.94531,-0.32617
35033.13,445754.98,5371373.36,0.95929,-0.28242
35038.10,445759.80,5371372.18,0.96011,-0.27961
35043.06,445764.51,5371370.58,0.93753,-0.34791
35048.00,445769.16,5371368.70,0.92732,-0.37426
35052.94,445773.82,5371366.83,0.91647,-0.40010
35057.87,445778.33,5371364.70,0.91456,-0.40446
35062.79,445782.94,5371362.79,0.93295,-0.36000
35067.71,445787.66,5371361.10,0.92556,-0.37860
35072.60,445792.21,5371359.00,0.90347,-0.42864
35077.46,445796.73,5371356.80,0.89908,-0.43778
35082.30,445801.24,5371354.60,0.88310,-0.46919
35087.10,445805.58,5371352.10,0.85899,-0.51199
35091.89,445809.86,5371349.47,0.85183,-0.52382
35096.68,445814.14,5371346.84,0.85183,-0.52382
35101.46,445818.41,5371344.21,0.85183,-0.52382
35106.25,445822.69,5371341.58,0.85183,-0.52382
35111.01,445826.96,5371338.95,0.85183,-0.52382
35115.75,445831.24,5371336.32,0.85183,-0.52381
35120.46,445835.52,5371333.69,0.82402,-0.56656
35125.15,445839.50,5371330.64,0.79371,-0.60830
35129.81,445843.49,5371327.58,0.79334,-0.60878
35134.46,445847.47,5371324.52,0.79334,-0.60878
35139.10,445851.45,5371321.47,0.79334,-0.60878
35143.72,445855.44,5371318.41,0.78516,-0.61929
35148.34,445859.34,5371315.25,0.76707,-0.64157
35152.94,445863.14,5371311.97,0.75712,-0.65328
35157.53,445866.94,5371308.69,0.75712,-0.65328
35162.12,445870.74,5371305.41,0.75712,-0.65328
35166.69,445874.55,5371302.13,0.75712,-0.65327
35171.24,445878.35,5371298.84,0.74887,-0.66272
35175.76,445882.06,5371295.47,0.72018,-0.69379
35180.25,445885.58,5371291.88,0.69924,-0.71489
35184.73,445889.09,5371288.29,0.69924,-0.71489
35189.19,445892.60,5371284.70,0.69924,-0.71489
35193.61,445896.11,5371281.11,0.69924,-0.71489
35198.00,445899.63,5371277.52,0.67397,-0.73876
35202.36,445902.88,5371273.70,0.63480,-0.77268
35206.68,445906.00,5371269.76,0.62157,-0.78336
35211.00,445909.12,5371265.83,0.62157,-0.78336
35215.34,445912.24,5371261.89,0.62157,-0.78336
35219.68,445915.37,5371257.95,0.62157,-0.78336
35224.01,445918.49,5371254.02,0.63341,-0.77382
35228.29,445921.72,5371250.19,0.62891,-0.77748
35232.54,445924.76,5371246.26,0.57923,-0.81516
35236.74,445927.50,5371242.05,0.54557,-0.83807
35240.89,445930.25,5371237.84,0.54557,-0.83807
35245.02,445932.99,5371233.63,0.53977,-0.84182
35249.14,445935.67,5371229.38,0.51540,-0.85695
35253.24,445938.16,5371225.02,0.49662,-0.86797
35257.34,445940.66,5371220.66,0.49662,-0.86797
35261.44,445943.16,5371216.30,0.49662,-0.86797
35265.53,445945.65,5371211.93,0.49662,-0.86797
35269.59,445948.15,5371207.57,0.49662,-0.86797
35273.62,445950.64,5371203.21,0.46348,-0.88611
35277.61,445952.80,5371198.68,0.42289,-0.90618
35281.59,445954.89,5371194.11,0.41609,-0.90932
35285.56,445956.98,5371189.53,0.41609,-0.90932
35289.56,445959.08,5371184.96,0.41609,-0.90932
35293.57,445961.17,5371180.39,0.41609,-0.90932
35297.58,445963.26,5371175.82,0.41609,-0.90932
35301.57,445965.35,5371171.25,0.41609,-0.90932
35305.54,445967.44,5371166.68,0.39737,-0.91766
35309.48,445969.34,5371162.03,0.36147,-0.93238
35313.40,445971.07,5371157.31,0.34435,-0.93884
35317.32,445972.80,5371152.60,0.34435,-0.93884
35321.26,445974.53,5371147.88,0.34435,-0.93884
35325.23,445976.27,5371143.16,0.34436,-0.93884
35329.21,445978.00,5371138.44,0.34436,-0.93884
35333.21,445979.73,5371133.72,0.34436,-0.93884
35337.21,445981.46,5371129.00,0.34436,-0.93884
35341.20,445983.19,5371124.28,0.34436,-0.93884
35345.20,445984.92,5371119.56,0.32305,-0.94638
35349.20,445986.42,5371114.80,0.29651,-0.95503
35353.22,445987.88,5371110.02,0.30647,-0.95188
35357.29,445989.50,5371105.26,0.32119,-0.94702
35361.42,445991.11,5371100.50,0.32119,-0.94702
35365.60,445992.73,5371095.73,0.33510,-0.94218
35369.84,445994.48,5371091.03,0.36542,-0.93084
35374.13,445996.40,5371086.38,0.38177,-0.92426
35378.45,445998.32,5371081.73,0.38177,-0.92426
35382.78,446000.24,5371077.09,0.38177,-0.92426
35387.14,446002.16,5371072.44,0.38177,-0.92426
35391.50,446004.08,5371067.80,0.38177,-0.92426
35395.88,446005.99,5371063.15,0.38177,-0.92426
35400.27,446007.91,5371058.51,0.38177,-0.92426
35404.70,446009.83,5371053.86,0.38177,-0.92426
35409.16,446011.75,5371049.21,0.38177,-0.92426
35413.68,446013.67,5371044.57,0.38865,-0.92139
35418.24,446015.66,5371039.96,0.43008,-0.90279
35422.85,446017.99,5371035.50,0.46402,-0.88583
35427.49,446020.32,5371031.05,0.46402,-0.88583
35432.15,446022.65,5371026.60,0.46402,-0.88582
35436.81,446024.98,5371022.15,0.46402,-0.88582
35441.50,446027.32,5371017.70,0.46402,-0.88582
35446.21,446029.65,5371013.24,0.46402,-0.88582
35450.96,446031.98,5371008.79,0.47798,-0.87837
35455.74,446034.45,5371004.42,0.51375,-0.85794
35460.54,446037.14,5371000.18,0.53531,-0.84466
35465.36,446039.83,5370995.93,0.53531,-0.84466
35470.19,446042.52,5370991.69,0.53531,-0.84465
35475.02,446045.21,5370987.44,0.53531,-0.84465
35479.86,446047.90,5370983.20,0.53531,-0.84465
35484.70,446050.59,5370978.95,0.53531,-0.84465
35489.55,446053.28,5370974.71,0.53531,-0.84465
35494.43,446055.97,5370970.47,0.53531,-0.84465
35499.33,446058.66,5370966.22,0.55125,-0.83434
35504.26,446061.51,5370962.09,0.59319,-0.80506
35509.20,446064.61,5370958.14,0.61875,-0.78559
35514.14,446067.72,5370954.19,0.61875,-0.78559
35519.10,446070.83,5370950.25,0.61875,-0.78559
35524.06,446073.94,5370946.30,0.61875,-0.78559
35529.03,446077.05,5370942.35,0.61875,-0.78559
35534.01,446080.16,5370938.41,0.63564,-0.77198
35538.99,446083.43,5370934.60,0.66505,-0.74680
35543.98,446086.84,5370930.91,0.67765,-0.73538
35548.97,446090.24,5370927.21,0.67765,-0.73538
35553.96,446093.64,5370923.52,0.67765,-0.73538
35558.96,446097.05,5370919.83,0.67765,-0.73538
35563.95,446100.45,5370916.13,0.67765,-0.73538
35568.94,446103.86,5370912.44,0.67765,-0.73538
35573.94,446107.26,5370908.74,0.67765,-0.73538
35578.93,446110.66,5370905.05,0.67766,-0.73538
35583.92,446114.07,5370901.36,0.67766,-0.73538
35588.92,446117.47,5370897.66,0.67766,-0.73538
35593.91,446120.88,5370893.97,0.67766,-0.73538
35598.91,446124.28,5370890.27,0.67766,-0.73538
35603.91,446127.68,5370886.58,0.68892,-0.72484
35608.91,446131.20,5370882.99,0.70748,-0.70673
35613.91,446134.79,5370879.48,0.71487,-0.69926
35618.91,446138.38,5370875.97,0.71487,-0.69926
35623.91,446141.97,5370872.46,0.71487,-0.69926
35628.91,446145.56,5370868.95,0.71487,-0.69925
35633.91,446149.15,5370865.43,0.71487,-0.69925
35638.91,446152.74,5370861.92,0.71487,-0.69925
35643.91,446156.33,5370858.41,0.71487,-0.69925
35648.91,446159.92,5370854.90,0.71488,-0.69925
35653.91,446163.51,5370851.38,0.71488,-0.69925
35658.91,446167.10,5370847.87,0.71488,-0.69925
35663.91,446170.69,5370844.36,0.74922,-0.66232
35668.91,446174.49,5370841.35,0.74761,-0.66414
35673.90,446178.06,5370837.82,0.71153,-0.70266
35678.90,446181.63,5370834.29,0.71153,-0.70266
35683.90,446185.21,5370830.76,0.71153,-0.70266
35688.90,446188.78,5370827.23,0.71153,-0.70266
35693.90,446192.35,5370823.70,0.71153,-0.70266
35698.90,446195.93,5370820.17,0.71153,-0.70266
35703.90,446199.50,5370816.64,0.71153,-0.70266
35708.90,446203.08,5370813.11,0.71153,-0.70266
35713.90,446206.65,5370809.58,0.71153,-0.70265
35718.90,446210.22,5370806.05,0.71153,-0.70265
35723.90,446213.80,5370802.53,0.69977,-0.71437
35728.90,446217.25,5370798.88,0.67729,-0.73571
35733.89,446220.60,5370795.14,0.66664,-0.74538
35738.88,446223.95,5370791.39,0.66665,-0.74538
35743.87,446227.30,5370787.65,0.66665,-0.74537
35748.86,446230.65,5370783.90,0.66665,-0.74537
35753.85,446233.99,5370780.16,0.66665,-0.74537
35758.84,446237.34,5370776.42,0.66665,-0.74537
35763.83,446240.69,5370772.67,0.66665,-0.74537
35768.82,446244.04,5370768.93,0.66665,-0.74537
35773.79,446247.39,5370765.18,0.66462,-0.74718
35778.76,446250.72,5370761.42,0.62714,-0.77890
35783.71,446253.68,5370757.37,0.59037,-0.80713
35788.66,446256.65,5370753.31,0.59037,-0.80713
35793.61,446259.62,5370749.25,0.59037,-0.80713
35798.55,446262.58,5370745.20,0.59037,-0.80713
35803.50,446265.55,5370741.14,0.59038,-0.80713
35808.45,446268.52,5370737.09,0.59038,-0.80713
35813.40,446271.48,5370733.03,0.59038,-0.80713
35818.35,446274.45,5370728.98,0.59038,-0.80713
35823.30,446277.41,5370724.92,0.59038,-0.80713
35828.25,446280.38,5370720.87,0.59038,-0.80713
35833.18,446283.35,5370716.81,0.59038,-0.80713
35838.09,446286.31,5370712.76,0.59038,-0.80713
35842.99,446289.28,5370708.70,0.52640,-0.85024
35847.88,446291.56,5370704.29,0.48496,-0.87454
35852.75,446294.12,5370699.97,0.51071,-0.85975
35857.63,446296.69,5370695.65,0.51071,-0.85975
35862.50,446299.26,5370691.33,0.51071,-0.85975
35867.36,446301.82,5370687.01,0.51071,-0.85975
35872.21,446304.39,5370682.69,0.50618,-0.86243
35877.03,446306.91,5370678.34,0.46515,-0.88523
35881.83,446309.06,5370673.80,0.42789,-0.90383
35886.62,446311.21,5370669.26,0.42789,-0.90383
35891.41,446313.36,5370664.71,0.42789,-0.90383
35896.20,446315.51,5370660.17,0.42789,-0.90383
35901.00,446317.66,5370655.63,0.42789,-0.90383
35905.79,446319.81,5370651.08,0.42789,-0.90383
35910.58,446321.96,5370646.54,0.42789,-0.90383
35915.36,446324.11,5370642.00,0.42747,-0.90403
35920.13,446326.26,5370637.45,0.40283,-0.91527
35924.88,446328.16,5370632.80,0.37834,-0.92567
35929.62,446330.06,5370628.15,0.37834,-0.92567
35934.34,446331.96,5370623.50,0.37834,-0.92567
35939.03,446333.87,5370618.84,0.36197,-0.93219
35943.71,446335.60,5370614.13,0.32600,-0.94537
35948.37,446337.14,5370609.34,0.30639,-0.95191
35953.02,446338.68,5370604.56,0.30639,-0.95190
35957.68,446340.22,5370599.77,0.30639,-0.95190
35962.34,446341.76,5370594.99,0.30639,-0.95190
35966.99,446343.30,5370590.20,0.30640,-0.95190
35971.63,446344.84,5370585.42,0.30630,-0.95193
35976.26,446346.38,5370580.63,0.28018,-0.95995
35980.88,446347.66,5370575.77,0.25395,-0.96722
35985.48,446348.94,5370570.91,0.25395,-0.96722
35990.10,446350.21,5370566.04,0.25395,-0.96722
35994.72,446351.49,5370561.18,0.25395,-0.96722
35999.34,446352.77,5370556.32,0.25395,-0.96722
36003.97,446354.04,5370551.46,0.25395,-0.96722
36008.60,446355.32,5370546.59,0.25395,-0.96722
36013.21,446356.60,5370541.73,0.25243,-0.96762
36017.80,446357.86,5370536.87,0.22904,-0.97342
36022.36,446358.90,5370531.95,0.20707,-0.97833
36026.90,446359.94,5370527.03,0.18125,-0.98344
36031.43,446360.72,5370522.08,0.16298,-0.98663
36035.96,446361.57,5370517.13,0.17072,-0.98532
36040.50,446362.43,5370512.17,0.17072,-0.98532
36045.05,446363.29,5370507.22,0.17072,-0.98532
36049.61,446364.15,5370502.27,0.17072,-0.98532
36054.18,446365.01,5370497.31,0.17072,-0.98532
36058.76,446365.87,5370492.36,0.17072,-0.98532
36063.35,446366.72,5370487.40,0.17072,-0.98532
36067.95,446367.58,5370482.45,0.17072,-0.98532
36072.56,446368.44,5370477.50,0.17072,-0.98532
36077.18,446369.30,5370472.54,0.17072,-0.98532
36081.80,446370.16,5370467.59,0.17072,-0.98532
36086.43,446371.02,5370462.63,0.17073,-0.98532
36091.04,446371.87,5370457.68,0.17073,-0.98532
36095.64,446372.73,5370452.73,0.17073,-0.98532
36100.22,446373.59,5370447.77,0.12983,-0.99154
36104.78,446374.04,5370442.78,0.11224,-0.99368
36109.32,446374.72,5370437.81,0.11145,-0.99377
36113.85,446375.16,5370432.80,0.08705,-0.99620
36118.39,446375.59,5370427.79,0.08705,-0.99620
36122.93,446376.03,5370422.78,0.08705,-0.99620
36127.48,446376.47,5370417.77,0.08705,-0.99620
36132.04,446376.91,5370412.76,0.08705,-0.99620
36136.60,446377.34,5370407.75,0.08705,-0.99620
36141.18,446377.78,5370402.74,0.08705,-0.99620
36145.75,446378.22,5370397.73,0.08705,-0.99620
36150.31,446378.66,5370392.73,0.08705,-0.99620
36154.85,446379.09,5370387.72,0.06868,-0.99764
36159.39,446379.35,5370382.70,0.03885,-0.99925
36163.92,446379.48,5370377.67,0.02743,-0.99962
36168.47,446379.62,5370372.65,0.02743,-0.99962
36173.02,446379.76,5370367.62,0.04576,-0.99895
36177.59,446380.08,5370362.60,0.07177,-0.99742
36182.15,446380.48,5370357.59,0.04716,-0.99889
36186.70,446380.56,5370352.56,0.01483,-0.99989
36191.25,446380.63,5370347.54,0.01483,-0.99989
36195.79,446380.71,5370342.51,0.01483,-0.99989
36200.35,446380.78,5370337.48,0.01483,-0.99989
36204.92,446380.86,5370332.46,0.01483,-0.99989
36209.50,446380.93,5370327.43,0.01483,-0.99989
36214.08,446381.00,5370322.40,0.01483,-0.99989
36218.68,446381.08,5370317.37,0.01483,-0.99989
36223.28,446381.15,5370312.35,0.01483,-0.99989
36227.90,446381.23,5370307.32,0.01483,-0.99989
36232.52,446381.30,5370302.29,0.01483,-0.99989
36237.15,446381.38,5370297.26,0.01483,-0.99989
36241.78,446381.45,5370292.24,0.01483,-0.99989
36246.43,446381.53,5370287.21,0.01483,-0.99989
36251.09,446381.60,5370282.18,0.01483,-0.99989
36255.75,446381.68,5370277.15,0.01483,-0.99989
36260.44,446381.75,5370272.13,0.01483,-0.99989
36265.14,446381.82,5370267.10,0.02644,-0.99965
36269.85,446382.02,5370262.07,0.03870,-0.99925
36274.58,446382.21,5370257.05,0.03935,-0.99923
36279.32,446382.41,5370252.03,0.03935,-0.99923
36284.06,446382.61,5370247.00,0.03935,-0.99923
36288.80,446382.81,5370241.98,0.03935,-0.99923
36293.56,446383.01,5370236.95,0.03935,-0.99923
36298.31,446383.20,5370231.93,0.03935,-0.99923
36303.08,446383.40,5370226.91,0.03935,-0.99923
36307.85,446383.60,5370221.88,0.03935,-0.99923
36312.62,446383.80,5370216.86,0.03935,-0.99923
36317.40,446383.99,5370211.83,0.03935,-0.99923
36322.18,446384.19,5370206.81,0.03935,-0.99923
36326.98,446384.39,5370201.79,0.03935,-0.99923
36331.79,446384.59,5370196.76,0.03935,-0.99923
36336.61,446384.79,5370191.74,0.05458,-0.99851
36341.45,446385.14,5370186.72,0.07158,-0.99743
36346.30,446385.51,5370181.71,0.07336,-0.99731
36351.15,446385.87,5370176.69,0.07336,-0.99731
36356.01,446386.24,5370171.68,0.07336,-0.99731
36360.88,446386.61,5370166.66,0.07336,-0.99731
36365.76,446386.98,5370161.65,0.07336,-0.99731
36370.66,446387.35,5370156.64,0.09604,-0.99538
36375.57,446387.95,5370151.64,0.12447,-0.99222
36380.49,446388.60,5370146.66,0.13025,-0.99148
36385.42,446389.26,5370141.67,0.13025,-0.99148
36390.35,446389.91,5370136.69,0.13025,-0.99148
36395.29,446390.57,5370131.70,0.13025,-0.99148
36400.24,446391.22,5370126.72,0.13025,-0.99148
36405.19,446391.88,5370121.73,0.14517,-0.98941
36410.16,446392.68,5370116.77,0.17992,-0.98368
36415.14,446393.68,5370111.85,0.19969,-0.97986
36420.12,446394.69,5370106.92,0.19969,-0.97986
36425.10,446395.69,5370102.00,0.19969,-0.97986
36430.08,446396.70,5370097.07,0.19970,-0.97986
36435.07,446397.70,5370092.14,0.20255,-0.97927
36440.07,446398.73,5370087.22,0.23169,-0.97279
36445.06,446400.03,5370082.37,0.25781,-0.96620
36450.06,446401.32,5370077.51,0.25781,-0.96620
36455.06,446402.62,5370072.65,0.25781,-0.96620
36460.06,446403.92,5370067.79,0.25781,-0.96620
36465.06,446405.21,5370062.94,0.27564,-0.96126
36470.06,446406.69,5370058.13,0.30560,-0.95216
36475.06,446408.28,5370053.37,0.31776,-0.94817
36480.05,446409.88,5370048.60,0.31776,-0.94817
36485.05,446411.48,5370043.83,0.31777,-0.94817
36490.03,446413.08,5370039.07,0.31777,-0.94817
36495.00,446414.67,5370034.30,0.36297,-0.93180
36499.96,446416.72,5370029.72,0.42264,-0.90630
36504.91,446418.92,5370025.20,0.43773,-0.89911
36509.84,446421.12,5370020.68,0.43773,-0.89911
36514.76,446423.32,5370016.16,0.43773,-0.89911
36519.67,446425.52,5370011.64,0.45753,-0.88919
36524.57,446427.92,5370007.23,0.48199,-0.87618
36529.44,446430.36,5370002.84,0.48686,-0.87348
36534.29,446432.81,5369998.45,0.49743,-0.86750
36539.13,446435.36,5369994.12,0.54162,-0.84062
36543.97,446438.25,5369990.01,0.57442,-0.81856
36548.84,446441.13,5369985.89,0.57442,-0.81856
36553.76,446444.02,5369981.78,0.51474,-0.85735
36558.70,446446.28,5369977.32,0.42449,-0.90543
36563.64,446448.28,5369972.70,0.39653,-0.91802
36568.56,446450.27,5369968.09,0.40367,-0.91490
36573.44,446452.33,5369963.51,0.50388,-0.86377
36578.26,446455.30,5369959.46,0.59134,-0.80643
36583.05,446458.27,5369955.41,0.59134,-0.80642
36587.83,446461.24,5369951.36,0.59134,-0.80642
36592.60,446464.21,5369947.31,0.59134,-0.80642
36597.38,446467.19,5369943.25,0.59134,-0.80642
36602.16,446470.16,5369939.20,0.61614,-0.78763
36606.93,446473.37,5369935.35,0.60868,-0.79342
36611.70,446476.25,5369931.26,0.58128,-0.81370
36616.47,446479.20,5369927.19,0.60761,-0.79423
36621.23,446482.35,5369923.28,0.62819,-0.77806
36625.98,446485.51,5369919.38,0.62819,-0.77806
36630.69,446488.66,5369915.47,0.62819,-0.77806
36635.24,446491.82,5369911.56,0.62819,-0.77806
36639.59,446494.98,5369907.65,0.67028,-0.74210
36643.73,446498.52,5369904.14,0.75369,-0.65724
36647.61,446502.51,5369901.08,0.99992,-0.01283
36651.33,446506.55,5369904.04,0.78363,0.62122
36655.05,446510.35,5369907.30,0.73613,0.67684
36658.76,446513.93,5369910.82,0.71280,0.70136
36662.58,446517.51,5369914.35,0.71280,0.70136
36666.53,446521.09,5369917.87,0.73397,0.67918
36670.59,446524.84,5369921.13,0.82149,0.57022
36674.77,446529.20,5369923.50,0.84349,0.53714
36679.05,446533.25,5369926.48,0.80486,0.59347
36683.35,446537.29,5369929.46,0.82401,0.56657
36687.63,446541.51,5369932.16,0.85538,0.51801
36691.82,446545.87,5369934.66,0.86791,0.49672
36695.96,446550.23,5369937.15,0.82154,0.57016
36700.15,446554.03,5369940.32,0.70944,0.70477
36704.44,446557.27,5369944.15,0.68139,0.73192
36708.90,446560.80,5369947.60,0.83670,0.54766
36713.56,446565.45,5369949.50,0.92523,0.37941
36718.36,446570.09,5369951.41,0.92523,0.37941
36723.23,446574.74,5369953.31,0.93181,0.36296
36728.14,446579.44,5369955.05,0.95945,0.28186
36733.09,446584.34,5369956.13,0.97634,0.21623
36738.07,446589.24,5369957.22,0.97634,0.21623
36743.07,446594.14,5369958.30,0.98079,0.19506
36748.07,446599.07,5369959.17,0.99301,0.11800
36753.06,446604.08,5369959.48,0.99807,0.06202
36758.04,446609.08,5369959.80,0.99883,0.04830
36762.99,446614.09,5369959.97,0.99957,-0.02918
36767.91,446619.09,5369959.50,0.99570,-0.09268
36772.80,446624.09,5369959.04,0.99289,-0.11906
36777.68,446629.04,5369958.31,0.98548,-0.16979
36782.53,446633.97,5369957.34,0.98310,-0.18306
36787.35,446638.90,5369956.47,0.99585,-0.09097
36792.13,446643.92,5369956.43,0.98817,-0.15335
36796.87,446648.71,5369954.95,0.95310,-0.30265
36801.53,446653.48,5369953.39,0.95086,-0.30963
36806.12,446658.25,5369951.84,0.95365,-0.30091
36810.66,446663.02,5369950.38,0.94901,-0.31524
36815.13,446667.74,5369948.69,0.92181,-0.38765
36819.50,446672.25,5369946.50,0.89452,-0.44703
36823.77,446676.72,5369944.21,0.88967,-0.45661
36827.96,446681.19,5369941.91,0.86398,-0.50352
36832.10,446685.38,5369939.16,0.83145,-0.55560
36836.21,446689.53,5369936.34,0.82704,-0.56214
36840.32,446693.69,5369933.51,0.82704,-0.56214
36844.44,446697.84,5369930.69,0.82704,-0.56214
36848.58,446701.99,5369927.87,0.82704,-0.56214
36852.74,446706.14,5369925.04,0.82704,-0.56214
36856.92,446710.30,5369922.22,0.82705,-0.56214
36861.11,446714.45,5369919.40,0.82705,-0.56213
36865.32,446718.60,5369916.58,0.82705,-0.56213
36869.55,446722.76,5369913.75,0.82705,-0.56213
36873.80,446726.91,5369910.93,0.82705,-0.56213
36878.06,446731.06,5369908.11,0.82705,-0.56213
36882.34,446735.22,5369905.29,0.82705,-0.56213
36886.63,446739.37,5369902.46,0.82705,-0.56213
36890.94,446743.52,5369899.64,0.82705,-0.56213
36895.26,446747.67,5369896.82,0.82705,-0.56213
36899.60,446751.83,5369893.99,0.82705,-0.56213
36903.96,446755.98,5369891.17,0.82705,-0.56213
36908.32,446760.13,5369888.35,0.82705,-0.56213
36912.70,446764.29,5369885.53,0.82705,-0.56212
36917.10,446768.44,5369882.70,0.82705,-0.56212
36921.50,446772.59,5369879.88,0.82705,-0.56212
36925.92,446776.75,5369877.06,0.82705,-0.56212
36930.35,446780.90,5369874.24,0.82705,-0.56212
36934.80,446785.05,5369871.41,0.82706,-0.56212
36939.26,446789.21,5369868.59,0.82706,-0.56212
36943.72,446793.36,5369865.77,0.82706,-0.56212
36948.20,446797.51,5369862.94,0.82706,-0.56212
36952.70,446801.67,5369860.12,0.82706,-0.56212
36957.20,446805.82,5369857.30,0.82706,-0.56212
36961.71,446809.97,5369854.48,0.82706,-0.56212
36966.24,446814.12,5369851.65,0.82706,-0.56212
36970.81,446818.28,5369848.83,0.82706,-0.56211
36975.41,446822.43,5369846.01,0.82706,-0.56211
36980.03,446826.58,5369843.19,0.84746,-0.53085
36984.68,446830.91,5369840.70,0.86913,-0.49458
36989.37,446835.27,5369838.24,0.85597,-0.51703
36994.08,446839.48,5369835.52,0.83976,-0.54295
36998.80,446843.70,5369832.79,0.86582,-0.50035
37003.56,446848.09,5369830.55,0.88591,-0.46386
37008.36,446852.51,5369828.18,0.88167,-0.47186
37013.16,446856.94,5369825.81,0.88167,-0.47186
37017.96,446861.37,5369823.44,0.89701,-0.44201
37022.79,446865.88,5369821.40,0.89566,-0.44473
37027.63,446870.29,5369819.01,0.87882,-0.47716
37032.49,446874.70,5369816.61,0.88900,-0.45790
37037.37,446879.21,5369814.41,0.91053,-0.41343
37042.27,446883.83,5369812.47,0.92158,-0.38819
37047.18,446888.46,5369810.52,0.92158,-0.38819
37052.10,446893.09,5369808.57,0.92158,-0.38819
37057.02,446897.71,5369806.62,0.92158,-0.38819
37061.93,446902.34,5369804.67,0.92158,-0.38819
37066.85,446906.97,5369802.72,0.92158,-0.38818
37071.76,446911.59,5369800.77,0.92158,-0.38818
37076.69,446916.22,5369798.83,0.90488,-0.42567
37081.62,446920.63,5369796.52,0.91237,-0.40938
37086.56,446925.32,5369794.74,0.93485,-0.35504
37091.52,446930.02,5369792.96,0.93485,-0.35503
37096.47,446934.71,5369791.18,0.93485,-0.35503
37101.43,446939.40,5369789.39,0.93485,-0.35503
37106.39,446944.10,5369787.61,0.93485,-0.35503
37111.35,446948.79,5369785.83,0.93485,-0.35503
37116.31,446953.48,5369784.05,0.93485,-0.35503
37121.28,446958.17,5369782.26,0.93486,-0.35503
37126.24,446962.87,5369780.48,0.93486,-0.35503
37131.20,446967.56,5369778.70,0.93486,-0.35503
37136.17,446972.25,5369776.92,0.93486,-0.35503
37141.13,446976.95,5369775.14,0.93486,-0.35503
37146.10,446981.64,5369773.35,0.93486,-0.35502
37151.07,446986.33,5369771.57,0.93486,-0.35502
37156.04,446991.02,5369769.79,0.93486,-0.35502
37161.00,446995.72,5369768.01,0.93486,-0.35502
37165.97,447000.41,5369766.22,0.93486,-0.35502
37170.94,447005.10,5369764.44,0.93486,-0.35502
37175.91,447009.80,5369762.66,0.93486,-0.35502
37180.89,447014.49,5369760.88,0.93486,-0.35502
37185.86,447019.18,5369759.10,0.93486,-0.35502
37190.83,447023.87,5369757.31,0.93486,-0.35502
37195.80,447028.57,5369755.53,0.93486,-0.35502
37200.78,447033.26,5369753.75,0.93486,-0.35501
37205.75,447037.95,5369751.97,0.93486,-0.35501
37210.73,447042.65,5369750.19,0.93486,-0.35501
37215.70,447047.34,5369748.40,0.93486,-0.35501
37220.68,447052.03,5369746.62,0.93486,-0.35501
37225.65,447056.72,5369744.84,0.93486,-0.35501
37230.63,447061.42,5369743.06,0.93486,-0.35501
37235.61,447066.11,5369741.27,0.93486,-0.35501
37240.59,447070.80,5369739.49,0.93486,-0.35501
37245.57,447075.50,5369737.71,0.93486,-0.35501
37250.54,447080.19,5369735.93,0.93486,-0.35501
37255.52,447084.88,5369734.15,0.93486,-0.35501
37260.50,447089.57,5369732.36,0.93486,-0.35500
37265.48,447094.27,5369730.58,0.93486,-0.35500
37270.46,447098.96,5369728.80,0.93487,-0.35500
37275.45,447103.65,5369727.02,0.93487,-0.35500
37280.43,447108.35,5369725.24,0.93487,-0.35500
37285.41,447113.04,5369723.45,0.93487,-0.35500
37290.39,447117.73,5369721.67,0.93487,-0.35500
37295.37,447122.43,5369719.89,0.93487,-0.35500
37300.36,447127.12,5369718.11,0.93487,-0.35500
37305.34,447131.81,5369716.33,0.93487,-0.35500
37310.33,447136.50,5369714.54,0.93487,-0.35500
37315.31,447141.20,5369712.76,0.93487,-0.35499
37320.29,447145.89,5369710.98,0.93487,-0.35499
37325.28,447150.58,5369709.20,0.93487,-0.35499
37330.26,447155.28,5369707.42,0.93487,-0.35499
37335.25,447159.97,5369705.63,0.93487,-0.35499
37340.24,447164.66,5369703.85,0.93487,-0.35499
37345.22,447169.36,5369702.07,0.93487,-0.35499
37350.21,447174.05,5369700.29,0.93487,-0.35499
37355.20,447178.74,5369698.51,0.93487,-0.35499
37360.18,447183.43,5369696.72,0.93487,-0.35499
37365.17,447188.13,5369694.94,0.93487,-0.35499
37370.16,447192.82,5369693.16,0.93487,-0.35499
37375.15,447197.51,5369691.38,0.93487,-0.35498
37380.13,447202.21,5369689.60,0.93487,-0.35498
37385.12,447206.90,5369687.81,0.93487,-0.35498
37390.11,447211.59,5369686.03,0.93487,-0.35498
37395.10,447216.29,5369684.25,0.93487,-0.35498
37400.09,447220.98,5369682.47,0.93487,-0.35498
37405.08,447225.67,5369680.69,0.93487,-0.35498
37410.07,447230.36,5369678.90,0.93487,-0.35498
37415.06,447235.06,5369677.12,0.93487,-0.35498
37420.05,447239.75,5369675.34,0.93488,-0.35498
37425.04,447244.44,5369673.56,0.93488,-0.35498
37430.03,447249.14,5369671.78,0.93488,-0.35497
37435.02,447253.83,5369669.99,0.93488,-0.35497
37440.01,447258.52,5369668.21,0.93488,-0.35497
37445.00,447263.22,5369666.43,0.93488,-0.35497
37449.99,447267.91,5369664.65,0.93488,-0.35497
37454.99,447272.60,5369662.87,0.93488,-0.35497
37459.98,447277.29,5369661.08,0.93488,-0.35497
37464.97,447281.99,5369659.30,0.93488,-0.35497
37469.96,447286.68,5369657.52,0.93488,-0.35497
37474.95,447291.37,5369655.74,0.93488,-0.35497
37479.95,447296.07,5369653.96,0.93488,-0.35497
37484.94,447300.76,5369652.17,0.93488,-0.35497
37489.93,447305.45,5369650.39,0.93488,-0.35496
37494.92,447310.15,5369648.61,0.93488,-0.35496
37499.92,447314.84,5369646.83,0.93488,-0.35496
37504.91,447319.53,5369645.05,0.93488,-0.35496
37509.90,447324.23,5369643.26,0.93488,-0.35496
37514.90,447328.92,5369641.48,0.93488,-0.35496
37519.89,447333.61,5369639.70,0.93488,-0.35496
37524.89,447338.30,5369637.92,0.93488,-0.35496
37529.88,447343.00,5369636.14,0.93488,-0.35496
37534.87,447347.69,5369634.36,0.93488,-0.35496
37539.87,447352.38,5369632.57,0.93488,-0.35496
37544.86,447357.08,5369630.79,0.93488,-0.35495
37549.86,447361.77,5369629.01,0.93488,-0.35495
37554.85,447366.46,5369627.23,0.93488,-0.35495
37559.85,447371.16,5369625.45,0.93488,-0.35495
37564.84,447375.85,5369623.66,0.93488,-0.35495
37569.84,447380.54,5369621.88,0.93489,-0.35495
37574.83,447385.24,5369620.10,0.93489,-0.35495
37579.83,447389.93,5369618.32,0.93489,-0.35495
37584.82,447394.62,5369616.54,0.93489,-0.35495
37589.82,447399.32,5369614.75,0.93489,-0.35495
37594.81,447404.01,5369612.97,0.93489,-0.35495
37599.81,447408.70,5369611.19,0.93489,-0.35494
37604.80,447413.39,5369609.41,0.93489,-0.35494
37609.80,447418.09,5369607.63,0.93489,-0.35494
37614.80,447422.78,5369605.85,0.93489,-0.35494
37619.79,447427.47,5369604.06,0.93489,-0.35494
37624.79,447432.17,5369602.28,0.93489,-0.35494
37629.78,447436.86,5369600.50,0.93489,-0.35494
37634.78,447441.55,5369598.72,0.93489,-0.35494
37639.78,447446.25,5369596.94,0.93489,-0.35494
37644.77,447450.94,5369595.15,0.93489,-0.35494
37649.77,447455.63,5369593.37,0.93489,-0.35494
37654.77,447460.33,5369591.59,0.93489,-0.35494
37659.76,447465.02,5369589.81,0.93489,-0.35493
37664.75,447469.71,5369588.03,0.93489,-0.35493
37669.73,447474.41,5369586.25,0.92746,-0.37392
37674.70,447479.02,5369584.28,0.90524,-0.42491
37679.67,447483.48,5369581.99,0.88975,-0.45645
37684.65,447487.95,5369579.69,0.88975,-0.45645
37689.63,447492.42,5369577.40,0.91104,-0.41233
37694.63,447497.08,5369575.56,0.93193,-0.36264
37699.62,447501.77,5369573.76,0.93369,-0.35808
37704.62,447506.46,5369571.96,0.93369,-0.35808
37709.62,447511.15,5369570.17,0.93369,-0.35808
37714.61,447515.83,5369568.37,0.93369,-0.35808
37719.61,447520.52,5369566.57,0.93369,-0.35808
37724.61,447525.21,5369564.77,0.93369,-0.35807
37729.61,447529.90,5369562.98,0.93369,-0.35807
37734.60,447534.58,5369561.18,0.93369,-0.35807
37739.60,447539.27,5369559.38,0.93369,-0.35807
37744.60,447543.96,5369557.58,0.93369,-0.35807
37749.60,447548.64,5369555.79,0.93369,-0.35807
37754.60,447553.33,5369553.99,0.93370,-0.35807
37759.59,447558.02,5369552.19,0.93370,-0.35807
37764.59,447562.71,5369550.39,0.93370,-0.35807
37769.59,447567.39,5369548.60,0.93370,-0.35807
37774.58,447572.08,5369546.80,0.93370,-0.35807
37779.57,447576.77,5369545.00,0.93370,-0.35806
37784.55,447581.45,5369543.20,0.91235,-0.40940
37789.51,447585.91,5369540.90,0.88522,-0.46516
37794.46,447590.34,5369538.53,0.88224,-0.47080
37799.41,447594.77,5369536.17,0.88224,-0.47080
37804.36,447599.20,5369533.81,0.88224,-0.47080
37809.31,447603.63,5369531.44,0.88224,-0.47080
37814.24,447608.06,5369529.08,0.88224,-0.47080
37819.16,447612.49,5369526.71,0.88224,-0.47080
37824.07,447616.92,5369524.35,0.86119,-0.50828
37828.95,447621.12,5369521.62,0.83110,-0.55613
37833.81,447625.26,5369518.77,0.82353,-0.56728
37838.67,447629.40,5369515.92,0.82353,-0.56728
37843.53,447633.53,5369513.07,0.82353,-0.56728
37848.39,447637.67,5369510.22,0.82353,-0.56727
37853.25,447641.80,5369507.37,0.82353,-0.56727
37858.09,447645.94,5369504.53,0.82353,-0.56727
37862.92,447650.07,5369501.68,0.82190,-0.56964
37867.72,447654.19,5369498.81,0.79325,-0.60889
37872.50,447658.03,5369495.57,0.76461,-0.64450
37877.26,447661.87,5369492.33,0.76461,-0.64449
37882.02,447665.71,5369489.09,0.76461,-0.64449
37886.79,447669.55,5369485.86,0.76461,-0.64449
37891.56,447673.39,5369482.62,0.76461,-0.64449
37896.33,447677.23,5369479.38,0.76461,-0.64449
37901.11,447681.07,5369476.15,0.76461,-0.64449
37905.90,447684.91,5369472.91,0.76461,-0.64449
37910.69,447688.75,5369469.67,0.76461,-0.64449
37915.49,447692.60,5369466.43,0.76461,-0.64449
37920.29,447696.44,5369463.20,0.76461,-0.64449
37925.09,447700.28,5369459.96,0.76461,-0.64449
37929.89,447704.12,5369456.72,0.76462,-0.64449
37934.69,447707.96,5369453.49,0.76462,-0.64449
37939.49,447711.80,5369450.25,0.75742,-0.65293
37944.28,447715.56,5369446.93,0.74807,-0.66362
37949.07,447719.31,5369443.58,0.74601,-0.66594
37953.86,447723.06,5369440.24,0.74601,-0.66594
37958.66,447726.81,5369436.89,0.74601,-0.66594
37963.46,447730.55,5369433.55,0.74601,-0.66594
37968.26,447734.30,5369430.20,0.74601,-0.66594
37973.07,447738.05,5369426.86,0.74601,-0.66594
37977.88,447741.79,5369423.51,0.74601,-0.66593
37982.70,447745.54,5369420.17,0.74601,-0.66593
37987.52,447749.29,5369416.82,0.74601,-0.66593
37992.35,447753.04,5369413.48,0.74601,-0.66593
37997.18,447756.78,5369410.13,0.74601,-0.66593
38002.01,447760.53,5369406.79,0.74601,-0.66593
38006.85,447764.28,5369403.44,0.74601,-0.66593
38011.69,447768.03,5369400.10,0.74601,-0.66593
38016.53,447771.77,5369396.75,0.74602,-0.66593
38021.38,447775.52,5369393.41,0.74602,-0.66593
38026.23,447779.27,5369390.06,0.74602,-0.66593
38031.08,447783.01,5369386.72,0.74602,-0.66593
38035.94,447786.76,5369383.37,0.74602,-0.66593
38040.80,447790.51,5369380.03,0.74602,-0.66593
38045.66,447794.26,5369376.68,0.74602,-0.66592
38050.53,447798.00,5369373.34,0.74602,-0.66592
38055.40,447801.75,5369369.99,0.74602,-0.66592
38060.27,447805.50,5369366.65,0.74602,-0.66592
38065.15,447809.24,5369363.30,0.74602,-0.66592
38070.02,447812.99,5369359.96,0.74602,-0.66592
38074.90,447816.74,5369356.61,0.74602,-0.66592
38079.79,447820.49,5369353.27,0.74602,-0.66592
38084.67,447824.23,5369349.92,0.74602,-0.66592
38089.56,447827.98,5369346.58,0.74602,-0.66592
38094.45,447831.73,5369343.23,0.74603,-0.66592
38099.34,447835.48,5369339.89,0.74603,-0.66592
38104.24,447839.22,5369336.54,0.74603,-0.66592
38109.14,447842.97,5369333.20,0.74603,-0.66592
38114.04,447846.72,5369329.86,0.74603,-0.66591
38118.94,447850.46,5369326.51,0.74603,-0.66591
38123.84,447854.21,5369323.17,0.74603,-0.66591
38128.75,447857.96,5369319.82,0.74603,-0.66591
38133.66,447861.71,5369316.48,0.74603,-0.66591
38138.57,447865.45,5369313.13,0.74603,-0.66591
38143.48,447869.20,5369309.79,0.74603,-0.66591
38148.40,447872.95,5369306.44,0.74603,-0.66591
38153.31,447876.70,5369303.10,0.74603,-0.66591
38158.23,447880.44,5369299.75,0.74603,-0.66591
38163.15,447884.19,5369296.41,0.74603,-0.66591
38168.07,447887.94,5369293.06,0.74604,-0.66591
38172.99,447891.69,5369289.72,0.74604,-0.66591
38177.92,447895.43,5369286.37,0.74604,-0.66591
38182.85,447899.18,5369283.03,0.74604,-0.66590
38187.77,447902.93,5369279.68,0.74604,-0.66590
38192.70,447906.67,5369276.34,0.74604,-0.66590
38197.64,447910.42,5369272.99,0.74604,-0.66590
38202.57,447914.17,5369269.65,0.74604,-0.66590
38207.50,447917.92,5369266.30,0.74604,-0.66590
38212.44,447921.66,5369262.96,0.74604,-0.66590
38217.38,447925.41,5369259.61,0.74604,-0.66590
38222.32,447929.16,5369256.27,0.74604,-0.66590
38227.26,447932.91,5369252.92,0.74604,-0.66590
38232.20,447936.65,5369249.58,0.74604,-0.66590
38237.14,447940.40,5369246.23,0.74604,-0.66590
38242.08,447944.15,5369242.89,0.74604,-0.66590
38247.02,447947.90,5369239.54,0.74605,-0.66590
38251.94,447951.64,5369236.20,0.74605,-0.66589
38256.85,447955.39,5369232.85,0.72638,-0.68730
38261.74,447958.93,5369229.30,0.69413,-0.71985
38266.62,447962.36,5369225.63,0.68201,-0.73134
38271.49,447965.79,5369221.95,0.68201,-0.73134
38276.36,447969.21,5369218.28,0.68201,-0.73134
38281.24,447972.64,5369214.60,0.68201,-0.73134
38286.13,447976.07,5369210.93,0.68201,-0.73134
38291.03,447979.49,5369207.26,0.68201,-0.73134
38295.96,447982.92,5369203.58,0.68589,-0.72770
38300.91,447986.38,5369199.95,0.72778,-0.68581
38305.88,447990.22,5369196.70,0.76367,-0.64561
38310.86,447994.05,5369193.46,0.76367,-0.64560
38315.84,447997.89,5369190.22,0.76367,-0.64560
38320.83,448001.72,5369186.98,0.76367,-0.64560
38325.82,448005.56,5369183.73,0.77977,-0.62606
38330.82,448009.55,5369180.69,0.80804,-0.58913
38335.82,448013.67,5369177.82,0.82032,-0.57190
38340.82,448017.79,5369174.95,0.82032,-0.57190
38345.82,448021.91,5369172.08,0.82032,-0.57190
38350.82,448026.03,5369169.20,0.82032,-0.57190
38355.82,448030.15,5369166.33,0.82032,-0.57190
38360.82,448034.27,5369163.46,0.82032,-0.57190
38365.82,448038.39,5369160.59,0.82032,-0.57190
38370.82,448042.51,5369157.71,0.82032,-0.57190
38375.82,448046.63,5369154.84,0.82033,-0.57190
38380.82,448050.75,5369151.97,0.82033,-0.57190
38385.82,448054.87,5369149.10,0.82033,-0.57190
38390.82,448058.99,5369146.23,0.82033,-0.57190
38395.81,448063.11,5369143.35,0.84111,-0.54086
38400.80,448067.43,5369140.80,0.86496,-0.50184
38405.78,448071.79,5369138.32,0.86912,-0.49461
38410.76,448076.16,5369135.83,0.86912,-0.49461
38415.74,448080.52,5369133.35,0.86912,-0.49461
38420.73,448084.88,5369130.87,0.86912,-0.49461
38425.71,448089.25,5369128.38,0.86912,-0.49461
38430.69,448093.61,5369125.90,0.86912,-0.49460
38435.66,448097.98,5369123.41,0.86912,-0.49460
38440.63,448102.34,5369120.93,0.87788,-0.47887
38445.59,448106.79,5369118.61,0.88961,-0.45673
38450.56,448111.27,5369116.34,0.89280,-0.45045
38455.52,448115.76,5369114.08,0.89280,-0.45045
38460.48,448120.24,5369111.82,0.89280,-0.45045
38465.44,448124.72,5369109.56,0.89280,-0.45045
38470.40,448129.20,5369107.30,0.89280,-0.45045
38475.36,448133.69,5369105.04,0.89280,-0.45045
38480.31,448138.17,5369102.77,0.89280,-0.45045
38485.24,448142.65,5369100.51,0.89280,-0.45045
38490.15,448147.13,5369098.25,0.91334,-0.40719
38495.07,448151.80,5369096.43,0.93885,-0.34433
38499.99,448156.55,5369094.80,0.94549,-0.32565
38504.93,448161.30,5369093.16,0.92035,-0.39110
38509.89,448165.77,5369090.88,0.88760,-0.46062
38514.87,448170.21,5369088.54,0.88450,-0.46655
38519.85,448174.65,5369086.20,0.88450,-0.46654
38524.83,448179.09,5369083.85,0.88450,-0.46654
38529.81,448183.53,5369081.51,0.88450,-0.46654
38534.79,448187.97,5369079.17,0.88450,-0.46654
38539.77,448192.41,5369076.83,0.88450,-0.46654
38544.75,448196.85,5369074.48,0.88450,-0.46654
38549.73,448201.29,5369072.14,0.88450,-0.46654
38554.72,448205.74,5369069.80,0.88450,-0.46654
38559.70,448210.18,5369067.46,0.88450,-0.46654
38564.68,448214.62,5369065.11,0.88450,-0.46654
38569.67,448219.06,5369062.77,0.88450,-0.46654
38574.65,448223.50,5369060.43,0.88450,-0.46653
38579.64,448227.94,5369058.09,0.88450,-0.46653
38584.62,448232.38,5369055.74,0.88450,-0.46653
38589.61,448236.83,5369053.40,0.88450,-0.46653
38594.59,448241.27,5369051.06,0.88450,-0.46653
38599.58,448245.71,5369048.72,0.88451,-0.46653
38604.57,448250.15,5369046.37,0.88451,-0.46653
38609.55,448254.59,5369044.03,0.88451,-0.46653
38614.54,448259.03,5369041.69,0.88451,-0.46653
38619.53,448263.47,5369039.35,0.88451,-0.46653
38624.51,448267.91,5369037.00,0.88451,-0.46653
38629.50,448272.36,5369034.66,0.88451,-0.46653
38634.49,448276.80,5369032.32,0.88451,-0.46652
38639.48,448281.24,5369029.98,0.88451,-0.46652
38644.47,448285.68,5369027.63,0.88451,-0.46652
38649.45,448290.12,5369025.29,0.88451,-0.46652
38654.44,448294.56,5369022.95,0.88451,-0.46652
38659.43,448299.00,5369020.61,0.88451,-0.46652
38664.42,448303.44,5369018.26,0.88451,-0.46652
38669.41,448307.89,5369015.92,0.88451,-0.46652
38674.40,448312.33,5369013.58,0.88451,-0.46652
38679.39,448316.77,5369011.24,0.88451,-0.46652
38684.38,448321.21,5369008.89,0.88451,-0.46652
38689.37,448325.65,5369006.55,0.88451,-0.46652
38694.36,448330.09,5369004.21,0.88451,-0.46651
38699.36,448334.53,5369001.87,0.88451,-0.46651
38704.35,448338.98,5368999.52,0.88451,-0.46651
38709.34,448343.42,5368997.18,0.88451,-0.46651
38714.33,448347.86,5368994.84,0.88452,-0.46651
38719.32,448352.30,5368992.50,0.88452,-0.46651
38724.31,448356.74,5368990.15,0.88452,-0.46651
38729.31,448361.18,5368987.81,0.88452,-0.46651
38734.30,448365.62,5368985.47,0.88452,-0.46651
38739.29,448370.06,5368983.13,0.88452,-0.46651
38744.28,448374.51,5368980.78,0.88452,-0.46651
38749.28,448378.95,5368978.44,0.88452,-0.46651
38754.27,448383.39,5368976.10,0.88452,-0.46650
38759.26,448387.83,5368973.76,0.88452,-0.46650
38764.26,448392.27,5368971.41,0.88452,-0.46650
38769.25,448396.71,5368969.07,0.88452,-0.46650
38774.24,448401.15,5368966.73,0.88452,-0.46650
38779.24,448405.60,5368964.39,0.88452,-0.46650
38784.23,448410.04,5368962.04,0.88452,-0.46650
38789.22,448414.48,5368959.70,0.88452,-0.46650
38794.22,448418.92,5368957.36,0.88452,-0.46650
38799.21,448423.36,5368955.02,0.88452,-0.46650
38804.21,448427.80,5368952.67,0.88452,-0.46650
38809.20,448432.24,5368950.33,0.88452,-0.46649
38814.20,448436.69,5368947.99,0.88452,-0.46649
38819.19,448441.13,5368945.65,0.88452,-0.46649
38824.19,448445.57,5368943.30,0.88453,-0.46649
38829.18,448450.01,5368940.96,0.88453,-0.46649
38834.18,448454.45,5368938.62,0.88453,-0.46649
38839.17,448458.89,5368936.28,0.88453,-0.46649
38844.17,448463.33,5368933.94,0.88453,-0.46649
38849.16,448467.78,5368931.59,0.88453,-0.46649
38854.16,448472.22,5368929.25,0.88453,-0.46649
38859.15,448476.66,5368926.91,0.88453,-0.46649
38864.15,448481.10,5368924.57,0.88453,-0.46649
38869.15,448485.54,5368922.22,0.88453,-0.46648
38874.15,448489.98,5368919.88,0.87611,-0.48211
38879.15,448494.34,5368917.38,0.85989,-0.51048
38884.14,448498.62,5368914.76,0.85218,-0.52325
38889.11,448502.90,5368912.13,0.86651,-0.49917
38894.06,448507.26,5368909.78,0.93918,-0.34343
38898.96,448512.12,5368908.76,0.96712,-0.25434
38903.85,448516.91,5368907.24,0.95344,-0.30159
38908.73,448521.69,5368905.73,0.95344,-0.30159
38913.63,448526.48,5368904.21,0.95344,-0.30159
38918.52,448531.27,5368902.70,0.95344,-0.30159
38923.40,448536.05,5368901.19,0.95344,-0.30159
38928.25,448540.84,5368899.67,0.95344,-0.30159
38933.07,448545.62,5368898.16,0.96157,-0.27455
38937.84,448550.47,5368896.92,0.98060,-0.19603
38942.58,448555.44,5368896.19,0.98951,-0.14446
38947.29,448560.41,5368895.47,0.98951,-0.14446
38952.00,448565.38,5368894.74,0.98951,-0.14446
38956.69,448570.34,5368894.02,0.98951,-0.14446
38961.38,448575.31,5368893.29,0.98951,-0.14445
38966.05,448580.28,5368892.57,0.99286,-0.11926
38970.70,448585.27,5368892.10,0.99611,-0.08811
38975.35,448590.28,5368891.68,0.99661,-0.08222
38979.98,448595.28,5368891.27,0.99661,-0.08222
38984.59,448600.28,5368890.86,0.99661,-0.08222
38989.15,448605.28,5368890.45,0.99661,-0.08222
38993.67,448610.29,5368890.03,0.99957,-0.02920
38998.14,448615.29,5368890.15,0.99916,0.04098
39002.56,448620.31,5368890.44,0.99832,0.05792
39006.98,448625.32,5368890.74,0.99832,0.05792
39011.40,448630.33,5368891.03,0.99832,0.05792
39015.84,448635.34,5368891.32,0.99832,0.05792
39020.29,448640.35,5368891.61,0.99832,0.05792
39024.75,448645.36,5368891.90,0.99832,0.05792
39029.22,448650.37,5368892.19,0.99832,0.05793
39033.71,448655.38,5368892.48,0.99832,0.05793
39038.20,448660.40,5368892.77,0.99832,0.05793
39042.71,448665.41,5368893.06,0.99832,0.05793
39047.22,448670.42,5368893.35,0.99832,0.05793
39051.75,448675.43,5368893.64,0.99832,0.05793
39056.28,448680.44,5368893.93,0.99832,0.05793
39060.80,448685.45,5368894.22,0.99832,0.05793
39065.31,448690.46,5368894.52,0.99796,0.06385
39069.81,448695.47,5368894.87,0.99596,0.08978
39074.30,448700.46,5368895.42,0.99396,0.10977
39078.78,448705.45,5368895.97,0.99396,0.10977
39083.27,448710.44,5368896.52,0.99396,0.10977
39087.78,448715.43,5368897.07,0.99396,0.10977
39092.29,448720.41,5368897.62,0.99396,0.10977
39096.81,448725.40,5368898.17,0.99396,0.10977
39101.35,448730.39,5368898.72,0.99396,0.10977
39105.89,448735.38,5368899.27,0.99396,0.10977
39110.44,448740.37,5368899.82,0.99396,0.10978
39114.98,448745.36,5368900.38,0.99396,0.10978
39119.46,448750.35,5368900.93,0.99396,0.10978
39123.89,448755.34,5368901.48,0.99195,0.12665
39128.31,448760.29,5368902.20,0.97513,0.22161
39132.77,448765.09,5368903.69,0.95490,0.29692
39137.27,448769.88,5368905.18,0.98122,0.19287
39141.86,448774.88,5368905.62,0.99614,0.08783
39146.51,448779.88,5368906.06,0.99614,0.08783
39151.19,448784.88,5368906.50,0.99613,0.08784
39155.88,448789.88,5368906.94,0.99613,0.08784
39160.58,448794.88,5368907.38,0.99613,0.08784
39165.28,448799.88,5368907.82,0.99613,0.08784
39169.99,448804.88,5368908.26,0.99613,0.08784
39174.70,448809.88,5368908.70,0.99613,0.08784
39179.42,448814.88,5368909.15,0.99613,0.08784
39184.15,448819.88,5368909.59,0.99613,0.08784
39188.88,448824.88,5368910.03,0.99613,0.08784
39193.62,448829.88,5368910.47,0.99613,0.08784
39198.36,448834.88,5368910.91,0.99613,0.08784
39203.11,448839.88,5368911.35,0.99613,0.08785
39207.87,448844.88,5368911.79,0.99613,0.08785
39212.63,448849.88,5368912.23,0.99613,0.08785
39217.39,448854.88,5368912.67,0.99613,0.08785
39222.17,448859.88,5368913.11,0.99613,0.08785
39226.94,448864.88,5368913.55,0.99613,0.08785
39231.72,448869.89,5368914.00,0.99613,0.08785
39236.51,448874.89,5368914.44,0.99613,0.08785
39241.31,448879.89,5368914.88,0.99613,0.08785
39246.13,448884.89,5368915.32,0.99613,0.08785
39250.99,448889.89,5368915.76,0.99613,0.08785
39255.87,448894.89,5368916.20,0.99933,0.03647
39260.78,448899.90,5368916.13,0.99973,-0.02344
39265.72,448904.92,5368915.97,0.99949,-0.03181
39270.65,448909.93,5368915.81,0.99949,-0.03181
39275.59,448914.95,5368915.65,0.99949,-0.03181
39280.53,448919.97,5368915.49,0.99949,-0.03181
39285.48,448924.99,5368915.33,0.99949,-0.03181
39290.43,448930.00,5368915.17,0.99949,-0.03180
39295.39,448935.02,5368915.01,0.99949,-0.03180
39300.37,448940.04,5368914.85,0.99916,-0.04088
39305.36,448945.04,5368914.60,0.99431,-0.10650
39310.36,448950.00,5368913.78,0.98669,-0.16263
39315.36,448954.95,5368912.96,0.98669,-0.16263
39320.35,448959.90,5368912.15,0.98669,-0.16263
39325.35,448964.86,5368911.33,0.98669,-0.16263
39330.35,448969.81,5368910.52,0.98669,-0.16263
39335.35,448974.76,5368909.70,0.98669,-0.16263
39340.35,448979.71,5368908.88,0.98669,-0.16263
39345.35,448984.67,5368908.07,0.98348,-0.18103
39350.35,448989.58,5368907.07,0.97595,-0.21801
39355.34,448994.46,5368905.88,0.97162,-0.23655
39360.33,448999.34,5368904.69,0.97162,-0.23655
39365.33,449004.22,5368903.50,0.97162,-0.23655
39370.31,449009.09,5368902.32,0.97162,-0.23655
39375.29,449013.97,5368901.13,0.97162,-0.23655
39380.26,449018.85,5368899.94,0.96249,-0.27133
39385.22,449023.62,5368898.41,0.94703,-0.32113
39390.18,449028.35,5368896.72,0.94173,-0.33636
39395.15,449033.08,5368895.03,0.94173,-0.33636
39400.12,449037.81,5368893.34,0.95657,-0.29149
39405.09,449042.66,5368892.11,0.96971,-0.24427
39410.07,449047.52,5368890.89,0.96182,-0.27369
39415.04,449052.30,5368889.37,0.95256,-0.30435
39420.01,449057.09,5368887.84,0.95256,-0.30435
39424.98,449061.87,5368886.31,0.95256,-0.30435
39429.94,449066.65,5368884.78,0.95256,-0.30435
39434.91,449071.43,5368883.26,0.95256,-0.30435
39439.88,449076.21,5368881.73,0.95256,-0.30435
39444.85,449081.00,5368880.20,0.95256,-0.30435
39449.82,449085.78,5368878.67,0.95256,-0.30435
39454.78,449090.56,5368877.14,0.95256,-0.30435
39459.74,449095.34,5368875.62,0.93926,-0.34321
39464.70,449099.97,5368873.71,0.93887,-0.34428
39469.67,449104.75,5368872.17,0.95186,-0.30652
39474.64,449109.53,5368870.63,0.95186,-0.30652
39479.62,449114.30,5368869.09,0.95187,-0.30652
39484.59,449119.08,5368867.55,0.95187,-0.30652
39489.57,449123.86,5368866.01,0.95187,-0.30652
39494.56,449128.64,5368864.47,0.95187,-0.30651
39499.55,449133.42,5368862.93,0.95672,-0.29102
39504.55,449138.24,5368861.55,0.97152,-0.23695
39509.55,449143.16,5368860.56,0.98018,-0.19813
39514.55,449148.08,5368859.56,0.98018,-0.19813
39519.55,449153.00,5368858.57,0.98018,-0.19813
39524.54,449157.92,5368857.58,0.98018,-0.19813
39529.53,449162.84,5368856.58,0.98555,-0.16937
39534.50,449167.80,5368855.88,0.99462,-0.10359
39539.47,449172.81,5368855.54,0.99777,-0.06671
39544.44,449177.82,5368855.21,0.99777,-0.06671
39549.40,449182.83,5368854.87,0.99358,-0.11312
39554.36,449187.77,5368854.07,0.99131,-0.13155
39559.30,449192.73,5368853.56,0.99842,-0.05617
39564.23,449197.75,5368853.51,0.99996,-0.00898
39569.14,449202.77,5368853.47,0.99996,-0.00898
39574.06,449207.79,5368853.42,0.99996,-0.00898
39578.97,449212.81,5368853.38,0.99996,-0.00898
39583.89,449217.83,5368853.33,0.99996,-0.00898
39588.81,449222.85,5368853.29,0.99996,-0.00898
39593.72,449227.87,5368853.24,0.99996,-0.00898
39598.65,449232.89,5368853.20,0.99996,-0.00897
39603.57,449237.91,5368853.15,0.99996,-0.00897
39608.49,449242.93,5368853.11,0.99996,-0.00897
39613.42,449247.94,5368853.06,0.99996,-0.00897
39618.35,449252.96,5368853.02,0.99996,-0.00897
39623.27,449257.98,5368852.97,0.99996,-0.00897
39628.18,449263.00,5368852.93,0.99996,-0.00897
39633.08,449268.02,5368852.88,0.99999,0.00538
39637.97,449273.04,5368852.98,0.99894,0.04594
39642.84,449278.04,5368853.34,0.99740,0.07208
39647.71,449283.05,5368853.70,0.99740,0.07208
39652.58,449288.06,5368854.07,0.99740,0.07208
39657.48,449293.06,5368854.43,0.99740,0.07208
39662.39,449298.07,5368854.79,0.99919,0.04027
39667.32,449303.09,5368854.83,0.99999,0.00438
39672.25,449308.11,5368854.83,1.00000,0.00035
39677.20,449313.13,5368854.84,1.00000,0.00035
39682.14,449318.15,5368854.84,1.00000,0.00035
39687.08,449323.17,5368854.84,1.00000,0.00035
39692.03,449328.19,5368854.84,1.00000,0.00035
39696.98,449333.21,5368854.84,1.00000,0.00035
39701.92,449338.22,5368854.84,1.00000,0.00036
39706.87,449343.24,5368854.85,1.00000,0.00036
39711.82,449348.26,5368854.85,1.00000,0.00036
39716.77,449353.28,5368854.85,1.00000,0.00036
39721.73,449358.30,5368854.85,1.00000,0.00036
39726.68,449363.32,5368854.85,1.00000,0.00036
39731.64,449368.34,5368854.86,1.00000,0.00036
39736.59,449373.36,5368854.86,1.00000,0.00036
39741.55,449378.38,5368854.86,1.00000,0.00036
39746.50,449383.40,5368854.86,1.00000,0.00036
39751.46,449388.42,5368854.86,1.00000,0.00036
39756.42,449393.44,5368854.86,1.00000,0.00037
39761.38,449398.46,5368854.87,1.00000,0.00037
39766.34,449403.48,5368854.87,1.00000,0.00037
39771.31,449408.50,5368854.87,1.00000,0.00037
39776.27,449413.52,5368854.87,1.00000,0.00037
39781.23,449418.54,5368854.87,1.00000,0.00037
39786.20,449423.56,5368854.88,1.00000,0.00037
39791.16,449428.58,5368854.88,1.00000,0.00037
39796.13,449433.60,5368854.88,1.00000,0.00037
39801.09,449438.62,5368854.88,1.00000,0.00037
39806.06,449443.64,5368854.88,1.00000,0.00037
39811.03,449448.66,5368854.89,1.00000,0.00038
39816.00,449453.67,5368854.89,1.00000,0.00038
39820.97,449458.69,5368854.89,1.00000,0.00038
39825.94,449463.71,5368854.89,1.00000,0.00038
39830.91,449468.73,5368854.89,1.00000,0.00038
39835.88,449473.75,5368854.89,1.00000,0.00038
39840.85,449478.77,5368854.90,1.00000,0.00038
39845.83,449483.79,5368854.90,1.00000,0.00038
39850.80,449488.81,5368854.90,1.00000,0.00038
39855.77,449493.83,5368854.90,1.00000,0.00038
39860.75,449498.85,5368854.90,1.00000,0.00038
39865.72,449503.87,5368854.91,1.00000,0.00038
39870.70,449508.89,5368854.91,1.00000,0.00039
39875.67,449513.91,5368854.91,1.00000,0.00039
39880.65,449518.93,5368854.91,1.00000,0.00039
39885.63,449523.95,5368854.91,1.00000,0.00039
39890.62,449528.97,5368854.92,1.00000,0.00039
39895.61,449533.99,5368854.92,0.99994,-0.01116
39900.61,449539.00,5368854.80,0.99889,-0.04710
39905.61,449544.01,5368854.45,0.99745,-0.07144
39910.60,449549.02,5368854.09,0.99745,-0.07144
39915.60,449554.02,5368853.73,0.98724,-0.15922
39920.58,449558.87,5368852.50,0.98345,-0.18116
39925.55,449563.85,5368851.92,0.99329,-0.11566
39930.49,449568.84,5368851.34,0.97537,-0.22057
39935.40,449573.58,5368849.72,0.94408,-0.32971
39940.26,449578.31,5368848.03,0.94891,-0.31556
39945.06,449583.07,5368846.56,0.94794,-0.31844
39949.79,449587.79,5368844.84,0.93517,-0.35419
39954.43,449592.45,5368843.01,0.88620,-0.46330
39958.97,449596.63,5368840.22,0.83206,-0.55468
39963.42,449600.81,5368837.44,0.83206,-0.55468
39967.81,449604.99,5368834.65,0.82969,-0.55823
39972.12,449609.14,5368831.83,0.79141,-0.61128
39976.30,449612.92,5368828.53,0.79041,-0.61258
39980.34,449617.05,5368825.70,0.75588,-0.65471
39984.20,449620.43,5368822.02,0.65778,-0.75321
39987.91,449623.64,5368818.16,0.63920,-0.76904
39991.63,449626.85,5368814.29,0.59130,-0.80645
39995.35,449629.56,5368810.08,0.51443,-0.85753
39999.06,449632.01,5368805.70,0.48743,-0.87316
40002.78,449634.46,5368801.31,0.48134,-0.87654
40006.49,449636.84,5368796.89,0.41646,-0.90915
40010.21,449638.63,5368792.19,0.35598,-0.93449
40013.92,449640.42,5368787.49,0.35598,-0.93449
40017.64,449642.21,5368782.80,0.35283,-0.93569
40021.39,449643.97,5368778.09,0.29947,-0.95411
40025.18,449645.22,5368773.22,0.30494,-0.95237
40029.03,449647.03,5368768.53,0.36546,-0.93083
40032.94,449648.89,5368763.86,0.37048,-0.92884
40036.90,449650.75,5368759.19,0.37048,-0.92884
40040.86,449652.62,5368754.53,0.37048,-0.92884
40044.84,449654.48,5368749.86,0.37048,-0.92884
40048.81,449656.34,5368745.19,0.35964,-0.93309
40052.79,449658.09,5368740.48,0.34414,-0.93892
40056.77,449659.80,5368735.75,0.33953,-0.94059
40060.76,449661.51,5368731.02,0.33953,-0.94059
40064.78,449663.21,5368726.29,0.33953,-0.94059
40068.82,449664.92,5368721.56,0.33953,-0.94059
40072.87,449666.63,5368716.84,0.33953,-0.94059
40076.95,449668.34,5368712.11,0.33953,-0.94059
40081.05,449670.04,5368707.38,0.33953,-0.94059
40085.16,449671.75,5368702.65,0.33954,-0.94059
40089.30,449673.46,5368697.92,0.33954,-0.94059
40093.45,449675.16,5368693.19,0.33954,-0.94059
40097.63,449676.87,5368688.47,0.33954,-0.94059
40101.82,449678.58,5368683.74,0.33954,-0.94059
40106.02,449680.28,5368679.01,0.33954,-0.94059
40110.25,449681.99,5368674.28,0.33954,-0.94059
40114.49,449683.70,5368669.55,0.33954,-0.94059
40118.75,449685.40,5368664.82,0.33954,-0.94059
40123.02,449687.11,5368660.10,0.33954,-0.94059
40127.31,449688.82,5368655.37,0.33954,-0.94059
40131.61,449690.52,5368650.64,0.33954,-0.94059
40135.93,449692.23,5368645.91,0.33954,-0.94059
40140.27,449693.94,5368641.18,0.33954,-0.94059
40144.62,449695.64,5368636.45,0.33954,-0.94059
40148.98,449697.35,5368631.73,0.33954,-0.94059
40153.36,449699.06,5368627.00,0.33954,-0.94059
40157.75,449700.77,5368622.27,0.33954,-0.94059
40162.15,449702.47,5368617.54,0.33955,-0.94059
40166.56,449704.18,5368612.81,0.33955,-0.94059
40170.99,449705.89,5368608.08,0.33955,-0.94059
40175.43,449707.59,5368603.36,0.33955,-0.94059
40179.89,449709.30,5368598.63,0.33955,-0.94059
40184.35,449711.01,5368593.90,0.33955,-0.94059
40188.83,449712.71,5368589.17,0.33955,-0.94059
40193.32,449714.42,5368584.44,0.33955,-0.94059
40197.82,449716.13,5368579.71,0.33955,-0.94059
40202.33,449717.83,5368574.99,0.33955,-0.94059
40206.85,449719.54,5368570.26,0.33955,-0.94059
40211.38,449721.25,5368565.53,0.33955,-0.94059
40215.92,449722.96,5368560.80,0.33955,-0.94059
40220.47,449724.66,5368556.07,0.33955,-0.94059
40225.03,449726.37,5368551.34,0.33955,-0.94059
40229.60,449728.08,5368546.62,0.33955,-0.94059
40234.18,449729.78,5368541.89,0.33955,-0.94059
40238.77,449731.49,5368537.16,0.33955,-0.94059
40243.37,449733.20,5368532.43,0.33956,-0.94059
40247.98,449734.90,5368527.70,0.33956,-0.94059
40252.59,449736.61,5368522.97,0.33956,-0.94059
40257.22,449738.32,5368518.25,0.33956,-0.94059
40261.85,449740.02,5368513.52,0.33956,-0.94059
40266.49,449741.73,5368508.79,0.33956,-0.94059
40271.14,449743.44,5368504.06,0.33956,-0.94058
40275.79,449745.15,5368499.33,0.33956,-0.94058
40280.45,449746.85,5368494.60,0.33956,-0.94058
40285.13,449748.56,5368489.88,0.33956,-0.94058
40289.80,449750.27,5368485.15,0.33956,-0.94058
40294.49,449751.97,5368480.42,0.33956,-0.94058
40299.18,449753.68,5368475.69,0.33956,-0.94058
40303.88,449755.39,5368470.96,0.33956,-0.94058
40308.58,449757.09,5368466.23,0.33956,-0.94058
40313.29,449758.80,5368461.51,0.33956,-0.94058
40318.01,449760.51,5368456.78,0.33956,-0.94058
40322.74,449762.22,5368452.05,0.33956,-0.94058
40327.47,449763.92,5368447.32,0.33957,-0.94058
40332.20,449765.63,5368442.59,0.33957,-0.94058
40336.94,449767.34,5368437.86,0.33957,-0.94058
40341.69,449769.04,5368433.14,0.33957,-0.94058
40346.44,449770.75,5368428.41,0.33957,-0.94058
40351.20,449772.46,5368423.68,0.33957,-0.94058
40355.97,449774.16,5368418.95,0.33957,-0.94058
40360.73,449775.87,5368414.22,0.33957,-0.94058
40365.51,449777.58,5368409.49,0.33957,-0.94058
40370.29,449779.29,5368404.77,0.33957,-0.94058
40375.07,449780.99,5368400.04,0.33957,-0.94058
40379.86,449782.70,5368395.31,0.33957,-0.94058
40384.65,449784.41,5368390.58,0.33957,-0.94058
40389.45,449786.11,5368385.85,0.33957,-0.94058
40394.25,449787.82,5368381.12,0.33957,-0.94058
40399.06,449789.53,5368376.40,0.33957,-0.94058
40403.87,449791.23,5368371.67,0.33957,-0.94058
40408.68,449792.94,5368366.94,0.33957,-0.94058
40413.50,449794.65,5368362.21,0.33958,-0.94058
40418.33,449796.36,5368357.48,0.33958,-0.94058
40423.18,449798.06,5368352.76,0.33958,-0.94058
40428.07,449799.77,5368348.03,0.33958,-0.94058
40432.99,449801.48,5368343.30,0.37435,-0.92729
40437.92,449803.52,5368338.74,0.46490,-0.88536
40442.87,449806.12,5368334.45,0.47914,-0.87774
40447.83,449808.33,5368329.93,0.43838,-0.89879
40452.79,449810.53,5368325.41,0.43838,-0.89879
40457.77,449812.73,5368320.90,0.41879,-0.90808
40462.76,449814.74,5368316.30,0.50655,-0.86221
40467.75,449817.76,5368312.35,0.56115,-0.82771
40472.75,449820.33,5368308.04,0.50963,-0.86039
40477.75,449822.88,5368303.70,0.55299,-0.83319
40482.74,449825.85,5368299.72,0.65135,-0.75878
40487.72,449829.37,5368296.14,0.67044,-0.74196
40492.70,449832.58,5368292.28,0.63926,-0.76899
40497.67,449835.79,5368288.42,0.63049,-0.77620
40502.63,449838.91,5368284.48,0.60687,-0.79480
40507.58,449841.88,5368280.44,0.65071,-0.75932
40512.49,449845.42,5368276.89,0.72809,-0.68548
40517.37,449849.18,5368273.57,0.74954,-0.66196
40522.22,449852.95,5368270.24,0.74954,-0.66196
40527.06,449856.71,5368266.92,0.74954,-0.66196
40531.87,449860.48,5368263.59,0.76330,-0.64604
40536.66,449864.38,5368260.43,0.79285,-0.60942
40541.43,449868.44,5368257.47,0.80841,-0.58863
40546.19,449872.50,5368254.52,0.80841,-0.58862
40550.95,449876.56,5368251.56,0.80841,-0.58862
40555.72,449880.62,5368248.60,0.80841,-0.58862
40560.50,449884.68,5368245.65,0.80841,-0.58862
40565.27,449888.74,5368242.69,0.80841,-0.58862
40570.06,449892.80,5368239.73,0.80841,-0.58862
40574.84,449896.86,5368236.78,0.80841,-0.58862
40579.64,449900.92,5368233.82,0.80841,-0.58862
40584.43,449904.98,5368230.86,0.80841,-0.58862
40589.23,449909.04,5368227.91,0.80841,-0.58862
40594.04,449913.10,5368224.95,0.80841,-0.58862
40598.85,449917.16,5368222.00,0.80841,-0.58862
40603.66,449921.22,5368219.04,0.80841,-0.58862
40608.48,449925.28,5368216.08,0.80841,-0.58861
40613.30,449929.34,5368213.13,0.80841,-0.58861
40618.13,449933.40,5368210.17,0.80842,-0.58861
40622.96,449937.46,5368207.21,0.80842,-0.58861
40627.79,449941.52,5368204.26,0.80842,-0.58861
40632.63,449945.58,5368201.30,0.80842,-0.58861
40637.47,449949.64,5368198.34,0.80842,-0.58861
40642.32,449953.71,5368195.39,0.80842,-0.58861
40647.17,449957.77,5368192.43,0.80842,-0.58861
40652.02,449961.83,5368189.47,0.80842,-0.58861
40656.87,449965.89,5368186.52,0.80842,-0.58861
40661.73,449969.95,5368183.56,0.80842,-0.58861
40666.59,449974.01,5368180.60,0.80842,-0.58861
40671.45,449978.07,5368177.65,0.80842,-0.58860
40676.32,449982.13,5368174.69,0.80842,-0.58860
40681.19,449986.19,5368171.74,0.80842,-0.58860
40686.06,449990.25,5368168.78,0.80842,-0.58860
40690.94,449994.31,5368165.82,0.80842,-0.58860
40695.82,449998.37,5368162.87,0.80842,-0.58860
40700.70,450002.43,5368159.91,0.80842,-0.58860
40705.58,450006.49,5368156.95,0.80843,-0.58860
40710.47,450010.55,5368154.00,0.80843,-0.58860
40715.36,450014.61,5368151.04,0.80843,-0.58860
40720.25,450018.67,5368148.08,0.80843,-0.58860
40725.14,450022.73,5368145.13,0.80843,-0.58860
40730.04,450026.80,5368142.17,0.80843,-0.58859
40734.93,450030.86,5368139.22,0.80843,-0.58859
40739.83,450034.92,5368136.26,0.80843,-0.58859
40744.74,450038.98,5368133.30,0.80843,-0.58859
40749.64,450043.04,5368130.35,0.80843,-0.58859
40754.55,450047.10,5368127.39,0.80843,-0.58859
40759.46,450051.16,5368124.43,0.80843,-0.58859
40764.37,450055.22,5368121.48,0.80843,-0.58859
40769.28,450059.28,5368118.52,0.80843,-0.58859
40774.19,450063.34,5368115.56,0.80843,-0.58859
40779.11,450067.40,5368112.61,0.80843,-0.58859
40784.03,450071.46,5368109.65,0.80843,-0.58859
40788.95,450075.52,5368106.69,0.80844,-0.58859
40793.87,450079.58,5368103.74,0.80844,-0.58858
40798.80,450083.64,5368100.78,0.80844,-0.58858
40803.72,450087.70,5368097.83,0.80844,-0.58858
40808.65,450091.77,5368094.87,0.80844,-0.58858
40813.58,450095.83,5368091.91,0.80844,-0.58858
40818.51,450099.89,5368088.96,0.80844,-0.58858
40823.44,450103.95,5368086.00,0.80844,-0.58858
40828.37,450108.01,5368083.04,0.80844,-0.58858
40833.31,450112.07,5368080.09,0.80844,-0.58858
40838.24,450116.13,5368077.13,0.80844,-0.58858
40843.16,450120.19,5368074.18,0.80844,-0.58858
40848.06,450124.25,5368071.22,0.80844,-0.58858
40852.93,450128.31,5368068.26,0.83251,-0.55401
40857.77,450132.60,5368065.67,0.86940,-0.49410
40862.58,450137.03,5368063.31,0.88294,-0.46949
40867.34,450141.46,5368060.95,0.88294,-0.46949
40872.07,450145.90,5368058.59,0.89006,-0.45584
40876.77,450150.40,5368056.37,0.91342,-0.40702
40881.43,450155.06,5368054.51,0.92847,-0.37140
40886.05,450159.72,5368052.64,0.92847,-0.37140
40890.63,450164.38,5368050.78,0.92884,-0.37048
40895.17,450169.05,5368048.92,0.94739,-0.32009
40899.68,450173.88,5368047.57,0.96293,-0.26974
40904.16,450178.72,5368046.22,0.96293,-0.26974
40908.64,450183.55,5368044.86,0.96293,-0.26974
40913.13,450188.39,5368043.51,0.96293,-0.26974
40917.60,450193.22,5368042.15,0.96293,-0.26974
40922.00,450198.06,5368040.80,0.96293,-0.26974
40926.33,450202.89,5368039.44,0.97179,-0.23585
40930.59,450207.79,5368038.44,0.98904,-0.14767
40934.78,450212.79,5368037.97,0.99561,-0.09357
40938.93,450217.79,5368037.50,0.99561,-0.09357
40943.09,450222.79,5368037.03,0.99561,-0.09357
40947.25,450227.78,5368036.56,0.99561,-0.09357
40951.39,450232.78,5368036.09,0.99561,-0.09356
40955.49,450237.78,5368035.62,0.99561,-0.09356
40959.53,450242.78,5368035.15,0.99839,-0.05674
40963.51,450247.79,5368035.05,0.99996,0.00945
40967.45,450252.80,5368035.24,0.99925,0.03860
40971.37,450257.82,5368035.44,0.99925,0.03860
40975.30,450262.84,5368035.63,0.99925,0.03860
40979.26,450267.85,5368035.82,0.99925,0.03860
40983.24,450272.87,5368036.02,0.99925,0.03860
40987.24,450277.89,5368036.21,0.99925,0.03860
40991.26,450282.90,5368036.41,0.99925,0.03860
40995.31,450287.92,5368036.60,0.99925,0.03860
40999.37,450292.94,5368036.79,0.99925,0.03860
41003.45,450297.95,5368036.99,0.99925,0.03860
41007.56,450302.97,5368037.18,0.99925,0.03860
41011.68,450307.99,5368037.37,0.99925,0.03861
41015.82,450313.00,5368037.57,0.99925,0.03861
41019.98,450318.02,5368037.76,0.99925,0.03861
41024.16,450323.04,5368037.96,0.99925,0.03861
41028.36,450328.05,5368038.15,0.99925,0.03861
41032.57,450333.07,5368038.34,0.99925,0.03861
41036.80,450338.08,5368038.54,0.99925,0.03861
41041.05,450343.10,5368038.73,0.99925,0.03861
41045.31,450348.12,5368038.93,0.99925,0.03861
41049.59,450353.13,5368039.12,0.99925,0.03861
41053.88,450358.15,5368039.31,0.99925,0.03861
41058.19,450363.17,5368039.51,0.99925,0.03862
41062.52,450368.18,5368039.70,0.99925,0.03862
41066.85,450373.20,5368039.89,0.99925,0.03862
41071.21,450378.22,5368040.09,0.99925,0.03862
41075.57,450383.23,5368040.28,0.99925,0.03862
41079.96,450388.25,5368040.48,0.99925,0.03862
41084.35,450393.27,5368040.67,0.99925,0.03862
41088.76,450398.28,5368040.86,0.99925,0.03862
41093.18,450403.30,5368041.06,0.99925,0.03862
41097.61,450408.32,5368041.25,0.99925,0.03862
41102.06,450413.33,5368041.45,0.99925,0.03862
41106.51,450418.35,5368041.64,0.99925,0.03863
41110.98,450423.37,5368041.83,0.99925,0.03863
41115.46,450428.38,5368042.03,0.99925,0.03863
41119.95,450433.40,5368042.22,0.99925,0.03863
41124.46,450438.42,5368042.42,0.99925,0.03863
41128.97,450443.43,5368042.61,0.99925,0.03863
41133.49,450448.45,5368042.80,0.99925,0.03863
41138.03,450453.47,5368043.00,0.99925,0.03863
41142.57,450458.48,5368043.19,0.99925,0.03863
41147.13,450463.50,5368043.39,0.99925,0.03863
41151.71,450468.51,5368043.58,0.99925,0.03863
41156.32,450473.53,5368043.77,0.99925,0.03863
41160.95,450478.55,5368043.97,0.99982,0.01907
41165.61,450483.57,5368043.96,0.99999,-0.00463
41170.29,450488.59,5368043.92,0.99996,-0.00875
41174.98,450493.61,5368043.88,0.99996,-0.00875
41179.68,450498.63,5368043.83,0.99996,-0.00875
41184.39,450503.65,5368043.79,0.99996,-0.00875
41189.11,450508.67,5368043.74,0.99996,-0.00875
41193.85,450513.69,5368043.70,0.99996,-0.00875
41198.61,450518.71,5368043.66,0.99992,-0.01229
41203.38,450523.73,5368043.58,0.99928,-0.03798
41208.18,450528.74,5368043.28,0.99819,-0.06012
41213.00,450533.75,5368042.97,0.99819,-0.06012
41217.81,450538.76,5368042.67,0.99819,-0.06011
41222.64,450543.77,5368042.37,0.99819,-0.06011
41227.47,450548.78,5368042.07,0.99819,-0.06011
41232.30,450553.79,5368041.77,0.99819,-0.06011
41237.13,450558.81,5368041.47,0.99819,-0.06011
41241.97,450563.82,5368041.16,0.99819,-0.06011
41246.81,450568.83,5368040.86,0.99819,-0.06011
41251.66,450573.84,5368040.56,0.99819,-0.06011
41256.51,450578.85,5368040.26,0.99819,-0.06011
41261.36,450583.86,5368039.96,0.99819,-0.06011
41266.21,450588.87,5368039.65,0.99819,-0.06011
41271.07,450593.88,5368039.35,0.99819,-0.06010
41275.93,450598.89,5368039.05,0.99819,-0.06010
41280.80,450603.91,5368038.75,0.99819,-0.06010
41285.67,450608.92,5368038.45,0.99819,-0.06010
41290.54,450613.93,5368038.15,0.99819,-0.06010
41295.41,450618.94,5368037.84,0.99819,-0.06010
41300.29,450623.95,5368037.54,0.99819,-0.06010
41305.16,450628.96,5368037.24,0.99819,-0.06010
41310.05,450633.97,5368036.94,0.99819,-0.06010
41314.93,450638.98,5368036.64,0.99819,-0.06010
41319.82,450644.00,5368036.34,0.99819,-0.06010
41324.71,450649.01,5368036.03,0.99819,-0.06009
41329.60,450654.02,5368035.73,0.99819,-0.06009
41334.49,450659.03,5368035.43,0.99819,-0.06009
41339.39,450664.04,5368035.13,0.99819,-0.06009
41344.29,450669.05,5368034.83,0.99819,-0.06009
41349.19,450674.06,5368034.53,0.99819,-0.06009
41354.09,450679.07,5368034.22,0.99819,-0.06009
41359.00,450684.09,5368033.92,0.99819,-0.06009
41363.90,450689.10,5368033.62,0.99819,-0.06009
41368.81,450694.11,5368033.32,0.99819,-0.06009
41373.73,450699.12,5368033.02,0.99819,-0.06009
41378.65,450704.13,5368032.72,0.99819,-0.06009
41383.59,450709.14,5368032.41,0.99819,-0.06008
41388.54,450714.15,5368032.11,0.99607,-0.08862
41393.50,450719.12,5368031.53,0.98879,-0.14934
41398.46,450724.05,5368030.62,0.99039,-0.13830
41403.42,450729.05,5368030.14,0.99547,-0.09509
41408.37,450734.05,5368029.66,0.99547,-0.09509
41413.32,450739.05,5368029.18,0.99547,-0.09509
41418.28,450744.04,5368028.71,0.99547,-0.09509
41423.24,450749.04,5368028.23,0.99547,-0.09509
41428.22,450754.04,5368027.75,0.99547,-0.09509
41433.21,450759.04,5368027.28,0.99054,-0.13723
41438.21,450763.96,5368026.38,0.97876,-0.20501
41443.21,450768.85,5368025.22,0.97305,-0.23060
41448.21,450773.74,5368024.06,0.97305,-0.23060
41453.21,450778.62,5368022.90,0.97305,-0.23060
41458.21,450783.51,5368021.75,0.97305,-0.23060
41463.21,450788.39,5368020.59,0.97305,-0.23060
41468.21,450793.28,5368019.43,0.97305,-0.23060
41473.21,450798.16,5368018.27,0.97305,-0.23060
41478.20,450803.05,5368017.12,0.97305,-0.23060
41483.19,450807.93,5368015.96,0.96418,-0.26524
41488.18,450812.72,5368014.46,0.94813,-0.31787
41493.15,450817.45,5368012.77,0.94186,-0.33601
41498.13,450822.17,5368011.08,0.94186,-0.33601
41503.10,450826.90,5368009.39,0.94186,-0.33601
41508.07,450831.63,5368007.71,0.94186,-0.33601
41513.04,450836.36,5368006.02,0.94186,-0.33601
41518.02,450841.09,5368004.33,0.94186,-0.33601
41522.99,450845.82,5368002.65,0.94186,-0.33601
41527.97,450850.55,5368000.96,0.94186,-0.33601
41532.94,450855.28,5367999.27,0.94186,-0.33601
41537.91,450860.01,5367997.58,0.94186,-0.33601
41542.87,450864.74,5367995.90,0.93746,-0.34809
41547.83,450869.42,5367994.09,0.92809,-0.37235
41552.78,450874.06,5367992.16,0.92312,-0.38451
41557.73,450878.69,5367990.23,0.92312,-0.38451
41562.68,450883.33,5367988.30,0.92312,-0.38451
41567.63,450887.96,5367986.37,0.92312,-0.38451
41572.58,450892.60,5367984.44,0.92312,-0.38451
41577.53,450897.23,5367982.50,0.92312,-0.38451
41582.49,450901.87,5367980.57,0.92312,-0.38450
41587.44,450906.50,5367978.64,0.92312,-0.38450
41592.40,450911.14,5367976.71,0.92312,-0.38450
41597.36,450915.77,5367974.78,0.92312,-0.38450
41602.33,450920.41,5367972.85,0.91727,-0.39827
41607.30,450924.67,5367970.92,0.92856,-0.37118
41612.27,450929.41,5367969.25,0.94343,-0.33156
41617.24,450934.15,5367967.59,0.94343,-0.33156
41622.21,450938.89,5367965.92,0.92537,-0.37907
41627.18,450943.42,5367963.79,0.90566,-0.42400
41632.16,450947.96,5367961.67,0.92664,-0.37594
41637.14,450952.71,5367960.02,0.94445,-0.32867
41642.13,450957.45,5367958.37,0.94445,-0.32867
41647.13,450962.19,5367956.72,0.94445,-0.32866
41652.13,450966.93,5367955.07,0.94445,-0.32866
41657.13,450971.68,5367953.42,0.94717,-0.32073
41662.12,450976.43,5367951.85,0.97961,-0.20093
41667.12,450981.40,5367951.43,0.98551,-0.16959
41672.11,450986.26,5367950.16,0.96786,-0.25148
41677.09,450991.12,5367948.90,0.96786,-0.25147
41682.07,450995.98,5367947.64,0.98042,-0.19692
41687.03,451000.93,5367946.93,0.99342,-0.11455
41691.97,451005.94,5367946.49,0.99616,-0.08752
41696.90,451010.94,5367946.05,0.98950,-0.14455
41701.81,451015.85,5367945.04,0.99213,-0.12517
41706.69,451020.85,5367944.80,0.99960,-0.02843
41711.55,451025.87,5367944.76,0.99996,-0.00865
41716.36,451030.89,5367944.71,0.99996,-0.00865
41721.13,451035.91,5367944.67,1.00000,-0.00123
41725.87,451040.92,5367944.70,0.99731,0.07337
41730.59,451045.89,5367945.40,0.99013,0.14013
41735.27,451050.87,5367946.11,0.99136,0.13116
41739.93,451055.84,5367946.72,0.99778,0.06664
41744.57,451060.85,5367946.77,0.99405,0.10891
41749.17,451065.77,5367947.81,0.97861,0.20573
41753.74,451070.68,5367948.84,0.97861,0.20573
41758.30,451075.59,5367949.87,0.97861,0.20573
41762.86,451080.51,5367950.91,0.97861,0.20573
41767.42,451085.42,5367951.94,0.97861,0.20573
41771.96,451090.33,5367952.97,0.97861,0.20574
41776.50,451095.25,5367954.01,0.97377,0.22753
41781.02,451100.11,5367955.26,0.96750,0.25288
41785.54,451104.96,5367956.54,0.96653,0.25654
41790.06,451109.81,5367957.83,0.96653,0.25654
41794.59,451114.67,5367959.12,0.96653,0.25654
41799.12,451119.52,5367960.41,0.96653,0.25654
41803.67,451124.37,5367961.70,0.96653,0.25655
41808.23,451129.22,5367962.98,0.96653,0.25655
41812.80,451134.08,5367964.27,0.96653,0.25655
41817.38,451138.93,5367965.56,0.96653,0.25655
41821.97,451143.78,5367966.85,0.96653,0.25655
41826.57,451148.64,5367968.14,0.96653,0.25655
41831.17,451153.49,5367969.43,0.96653,0.25655
41835.79,451158.34,5367970.71,0.96653,0.25655
41840.45,451163.19,5367972.00,0.96653,0.25655
41845.13,451168.05,5367973.29,0.96653,0.25655
41849.82,451172.90,5367974.58,0.97817,0.20782
41854.55,451177.83,5367975.37,0.98138,0.19210
41859.31,451182.72,5367976.50,0.97424,0.22551
41864.12,451187.61,5367977.63,0.97424,0.22551
41868.96,451192.50,5367978.76,0.98746,0.15786
41873.85,451197.50,5367979.21,0.99669,0.08126
41878.76,451202.50,5367979.58,0.99732,0.07314
41883.68,451207.51,5367979.95,0.99732,0.07314
41888.60,451212.52,5367980.31,0.99732,0.07314
41893.53,451217.52,5367980.68,0.99732,0.07315
41898.47,451222.53,5367981.05,0.99732,0.07315
41903.42,451227.54,5367981.42,0.99732,0.07315
41908.38,451232.55,5367981.78,0.99913,0.04179
41913.35,451237.56,5367981.84,1.00000,0.00087
41918.34,451242.58,5367981.79,0.99996,-0.00862
41923.33,451247.60,5367981.75,0.99996,-0.00862
41928.33,451252.62,5367981.71,0.99862,-0.05250
41933.33,451257.61,5367981.22,0.99417,-0.10780
41938.33,451262.60,5367980.62,0.99286,-0.11925
41943.33,451267.58,5367980.02,0.99286,-0.11925
41948.33,451272.57,5367979.43,0.99286,-0.11925
41953.33,451277.55,5367978.83,0.99286,-0.11925
41958.32,451282.54,5367978.23,0.99286,-0.11925
41963.31,451287.52,5367977.63,0.99286,-0.11925
41968.29,451292.51,5367977.03,0.97868,-0.20537
41973.27,451297.24,5367975.59,0.97824,-0.20746
41978.23,451302.22,5367974.97,0.98834,-0.15225
41983.18,451307.14,5367974.07,0.97326,-0.22970
41988.12,451311.96,5367972.67,0.96068,-0.27767
41993.05,451316.79,5367971.28,0.96068,-0.27767
41997.97,451321.61,5367969.88,0.96068,-0.27767
42002.88,451326.44,5367968.49,0.96068,-0.27767
42007.78,451331.26,5367967.10,0.96068,-0.27767
42012.66,451336.08,5367965.70,0.95052,-0.31066
42017.51,451340.80,5367963.98,0.93615,-0.35161
42022.32,451345.48,5367962.17,0.93299,-0.35990
42027.10,451350.16,5367960.36,0.92087,-0.38987
42031.86,451354.72,5367958.26,0.90032,-0.43522
42036.59,451359.20,5367956.00,0.89261,-0.45084
42041.32,451363.68,5367953.73,0.89261,-0.45083
42046.05,451368.17,5367951.47,0.89261,-0.45083
42050.78,451372.65,5367949.20,0.89261,-0.45083
42055.53,451377.13,5367946.94,0.89261,-0.45083
42060.27,451381.61,5367944.68,0.89261,-0.45083
42065.03,451386.10,5367942.41,0.89261,-0.45083
42069.79,451390.58,5367940.15,0.89261,-0.45083
42074.58,451395.06,5367937.88,0.89261,-0.45083
42079.37,451399.54,5367935.62,0.89261,-0.45083
42084.14,451404.03,5367933.36,0.91612,-0.40090
42088.91,451408.72,5367931.61,0.90896,-0.41689
42093.65,451413.11,5367929.19,0.87034,-0.49245
42098.38,451417.45,5367926.67,0.86437,-0.50286
42103.10,451421.79,5367924.14,0.86437,-0.50286
42107.86,451426.13,5367921.62,0.86437,-0.50286
42112.65,451430.47,5367919.09,0.88267,-0.47000
42117.46,451434.99,5367916.90,0.90008,-0.43573
42122.29,451439.51,5367914.71,0.90043,-0.43500
42127.14,451444.03,5367912.53,0.90043,-0.43500
42132.01,451448.55,5367910.34,0.90043,-0.43499
42136.91,451453.07,5367908.16,0.90663,-0.42193
42141.83,451457.65,5367906.11,0.92724,-0.37447
42146.77,451462.38,5367904.40,0.94054,-0.33968
42151.71,451467.10,5367902.70,0.94054,-0.33968
42156.67,451471.82,5367900.99,0.94054,-0.33968
42161.62,451476.54,5367899.29,0.94054,-0.33968
42166.57,451481.27,5367897.58,0.94054,-0.33968
42171.53,451485.99,5367895.88,0.94054,-0.33968
42176.48,451490.71,5367894.17,0.94054,-0.33968
42181.44,451495.43,5367892.47,0.94054,-0.33967
42186.41,451500.16,5367890.76,0.94054,-0.33967
42191.38,451504.88,5367889.05,0.94054,-0.33967
42196.37,451509.60,5367887.35,0.94689,-0.32155
42201.37,451514.38,5367885.83,0.96789,-0.25138
42206.37,451519.30,5367884.83,0.98003,-0.19886
42211.37,451524.22,5367883.83,0.98003,-0.19886
42216.37,451529.14,5367882.83,0.98003,-0.19886
42221.37,451534.06,5367881.84,0.98003,-0.19886
42226.37,451538.98,5367880.84,0.98003,-0.19886
42231.37,451543.90,5367879.84,0.98003,-0.19886
42236.36,451548.82,5367878.84,0.98003,-0.19886
42241.36,451553.74,5367877.84,0.98003,-0.19886
42246.34,451558.66,5367876.84,0.98881,-0.14921
42251.32,451563.65,5367876.35,0.99526,-0.09727
42256.29,451568.65,5367875.87,0.99544,-0.09536
42261.25,451573.65,5367875.39,0.99544,-0.09536
42266.22,451578.65,5367874.91,0.99544,-0.09536
42271.19,451583.65,5367874.43,0.99544,-0.09536
42276.16,451588.64,5367873.95,0.99544,-0.09535
42281.12,451593.64,5367873.47,0.99544,-0.09535
42286.08,451598.64,5367872.99,0.99544,-0.09535
42291.03,451603.64,5367872.52,0.99544,-0.09535
42295.96,451608.63,5367872.04,0.99867,-0.05163
42300.87,451613.65,5367872.00,0.99998,0.00577
42305.76,451618.67,5367872.09,0.99981,0.01929
42310.65,451623.69,5367872.19,0.99981,0.01929
42315.54,451628.71,5367872.29,0.99981,0.01929
42320.42,451633.73,5367872.39,0.99981,0.01929
42325.29,451638.74,5367872.48,0.99981,0.01929
42330.14,451643.76,5367872.58,0.99981,0.01929
42334.99,451648.78,5367872.68,0.99562,0.09345
42339.83,451653.72,5367873.51,0.99199,0.12632
42344.67,451658.71,5367873.94,0.99781,0.06610
42349.49,451663.73,5367874.18,0.99889,0.04707
42354.30,451668.74,5367874.41,0.99889,0.04707
42359.11,451673.76,5367874.65,0.98912,0.14711
42363.89,451678.58,5367875.88,0.98302,0.18350
42368.67,451683.56,5367876.48,0.99274,0.12025
42373.48,451688.55,5367877.08,0.99274,0.12025
42378.29,451693.53,5367877.69,0.99274,0.12026
42383.11,451698.51,5367878.29,0.99274,0.12026
42387.93,451703.50,5367878.89,0.99274,0.12026
42392.75,451708.48,5367879.50,0.99274,0.12026
42397.58,451713.47,5367880.10,0.99274,0.12026
42402.42,451718.45,5367880.71,0.99274,0.12026
42407.25,451723.44,5367881.31,0.99274,0.12026
42412.10,451728.42,5367881.91,0.99274,0.12026
42416.94,451733.40,5367882.52,0.99274,0.12026
42421.79,451738.39,5367883.12,0.99274,0.12026
42426.64,451743.37,5367883.72,0.99274,0.12026
42431.49,451748.36,5367884.33,0.99274,0.12026
42436.35,451753.34,5367884.93,0.99274,0.12027
42441.21,451758.32,5367885.54,0.99274,0.12027
42446.08,451763.31,5367886.14,0.99274,0.12027
42450.96,451768.29,5367886.74,0.99274,0.12027
42455.86,451773.28,5367887.35,0.99274,0.12027
42460.77,451778.26,5367887.95,0.99612,0.08797
42465.69,451783.26,5367888.23,0.99972,0.02347
42470.64,451788.28,5367888.19,0.99476,0.10223
42475.60,451793.11,5367889.24,0.99614,0.08773
42480.57,451798.13,5367889.05,0.99930,-0.03742
42485.56,451803.14,5367888.87,0.99930,-0.03742
42490.55,451808.16,5367888.68,0.99930,-0.03741
42495.54,451813.18,5367888.49,0.99930,-0.03741
42500.54,451818.19,5367888.30,0.99930,-0.03741
42505.53,451823.21,5367888.11,0.99930,-0.03741
42510.53,451828.23,5367887.93,0.99820,-0.05996
42515.53,451833.23,5367887.51,0.99389,-0.11035
42520.53,451838.20,5367886.82,0.99042,-0.13808
42525.52,451843.17,5367886.13,0.99023,-0.13942
42530.49,451848.14,5367885.42,0.98327,-0.18214
42535.47,451853.03,5367884.30,0.97477,-0.22320
42540.43,451857.93,5367883.18,0.97477,-0.22320
42545.39,451862.82,5367882.06,0.97477,-0.22320
42550.35,451867.72,5367880.94,0.97477,-0.22319
42555.29,451872.61,5367879.82,0.97477,-0.22319
42560.21,451877.50,5367878.70,0.96428,-0.26487
42565.12,451882.28,5367877.16,0.94965,-0.31331
42570.01,451887.04,5367875.55,0.94725,-0.32051
42574.89,451891.79,5367873.94,0.94725,-0.32051
42579.75,451896.55,5367872.33,0.94725,-0.32051
42584.59,451901.31,5367870.72,0.93557,-0.35313
42589.42,451905.94,5367868.79,0.92112,-0.38928
42594.24,451910.56,5367866.81,0.91944,-0.39322
42599.04,451915.17,5367864.84,0.91944,-0.39322
42603.82,451919.79,5367862.86,0.91944,-0.39322
42608.57,451924.41,5367860.89,0.91571,-0.40183
42613.28,451928.98,5367858.83,0.88797,-0.45991
42617.95,451933.31,5367856.28,0.86139,-0.50795
42622.60,451937.63,5367853.73,0.86139,-0.50795
42627.24,451941.96,5367851.18,0.86139,-0.50795
42631.85,451946.29,5367848.63,0.86139,-0.50795
42636.42,451950.61,5367846.08,0.86139,-0.50795
42640.97,451954.94,5367843.52,0.83283,-0.55354
42645.50,451958.94,5367840.54,0.79218,-0.61029
42650.00,451962.87,5367837.42,0.80208,-0.59721
42654.48,451966.99,5367834.55,0.82078,-0.57124
42658.94,451971.11,5367831.68,0.82078,-0.57124
42663.37,451975.23,5367828.81,0.78742,-0.61641
42667.76,451978.99,5367825.51,0.73823,-0.67454
42672.15,451982.63,5367822.05,0.74670,-0.66516
42676.53,451986.49,5367818.83,0.76781,-0.64068
42680.91,451990.34,5367815.62,0.76781,-0.64067
42685.24,451994.20,5367812.40,0.76256,-0.64692
42689.48,451998.00,5367809.12,0.72936,-0.68413
42693.66,452001.52,5367805.53,0.70024,-0.71391
42697.77,452005.04,5367801.94,0.63625,-0.77148
42701.83,452007.73,5367798.00,0.62656,-0.77938
42705.85,452011.16,5367794.33,0.66966,-0.74267
42709.86,452014.45,5367790.54,0.62585,-0.77995
42713.86,452017.44,5367786.50,0.59428,-0.80426
42717.83,452020.43,5367782.46,0.59428,-0.80426
42721.82,452023.41,5367778.42,0.59428,-0.80426
42725.83,452026.40,5367774.38,0.59428,-0.80426
42729.85,452029.39,5367770.34,0.59428,-0.80426
42733.90,452032.37,5367766.30,0.59428,-0.80425
42737.97,452035.36,5367762.25,0.59429,-0.80425
42742.06,452038.35,5367758.21,0.59429,-0.80425
42746.17,452041.33,5367754.17,0.59429,-0.80425
42750.30,452044.32,5367750.13,0.59429,-0.80425
42754.44,452047.30,5367746.09,0.59429,-0.80425
42758.61,452050.29,5367742.05,0.59429,-0.80425
42762.79,452053.28,5367738.00,0.59429,-0.80425
42766.99,452056.26,5367733.96,0.59429,-0.80425
42771.21,452059.25,5367729.92,0.59429,-0.80425
42775.44,452062.24,5367725.88,0.59429,-0.80425
42779.69,452065.22,5367721.84,0.59429,-0.80425
42783.96,452068.21,5367717.80,0.59429,-0.80425
42788.24,452071.20,5367713.75,0.59429,-0.80425
42792.54,452074.18,5367709.71,0.59429,-0.80425
42796.85,452077.17,5367705.67,0.59430,-0.80425
42801.18,452080.16,5367701.63,0.59430,-0.80425
42805.52,452083.14,5367697.59,0.59430,-0.80425
42809.88,452086.13,5367693.55,0.59430,-0.80425
42814.25,452089.12,5367689.51,0.59430,-0.80424
42818.65,452092.10,5367685.46,0.59430,-0.80424
42823.09,452095.09,5367681.42,0.59430,-0.80424
42827.62,452098.07,5367677.38,0.59430,-0.80424
42832.23,452101.06,5367673.34,0.63230,-0.77472
42836.94,452104.42,5367669.61,0.68476,-0.72877
42841.72,452107.93,5367666.03,0.72870,-0.68483
42846.55,452111.73,5367662.74,0.76194,-0.64765
42851.43,452115.59,5367659.52,0.76784,-0.64065
42856.35,452119.44,5367656.30,0.76784,-0.64065
42861.30,452123.30,5367653.08,0.79916,-0.60112
42866.27,452127.45,5367650.28,0.84487,-0.53497
42871.25,452131.77,5367647.72,0.86041,-0.50960
42876.23,452136.09,5367645.16,0.86041,-0.50960
42881.22,452140.41,5367642.60,0.86041,-0.50960
42886.22,452144.74,5367640.04,0.86041,-0.50960
42891.22,452149.06,5367637.48,0.86041,-0.50960
42896.21,452153.38,5367634.92,0.86907,-0.49469
42901.19,452157.77,5367632.52,0.92434,-0.38158
42906.15,452162.59,5367631.12,0.96016,-0.27946
42911.07,452167.41,5367629.72,0.96016,-0.27946
42915.97,452172.23,5367628.31,0.96016,-0.27946
42920.84,452177.05,5367626.91,0.96347,-0.26782
42925.67,452181.90,5367625.63,0.97562,-0.21945
42930.43,452186.84,5367624.71,0.98321,-0.18249
42935.11,452191.77,5367623.79,0.99254,-0.12193
42939.76,452196.77,5367623.49,0.99940,-0.03455
42944.39,452201.79,5367623.45,0.99996,-0.00845
42948.99,452206.81,5367623.41,0.99996,-0.00845
42953.55,452211.83,5367623.36,0.99494,-0.10049
42958.05,452216.75,5367622.40,0.99709,-0.07625
42962.45,452221.73,5367622.61,0.99756,0.06984
42966.74,452226.72,5367623.10,0.98602,0.16661
42970.92,452231.59,5367624.27,0.98317,0.18271
42975.04,452236.56,5367624.93,0.98872,0.14975
42979.10,452241.50,5367625.77,0.97798,0.20869
42983.07,452246.37,5367627.02,0.96869,0.24829
42986.93,452251.23,5367628.27,0.95866,0.28455
42990.70,452255.98,5367629.88,0.94320,0.33222
42994.42,452260.70,5367631.60,0.93536,0.35370
42998.13,452265.37,5367633.43,0.91871,0.39492
43001.85,452269.92,5367635.57,0.90475,0.42594
43005.57,452274.46,5367637.70,0.90475,0.42594
43009.28,452279.01,5367639.84,0.89964,0.43663
43013.00,452283.49,5367642.09,0.86229,0.50642
43016.71,452287.64,5367644.92,0.82634,0.56316
43020.43,452291.79,5367647.74,0.80100,0.59866
43024.14,452295.68,5367650.92,0.76808,0.64035
43027.86,452299.50,5367654.17,0.76198,0.64761
43031.58,452303.33,5367657.43,0.76198,0.64761
43035.32,452307.16,5367660.68,0.76197,0.64761
43039.07,452310.99,5367663.93,0.76197,0.64761
43042.79,452314.82,5367667.19,0.76197,0.64761
43046.51,452318.64,5367670.44,0.76054,0.64929
43050.22,452322.46,5367673.71,0.72325,0.69059
43053.94,452325.90,5367677.37,0.68534,0.72822
43057.65,452329.34,5367681.03,0.68534,0.72822
43061.38,452332.79,5367684.69,0.68534,0.72822
43065.11,452336.23,5367688.35,0.68534,0.72822
43068.86,452339.67,5367692.01,0.68534,0.72822
43072.63,452343.12,5367695.67,0.67910,0.73405
43076.45,452346.49,5367699.38,0.65907,0.75208
43080.31,452349.72,5367703.20,0.67437,0.73839
43084.22,452353.25,5367706.78,0.70253,0.71166
43088.18,452356.78,5367710.35,0.70253,0.71166
43092.18,452360.31,5367713.93,0.70253,0.71166
43096.20,452363.84,5367717.50,0.70253,0.71166
43100.24,452367.37,5367721.08,0.70253,0.71166
43104.30,452370.90,5367724.66,0.70252,0.71166
43108.38,452374.43,5367728.23,0.70252,0.71166
43112.51,452377.96,5367731.81,0.70252,0.71166
43116.70,452381.49,5367735.38,0.70252,0.71166
43120.97,452385.02,5367738.96,0.70916,0.70505
43125.31,452388.61,5367742.46,0.74748,0.66429
43129.71,452392.52,5367745.62,0.77756,0.62880
43134.16,452396.43,5367748.78,0.77756,0.62880
43138.64,452400.33,5367751.94,0.77756,0.62881
43143.12,452404.24,5367755.10,0.77756,0.62881
43147.62,452408.14,5367758.26,0.77756,0.62881
43152.13,452412.05,5367761.42,0.77756,0.62881
43156.67,452415.96,5367764.58,0.77756,0.62881
43161.28,452419.86,5367767.73,0.77756,0.62881
43165.94,452423.77,5367770.89,0.78152,0.62388
43170.64,452427.71,5367774.00,0.83667,0.54770
43175.36,452432.14,5367776.37,0.87376,0.48636
43180.11,452436.48,5367778.88,0.83639,0.54814
43184.86,452440.52,5367781.86,0.80465,0.59375
43189.61,452444.56,5367784.84,0.82865,0.55977
43194.38,452448.83,5367787.48,0.85094,0.52526
43199.18,452453.11,5367790.12,0.85094,0.52526
43203.99,452457.38,5367792.76,0.85094,0.52526
43208.80,452461.66,5367795.40,0.85094,0.52527
43213.61,452465.93,5367798.03,0.85094,0.52527
43218.43,452470.20,5367800.67,0.85094,0.52527
43223.25,452474.48,5367803.31,0.85094,0.52527
43228.08,452478.75,5367805.95,0.85094,0.52527
43232.91,452483.03,5367808.59,0.85094,0.52527
43237.74,452487.30,5367811.23,0.85094,0.52527
43242.58,452491.57,5367813.86,0.85094,0.52527
43247.42,452495.85,5367816.50,0.85093,0.52527
43252.27,452500.12,5367819.14,0.85093,0.52527
43257.12,452504.39,5367821.78,0.85093,0.52527
43261.97,452508.67,5367824.42,0.85093,0.52527
43266.83,452512.94,5367827.05,0.85093,0.52527
43271.68,452517.22,5367829.69,0.85093,0.52528
43276.54,452521.49,5367832.33,0.85093,0.52528
43281.41,452525.76,5367834.97,0.85093,0.52528
43286.28,452530.04,5367837.61,0.85093,0.52528
43291.15,452534.31,5367840.25,0.85093,0.52528
43296.02,452538.59,5367842.88,0.85093,0.52528
43300.90,452542.86,5367845.52,0.85093,0.52528
43305.78,452547.13,5367848.16,0.85093,0.52528
43310.68,452551.41,5367850.80,0.85093,0.52528
43315.59,452555.68,5367853.44,0.85646,0.51622
43320.51,452560.01,5367855.98,0.86962,0.49373
43325.44,452564.41,5367858.40,0.87713,0.48025
43330.38,452568.82,5367860.81,0.87713,0.48025
43335.32,452573.22,5367863.22,0.87713,0.48025
43340.29,452577.63,5367865.63,0.87713,0.48025
43345.26,452582.03,5367868.04,0.88942,0.45710
43350.24,452586.55,5367870.22,0.91190,0.41042
43355.23,452591.18,5367872.16,0.92208,0.38700
43360.23,452595.81,5367874.10,0.92208,0.38700
43365.23,452600.44,5367876.05,0.92246,0.38609
43370.23,452605.08,5367877.98,0.94047,0.33988
43375.22,452609.88,5367879.46,0.95587,0.29379
43380.20,452614.68,5367880.93,0.95723,0.28934
43385.17,452619.49,5367882.36,0.97153,0.23690
43390.13,452624.42,5367883.31,0.98210,0.18835
43395.06,452629.35,5367884.25,0.98210,0.18835
43399.98,452634.28,5367885.20,0.98210,0.18835
43404.86,452639.21,5367886.14,0.98706,0.16038
43409.69,452644.18,5367886.81,0.99373,0.11184
43414.45,452649.18,5367887.27,0.99816,0.06069
43419.15,452654.18,5367887.42,0.99968,-0.02511
43423.80,452659.19,5367887.01,0.99681,-0.07976
43428.42,452664.19,5367886.61,0.99681,-0.07976
43433.04,452669.19,5367886.21,0.99681,-0.07976
43437.67,452674.20,5367885.81,0.99681,-0.07976
43442.30,452679.20,5367885.41,0.99681,-0.07976
43446.94,452684.21,5367885.01,0.99681,-0.07975
43451.60,452689.21,5367884.61,0.99681,-0.07975
43456.25,452694.22,5367884.21,0.99681,-0.07975
43460.92,452699.22,5367883.81,0.99681,-0.07975
43465.59,452704.23,5367883.41,0.99681,-0.07975
43470.27,452709.23,5367883.01,0.99681,-0.07975
43474.96,452714.23,5367882.61,0.99681,-0.07975
43479.65,452719.24,5367882.21,0.99682,-0.07975
43484.35,452724.24,5367881.81,0.99682,-0.07975
43489.06,452729.25,5367881.41,0.99682,-0.07975
43493.77,452734.25,5367881.01,0.99682,-0.07975
43498.49,452739.26,5367880.61,0.99682,-0.07974
43503.22,452744.26,5367880.21,0.99682,-0.07974
43507.95,452749.27,5367879.81,0.99682,-0.07974
43512.69,452754.27,5367879.41,0.99682,-0.07974
43517.43,452759.27,5367879.01,0.99682,-0.07974
43522.18,452764.28,5367878.61,0.99682,-0.07974
43526.94,452769.28,5367878.21,0.99682,-0.07974
43531.70,452774.29,5367877.81,0.99682,-0.07974
43536.46,452779.29,5367877.41,0.99682,-0.07974
43541.23,452784.30,5367877.01,0.99682,-0.07974
43546.00,452789.30,5367876.61,0.99682,-0.07974
43550.74,452794.31,5367876.21,0.99682,-0.07973
43555.47,452799.31,5367875.80,0.99682,-0.07973
43560.20,452804.31,5367875.40,0.98890,-0.14861
43564.94,452809.13,5367874.33,0.98425,-0.17680
43569.69,452814.06,5367873.65,0.99397,-0.10964
43574.47,452819.06,5367873.23,0.99649,-0.08375
43579.27,452824.06,5367872.81,0.99649,-0.08375
43584.08,452829.07,5367872.39,0.99649,-0.08375
43588.90,452834.07,5367871.97,0.99649,-0.08375
43593.71,452839.07,5367871.55,0.99649,-0.08374
43598.54,452844.08,5367871.13,0.99649,-0.08374
43603.36,452849.08,5367870.71,0.99649,-0.08374
43608.19,452854.08,5367870.29,0.99649,-0.08374
43613.02,452859.08,5367869.87,0.99649,-0.08374
43617.86,452864.09,5367869.45,0.99649,-0.08374
43622.70,452869.09,5367869.03,0.99649,-0.08374
43627.55,452874.09,5367868.61,0.99649,-0.08374
43632.39,452879.09,5367868.19,0.99649,-0.08374
43637.24,452884.10,5367867.77,0.99649,-0.08374
43642.10,452889.10,5367867.35,0.99649,-0.08374
43646.96,452894.10,5367866.93,0.99649,-0.08373
43651.82,452899.11,5367866.51,0.99649,-0.08373
43656.68,452904.11,5367866.09,0.99649,-0.08373
43661.54,452909.11,5367865.67,0.99649,-0.08373
43666.40,452914.11,5367865.25,0.99649,-0.08373
43671.24,452919.12,5367864.83,0.99649,-0.08373
43676.07,452924.12,5367864.41,0.99481,-0.10171
43680.87,452929.10,5367863.81,0.98891,-0.14853
43685.65,452934.04,5367862.92,0.98417,-0.17723
43690.42,452938.98,5367862.03,0.98417,-0.17723
43695.19,452943.92,5367861.14,0.98417,-0.17723
43699.96,452948.86,5367860.25,0.98417,-0.17723
43704.74,452953.80,5367859.36,0.98417,-0.17723
43709.53,452958.75,5367858.47,0.98417,-0.17723
43714.32,452963.69,5367857.58,0.98417,-0.17723
43719.12,452968.63,5367856.69,0.98417,-0.17723
43723.92,452973.57,5367855.80,0.98417,-0.17723
43728.72,452978.51,5367854.91,0.98417,-0.17723
43733.53,452983.45,5367854.02,0.98417,-0.17723
43738.34,452988.39,5367853.13,0.98417,-0.17722
43743.16,452993.33,5367852.24,0.98417,-0.17722
43747.98,452998.27,5367851.35,0.98417,-0.17722
43752.80,453003.22,5367850.46,0.98417,-0.17722
43757.63,453008.16,5367849.57,0.98417,-0.17722
43762.46,453013.10,5367848.68,0.98417,-0.17722
43767.30,453018.04,5367847.79,0.98417,-0.17722
43772.14,453022.98,5367846.90,0.98417,-0.17722
43776.98,453027.92,5367846.01,0.98417,-0.17722
43781.83,453032.86,5367845.12,0.98417,-0.17722
43786.68,453037.80,5367844.23,0.98417,-0.17722
43791.53,453042.75,5367843.34,0.98417,-0.17721
43796.39,453047.69,5367842.45,0.98417,-0.17721
43801.25,453052.63,5367841.56,0.98417,-0.17721
43806.11,453057.57,5367840.67,0.98417,-0.17721
43810.97,453062.51,5367839.78,0.98417,-0.17721
43815.84,453067.45,5367838.89,0.98417,-0.17721
43820.71,453072.39,5367838.00,0.98417,-0.17721
43825.59,453077.33,5367837.11,0.98417,-0.17721
43830.46,453082.27,5367836.22,0.98417,-0.17721
43835.34,453087.22,5367835.33,0.98417,-0.17721
43840.23,453092.16,5367834.44,0.98417,-0.17721
43845.11,453097.10,5367833.55,0.98417,-0.17721
43850.00,453102.04,5367832.66,0.98417,-0.17720
43854.88,453106.98,5367831.77,0.98417,-0.17720
43859.76,453111.92,5367830.88,0.98417,-0.17720
43864.63,453116.86,5367829.99,0.98362,-0.18023
43869.48,453121.80,5367829.07,0.97692,-0.21360
43874.31,453126.67,5367827.85,0.96985,-0.24372
43879.13,453131.54,5367826.63,0.96985,-0.24372
43883.92,453136.41,5367825.40,0.96985,-0.24372
43888.70,453141.28,5367824.18,0.96507,-0.26200
43893.44,453146.09,5367822.77,0.95137,-0.30806
43898.17,453150.82,5367821.09,0.94200,-0.33562
43902.88,453155.55,5367819.40,0.94200,-0.33561
43907.60,453160.28,5367817.72,0.94200,-0.33561
43912.32,453165.01,5367816.03,0.94200,-0.33561
43917.05,453169.74,5367814.35,0.94200,-0.33561
43921.79,453174.47,5367812.66,0.94200,-0.33561
43926.53,453179.20,5367810.98,0.94200,-0.33561
43931.27,453183.93,5367809.29,0.94200,-0.33561
43936.02,453188.66,5367807.61,0.94200,-0.33561
43940.78,453193.39,5367805.92,0.94200,-0.33561
43945.54,453198.12,5367804.24,0.94200,-0.33561
43950.31,453202.85,5367802.55,0.94200,-0.33561
43955.08,453207.58,5367800.87,0.94200,-0.33560
43959.86,453212.31,5367799.18,0.94200,-0.33560
43964.64,453217.04,5367797.50,0.94200,-0.33560
43969.43,453221.77,5367795.81,0.94200,-0.33560
43974.22,453226.50,5367794.13,0.94200,-0.33560
43979.02,453231.23,5367792.44,0.94200,-0.33560
43983.82,453235.96,5367790.76,0.94200,-0.33560
43988.62,453240.69,5367789.07,0.94201,-0.33560
43993.43,453245.42,5367787.39,0.94201,-0.33560
43998.25,453250.15,5367785.70,0.94201,-0.33560
44003.06,453254.88,5367784.02,0.94201,-0.33560
44007.89,453259.61,5367782.33,0.94201,-0.33560
44012.71,453264.34,5367780.65,0.94201,-0.33559
44017.54,453269.07,5367778.96,0.94201,-0.33559
44022.37,453273.80,5367777.28,0.94364,-0.33096
44027.20,453278.54,5367775.64,0.94376,-0.33062
44032.03,453283.24,5367773.97,0.93471,-0.35542
44036.87,453287.89,5367772.08,0.92679,-0.37558
44041.69,453292.54,5367770.20,0.95147,-0.30776
44046.51,453297.41,5367769.00,0.95184,-0.30659
44051.32,453302.06,5367767.13,0.92083,-0.38997
44056.09,453306.65,5367765.09,0.91376,-0.40626
44060.86,453311.23,5367763.05,0.91376,-0.40626
44065.62,453315.82,5367761.01,0.91376,-0.40626
44070.40,453320.41,5367758.97,0.91376,-0.40626
44075.17,453325.00,5367756.93,0.91376,-0.40626
44079.95,453329.59,5367754.89,0.91376,-0.40626
44084.74,453334.18,5367752.85,0.91376,-0.40626
44089.53,453338.77,5367750.81,0.91376,-0.40626
44094.33,453343.35,5367748.77,0.91376,-0.40626
44099.12,453347.94,5367746.73,0.91376,-0.40626
44103.91,453352.53,5367744.69,0.91376,-0.40626
44108.69,453357.12,5367742.65,0.91009,-0.41442
44113.47,453361.67,5367740.53,0.90246,-0.43078
44118.24,453366.18,5367738.33,0.89850,-0.43898
44123.02,453370.70,5367736.12,0.89850,-0.43898
44127.80,453375.21,5367733.92,0.89850,-0.43898
44132.58,453379.72,5367731.71,0.89850,-0.43898
44137.36,453384.23,5367729.51,0.89850,-0.43897
44142.16,453388.74,5367727.30,0.89850,-0.43897
44146.95,453393.26,5367725.10,0.89850,-0.43897
44151.75,453397.77,5367722.90,0.89850,-0.43897
44156.56,453402.28,5367720.69,0.89850,-0.43897
44161.37,453406.79,5367718.49,0.89850,-0.43897
44166.18,453411.31,5367716.28,0.89850,-0.43897
44171.00,453415.82,5367714.08,0.89850,-0.43897
44175.82,453420.33,5367711.87,0.89850,-0.43897
44180.65,453424.84,5367709.67,0.89850,-0.43897
44185.47,453429.35,5367707.46,0.89850,-0.43897
44190.31,453433.87,5367705.26,0.89850,-0.43896
44195.14,453438.38,5367703.06,0.89850,-0.43896
44199.98,453442.89,5367700.85,0.89851,-0.43896
44204.80,453447.40,5367698.65,0.89851,-0.43896
44209.60,453451.92,5367696.44,0.89851,-0.43896
44214.38,453456.43,5367694.24,0.87845,-0.47784
44219.14,453460.73,5367691.65,0.85561,-0.51761
44223.88,453465.02,5367689.04,0.85452,-0.51942
44228.62,453469.31,5367686.43,0.85452,-0.51942
44233.36,453473.60,5367683.82,0.85452,-0.51942
44238.11,453477.90,5367681.21,0.85452,-0.51941
44242.87,453482.19,5367678.60,0.85452,-0.51941
44247.63,453486.48,5367675.99,0.85452,-0.51941
44252.38,453490.77,5367673.39,0.85452,-0.51941
44257.12,453495.06,5367670.78,0.85452,-0.51941
44261.83,453499.36,5367668.17,0.85047,-0.52603
44266.51,453503.60,5367665.50,0.82305,-0.56797
44271.17,453507.61,5367662.47,0.79829,-0.60228
44275.80,453511.62,5367659.44,0.79829,-0.60228
44280.44,453515.63,5367656.42,0.79829,-0.60228
44285.09,453519.64,5367653.39,0.79829,-0.60228
44289.74,453523.65,5367650.37,0.79829,-0.60227
44294.40,453527.66,5367647.34,0.79829,-0.60227
44299.07,453531.67,5367644.32,0.79829,-0.60227
44303.75,453535.68,5367641.29,0.79829,-0.60227
44308.43,453539.69,5367638.27,0.79829,-0.60227
44313.12,453543.70,5367635.24,0.79829,-0.60227
44317.82,453547.71,5367632.22,0.79829,-0.60227
44322.52,453551.72,5367629.19,0.79829,-0.60227
44327.23,453555.73,5367626.17,0.79829,-0.60227
44331.95,453559.74,5367623.14,0.79829,-0.60227
44336.67,453563.75,5367620.12,0.79829,-0.60227
44341.40,453567.76,5367617.09,0.79830,-0.60227
44346.14,453571.77,5367614.06,0.79830,-0.60227
44350.88,453575.78,5367611.04,0.79830,-0.60226
44355.62,453579.79,5367608.01,0.79830,-0.60226
44360.37,453583.80,5367604.99,0.79830,-0.60226
44365.13,453587.81,5367601.96,0.79830,-0.60226
44369.89,453591.82,5367598.94,0.79830,-0.60226
44374.66,453595.83,5367595.91,0.79830,-0.60226
44379.43,453599.84,5367592.89,0.79830,-0.60226
44384.21,453603.85,5367589.86,0.79830,-0.60226
44388.99,453607.86,5367586.84,0.79830,-0.60226
44393.78,453611.87,5367583.81,0.79830,-0.60226
44398.57,453615.88,5367580.79,0.79830,-0.60226
44403.37,453619.89,5367577.76,0.79830,-0.60226
44408.17,453623.90,5367574.74,0.79830,-0.60226
44412.98,453627.91,5367571.71,0.79830,-0.60225
44417.79,453631.92,5367568.69,0.79830,-0.60225
44422.60,453635.93,5367565.66,0.79831,-0.60225
44427.42,453639.94,5367562.63,0.79831,-0.60225
44432.24,453643.95,5367559.61,0.79831,-0.60225
44437.06,453647.96,5367556.58,0.79831,-0.60225
44441.89,453651.97,5367553.56,0.79831,-0.60225
44446.71,453655.98,5367550.53,0.79831,-0.60225
44451.53,453659.99,5367547.51,0.79831,-0.60225
44456.34,453664.00,5367544.48,0.78508,-0.61939
44461.16,453667.87,5367541.29,0.76816,-0.64026
44465.98,453671.70,5367538.07,0.77985,-0.62597
44470.81,453675.70,5367535.01,0.79438,-0.60742
44475.66,453679.69,5367531.96,0.79438,-0.60741
44480.51,453683.68,5367528.91,0.79439,-0.60741
44485.37,453687.67,5367525.86,0.79439,-0.60741
44490.22,453691.66,5367522.81,0.79439,-0.60741
44495.08,453695.65,5367519.76,0.79439,-0.60741
44499.94,453699.64,5367516.71,0.79439,-0.60741
44504.78,453703.63,5367513.66,0.79439,-0.60741
44509.58,453707.62,5367510.60,0.79439,-0.60741
44514.36,453711.61,5367507.55,0.75401,-0.65687
44519.08,453715.18,5367504.02,0.71000,-0.70420
44523.74,453718.74,5367500.48,0.70945,-0.70476
44528.32,453722.31,5367496.94,0.70945,-0.70475
44532.82,453725.87,5367493.40,0.64735,-0.76219
44537.26,453728.78,5367489.31,0.57044,-0.82134
44541.63,453731.60,5367485.15,0.56031,-0.82828
44545.99,453734.42,5367480.99,0.56031,-0.82828
44550.36,453737.23,5367476.82,0.56032,-0.82828
44554.74,453740.05,5367472.66,0.56032,-0.82828
44559.14,453742.86,5367468.50,0.56032,-0.82828
44563.55,453745.68,5367464.34,0.56032,-0.82828
44567.97,453748.49,5367460.17,0.56032,-0.82828
44572.41,453751.31,5367456.01,0.56032,-0.82828
44576.86,453754.13,5367451.85,0.56032,-0.82828
44581.31,453756.94,5367447.69,0.56032,-0.82828
44585.79,453759.76,5367443.52,0.56032,-0.82828
44590.27,453762.57,5367439.36,0.56032,-0.82828
44594.76,453765.39,5367435.20,0.56032,-0.82827
44599.27,453768.21,5367431.04,0.56032,-0.82827
44603.78,453771.02,5367426.87,0.56032,-0.82827
44608.31,453773.84,5367422.71,0.56032,-0.82827
44612.85,453776.65,5367418.55,0.56032,-0.82827
44617.39,453779.47,5367414.39,0.56033,-0.82827
44621.95,453782.29,5367410.22,0.56033,-0.82827
44626.51,453785.10,5367406.06,0.56033,-0.82827
44631.09,453787.92,5367401.90,0.56033,-0.82827
44635.67,453790.73,5367397.73,0.56033,-0.82827
44640.27,453793.55,5367393.57,0.56033,-0.82827
44644.87,453796.37,5367389.41,0.56033,-0.82827
44649.48,453799.18,5367385.25,0.56033,-0.82827
44654.10,453802.00,5367381.08,0.56033,-0.82827
44658.74,453804.81,5367376.92,0.56033,-0.82827
44663.41,453807.63,5367372.76,0.56033,-0.82827
44668.11,453810.45,5367368.60,0.56792,-0.82309
44672.84,453813.34,5367364.49,0.59665,-0.80250
44677.61,453816.44,5367360.54,0.61742,-0.78663
44682.42,453819.54,5367356.58,0.61742,-0.78663
44687.25,453822.65,5367352.63,0.61837,-0.78589
44692.11,453825.76,5367348.69,0.67895,-0.73419
44696.99,453829.45,5367345.28,0.67806,-0.73501
44701.90,453832.55,5367341.32,0.65100,-0.75908
44706.83,453835.97,5367337.66,0.70359,-0.71061
44711.76,453839.61,5367334.19,0.72315,-0.69070
44716.71,453843.24,5367330.72,0.72315,-0.69069
44721.67,453846.87,5367327.25,0.72315,-0.69069
44726.63,453850.51,5367323.78,0.72315,-0.69069
44731.60,453854.14,5367320.31,0.72610,-0.68759
44736.57,453857.80,5367316.88,0.74588,-0.66608
44741.55,453861.63,5367313.62,0.76225,-0.64728
44746.54,453865.46,5367310.37,0.76225,-0.64728
44751.53,453869.29,5367307.12,0.76225,-0.64728
44756.51,453873.12,5367303.87,0.76225,-0.64728
44761.51,453876.95,5367300.62,0.76225,-0.64728
44766.50,453880.78,5367297.36,0.76836,-0.64001
44771.50,453884.67,5367294.19,0.79273,-0.60957
44776.50,453888.74,5367291.24,0.81036,-0.58593
44781.50,453892.81,5367288.30,0.81036,-0.58593
44786.50,453896.88,5367285.36,0.81036,-0.58593
44791.50,453900.95,5367282.41,0.81036,-0.58593
44796.50,453905.02,5367279.47,0.81036,-0.58593
44801.50,453909.09,5367276.53,0.81037,-0.58592
44806.50,453913.16,5367273.59,0.81037,-0.58592
44811.50,453917.23,5367270.64,0.81037,-0.58592
44816.50,453921.30,5367267.70,0.81586,-0.57826
44821.49,453925.43,5367264.83,0.83296,-0.55333
44826.49,453929.67,5367262.14,0.84429,-0.53589
44831.48,453933.91,5367259.45,0.84429,-0.53589
44836.47,453938.15,5367256.76,0.84429,-0.53589
44841.45,453942.39,5367254.07,0.84429,-0.53589
44846.43,453946.63,5367251.38,0.84429,-0.53589
44851.39,453950.87,5367248.68,0.85176,-0.52394
44856.34,453955.18,5367246.12,0.88659,-0.46255
44861.26,453959.75,5367244.05,0.91126,-0.41184
44866.18,453964.33,5367241.98,0.91126,-0.41183
44871.08,453968.91,5367239.91,0.91126,-0.41183
44875.99,453973.48,5367237.84,0.91126,-0.41183
44880.91,453978.06,5367235.78,0.91126,-0.41183
44885.82,453982.64,5367233.71,0.91126,-0.41183
44890.73,453987.21,5367231.64,0.91126,-0.41183
44895.64,453991.79,5367229.57,0.91126,-0.41183
44900.54,453996.37,5367227.50,0.91126,-0.41183
44905.42,454000.94,5367225.43,0.91595,-0.40130
44910.29,454005.56,5367223.47,0.93323,-0.35928
44915.14,454010.31,5367221.83,0.94486,-0.32747
44919.97,454015.05,5367220.18,0.94486,-0.32747
44924.81,454019.80,5367218.54,0.94486,-0.32747
44929.65,454024.54,5367216.90,0.94486,-0.32746
44934.48,454029.29,5367215.25,0.94486,-0.32746
44939.29,454034.03,5367213.61,0.94486,-0.32746
44944.10,454038.78,5367211.96,0.95178,-0.30677
44948.89,454043.58,5367210.53,0.96170,-0.27412
44953.67,454048.43,5367209.21,0.96499,-0.26228
44958.44,454053.28,5367207.89,0.96499,-0.26228
44963.21,454058.12,5367206.58,0.96499,-0.26228
44967.96,454062.97,5367205.26,0.96499,-0.26228
44972.71,454067.81,5367203.94,0.96902,-0.24696
44977.44,454072.70,5367202.78,0.97574,-0.21893
44982.16,454077.61,5367201.74,0.97850,-0.20624
44986.88,454082.52,5367200.71,0.97850,-0.20624
44991.60,454087.44,5367199.67,0.97850,-0.20624
44996.33,454092.35,5367198.64,0.97850,-0.20624
45001.06,454097.26,5367197.60,0.97850,-0.20624
45005.80,454102.18,5367196.57,0.97850,-0.20624
45010.55,454107.09,5367195.53,0.97850,-0.20624
45015.30,454112.00,5367194.50,0.97850,-0.20624
45020.06,454116.92,5367193.46,0.97850,-0.20624
45024.82,454121.83,5367192.42,0.97850,-0.20623
45029.59,454126.74,5367191.39,0.97850,-0.20623
45034.36,454131.66,5367190.35,0.97850,-0.20623
45039.14,454136.57,5367189.32,0.97850,-0.20623
45043.92,454141.48,5367188.28,0.97850,-0.20623
45048.71,454146.40,5367187.25,0.97850,-0.20623
45053.50,454151.31,5367186.21,0.97850,-0.20623
45058.29,454156.22,5367185.18,0.97850,-0.20623
45063.10,454161.13,5367184.14,0.97850,-0.20623
45067.90,454166.05,5367183.10,0.97850,-0.20623
45072.71,454170.96,5367182.07,0.97850,-0.20623
45077.52,454175.87,5367181.03,0.97850,-0.20622
45082.34,454180.79,5367180.00,0.97850,-0.20622
45087.16,454185.70,5367178.96,0.97850,-0.20622
45091.99,454190.61,5367177.93,0.97851,-0.20622
45096.82,454195.53,5367176.89,0.97851,-0.20622
45101.65,454200.44,5367175.86,0.97851,-0.20622
45106.49,454205.35,5367174.82,0.97851,-0.20622
45111.33,454210.27,5367173.79,0.97851,-0.20622
45116.17,454215.18,5367172.75,0.97851,-0.20622
45121.02,454220.09,5367171.71,0.97851,-0.20622
45125.87,454225.01,5367170.68,0.97851,-0.20622
45130.73,454229.92,5367169.64,0.97851,-0.20622
45135.59,454234.83,5367168.61,0.97851,-0.20621
45140.45,454239.75,5367167.57,0.97851,-0.20621
45145.31,454244.66,5367166.54,0.97851,-0.20621
45150.18,454249.57,5367165.50,0.97851,-0.20621
45155.05,454254.49,5367164.47,0.97851,-0.20621
45159.92,454259.40,5367163.43,0.97851,-0.20621
45164.79,454264.31,5367162.40,0.97851,-0.20621
45169.67,454269.23,5367161.36,0.97851,-0.20621
45174.55,454274.14,5367160.32,0.97851,-0.20621
45179.43,454279.06,5367159.29,0.97851,-0.20621
45184.32,454283.97,5367158.25,0.97851,-0.20621
45189.21,454288.88,5367157.22,0.97851,-0.20620
45194.10,454293.80,5367156.18,0.97851,-0.20620
45198.99,454298.71,5367155.15,0.97851,-0.20620
45203.89,454303.62,5367154.11,0.97851,-0.20620
45208.79,454308.54,5367153.08,0.97851,-0.20620
45213.69,454313.45,5367152.04,0.97851,-0.20620
45218.59,454318.36,5367151.01,0.97851,-0.20620
45223.49,454323.28,5367149.97,0.97851,-0.20620
45228.40,454328.19,5367148.94,0.97851,-0.20620
45233.31,454333.10,5367147.90,0.97851,-0.20620
45238.22,454338.02,5367146.86,0.97851,-0.20620
45243.13,454342.93,5367145.83,0.97851,-0.20619
45248.05,454347.84,5367144.79,0.97851,-0.20619
45252.96,454352.76,5367143.76,0.97851,-0.20619
45257.88,454357.67,5367142.72,0.97851,-0.20619
45262.80,454362.58,5367141.69,0.97851,-0.20619
45267.72,454367.50,5367140.65,0.97851,-0.20619
45272.65,454372.41,5367139.62,0.97851,-0.20619
45277.58,454377.32,5367138.58,0.97851,-0.20619
45282.52,454382.24,5367137.55,0.97851,-0.20619
45287.48,454387.15,5367136.51,0.97364,-0.22808
45292.44,454392.01,5367135.26,0.96686,-0.25531
45297.40,454396.86,5367133.95,0.96541,-0.26074
45302.37,454401.71,5367132.64,0.96541,-0.26074
45307.35,454406.55,5367131.33,0.96541,-0.26074
45312.33,454411.40,5367130.02,0.96541,-0.26074
45317.33,454416.25,5367128.71,0.96541,-0.26074
45322.33,454421.10,5367127.40,0.94376,-0.33064
45327.33,454425.69,5367125.40,0.90945,-0.41582
45332.32,454430.22,5367123.23,0.90164,-0.43249
45337.30,454434.75,5367121.06,0.90164,-0.43249
45342.27,454439.27,5367118.89,0.90164,-0.43249
45347.23,454443.80,5367116.71,0.89906,-0.43783
45352.18,454448.21,5367114.53,0.85887,-0.51219
45357.11,454452.32,5367111.64,0.82173,-0.56988
45362.03,454456.47,5367108.81,0.86012,-0.51010
45366.96,454460.94,5367106.52,0.87275,-0.48817
45371.88,454465.22,5367103.91,0.84247,-0.53874
45376.79,454469.39,5367101.12,0.83071,-0.55670
45381.69,454473.56,5367098.32,0.83071,-0.55670
45386.59,454477.74,5367095.53,0.83071,-0.55670
45391.49,454481.91,5367092.73,0.83071,-0.55670
45396.40,454486.08,5367089.93,0.83071,-0.55670
45401.31,454490.26,5367087.14,0.83071,-0.55670
45406.22,454494.43,5367084.34,0.83071,-0.55670
45411.13,454498.60,5367081.54,0.83071,-0.55670
45416.05,454502.77,5367078.75,0.83072,-0.55670
45420.96,454506.95,5367075.95,0.83072,-0.55670
45425.88,454511.12,5367073.15,0.83072,-0.55670
45430.80,454515.29,5367070.36,0.83072,-0.55670
45435.72,454519.47,5367067.56,0.83072,-0.55669
45440.65,454523.64,5367064.76,0.83072,-0.55669
45445.57,454527.81,5367061.97,0.83072,-0.55669
45450.50,454531.98,5367059.17,0.83072,-0.55669
45455.43,454536.16,5367056.38,0.83072,-0.55669
45460.36,454540.33,5367053.58,0.83072,-0.55669
45465.29,454544.50,5367050.78,0.83072,-0.55669
45470.22,454548.68,5367047.99,0.83072,-0.55669
45475.15,454552.85,5367045.19,0.83072,-0.55669
45480.09,454557.02,5367042.39,0.83072,-0.55669
45485.03,454561.19,5367039.60,0.83072,-0.55669
45489.97,454565.37,5367036.80,0.83072,-0.55669
45494.91,454569.54,5367034.01,0.83072,-0.55668
45499.85,454573.71,5367031.21,0.83072,-0.55668
45504.79,454577.89,5367028.41,0.83072,-0.55668
45509.73,454582.06,5367025.62,0.83073,-0.55668
45514.68,454586.23,5367022.82,0.83073,-0.55668
45519.63,454590.40,5367020.02,0.83073,-0.55668
45524.57,454594.58,5367017.23,0.83073,-0.55668
45529.52,454598.75,5367014.43,0.83073,-0.55668
45534.47,454602.92,5367011.63,0.83073,-0.55668
45539.42,454607.10,5367008.84,0.83073,-0.55668
45544.37,454611.27,5367006.04,0.83073,-0.55668
45549.33,454615.44,5367003.25,0.83073,-0.55668
45554.28,454619.61,5367000.45,0.83073,-0.55668
45559.22,454623.79,5366997.65,0.83073,-0.55667
45564.17,454627.96,5366994.86,0.82281,-0.56832
45569.10,454632.05,5366991.94,0.81271,-0.58267
45574.04,454636.12,5366989.00,0.81069,-0.58548
45578.97,454640.20,5366986.06,0.81069,-0.58547
45583.91,454644.27,5366983.12,0.81069,-0.58547
45588.85,454648.34,5366980.18,0.81069,-0.58547
45593.79,454652.41,5366977.24,0.81069,-0.58547
45598.73,454656.49,5366974.30,0.81069,-0.58547
45603.67,454660.56,5366971.36,0.81069,-0.58547
45608.61,454664.63,5366968.42,0.81069,-0.58547
45613.56,454668.70,5366965.47,0.81069,-0.58547
45618.50,454672.78,5366962.53,0.81070,-0.58547
45623.45,454676.85,5366959.59,0.81070,-0.58547
45628.40,454680.92,5366956.65,0.81070,-0.58547
45633.34,454684.99,5366953.71,0.81070,-0.58547
45638.29,454689.07,5366950.77,0.81070,-0.58546
45643.25,454693.14,5366947.83,0.81070,-0.58546
45648.20,454697.21,5366944.89,0.81070,-0.58546
45653.15,454701.28,5366941.95,0.81070,-0.58546
45658.11,454705.36,5366939.01,0.81070,-0.58546
45663.06,454709.43,5366936.06,0.81070,-0.58546
45668.02,454713.50,5366933.12,0.81070,-0.58546
45672.97,454717.57,5366930.18,0.81070,-0.58546
45677.93,454721.65,5366927.24,0.81070,-0.58546
45682.89,454725.72,5366924.30,0.81070,-0.58546
45687.85,454729.79,5366921.36,0.81070,-0.58546
45692.81,454733.86,5366918.42,0.81070,-0.58546
45697.77,454737.94,5366915.48,0.81070,-0.58546
45702.74,454742.01,5366912.54,0.81071,-0.58545
45707.70,454746.08,5366909.60,0.81071,-0.58545
45712.66,454750.15,5366906.65,0.81071,-0.58545
45717.63,454754.23,5366903.71,0.81071,-0.58545
45722.60,454758.30,5366900.77,0.81071,-0.58545
45727.56,454762.37,5366897.83,0.81071,-0.58545
45732.53,454766.44,5366894.89,0.81071,-0.58545
45737.50,454770.52,5366891.95,0.81071,-0.58545
45742.47,454774.59,5366889.01,0.81071,-0.58545
45747.44,454778.66,5366886.07,0.81071,-0.58545
45752.41,454782.73,5366883.13,0.81071,-0.58545
45757.38,454786.81,5366880.19,0.81071,-0.58545
45762.35,454790.88,5366877.24,0.81071,-0.58545
45767.32,454794.95,5366874.30,0.81071,-0.58544
45772.29,454799.03,5366871.36,0.81071,-0.58544
45777.27,454803.10,5366868.42,0.81071,-0.58544
45782.24,454807.17,5366865.48,0.81071,-0.58544
45787.21,454811.24,5366862.54,0.81071,-0.58544
45792.19,454815.32,5366859.60,0.81072,-0.58544
45797.15,454819.39,5366856.66,0.81072,-0.58544
45802.12,454823.46,5366853.72,0.81072,-0.58544
45807.09,454827.53,5366850.78,0.77962,-0.62625
45812.05,454831.28,5366847.43,0.77864,-0.62747
45817.03,454835.34,5366844.48,0.81299,-0.58228
45822.01,454839.45,5366841.59,0.81703,-0.57659
45826.99,454843.55,5366838.69,0.81703,-0.57659
45831.97,454847.65,5366835.79,0.81703,-0.57659
45836.95,454851.76,5366832.90,0.81703,-0.57659
45841.94,454855.86,5366830.00,0.81703,-0.57659
45846.93,454859.97,5366827.10,0.78255,-0.62259
45851.93,454863.71,5366823.76,0.84804,-0.52993
45856.92,454868.31,5366821.89,0.87342,-0.48697
45861.91,454872.36,5366818.93,0.80783,-0.58942
45866.89,454876.42,5366815.97,0.80783,-0.58942
45871.87,454880.48,5366813.01,0.80783,-0.58942
45876.85,454884.54,5366810.05,0.80783,-0.58942
45881.83,454888.60,5366807.09,0.80783,-0.58941
45886.82,454892.65,5366804.13,0.80783,-0.58941
45891.80,454896.71,5366801.17,0.80783,-0.58941
45896.78,454900.77,5366798.21,0.80783,-0.58941
45901.76,454904.83,5366795.25,0.80783,-0.58941
45906.74,454908.89,5366792.28,0.80783,-0.58941
45911.73,454912.95,5366789.32,0.80783,-0.58941
45916.71,454917.00,5366786.36,0.80783,-0.58941
45921.70,454921.06,5366783.40,0.80784,-0.58941
45926.69,454925.12,5366780.44,0.80784,-0.58941
45931.69,454929.18,5366777.48,0.81708,-0.57652
45936.68,454933.32,5366774.66,0.85183,-0.52381
45941.68,454937.71,5366772.23,0.84598,-0.53321
45946.67,454941.80,5366769.31,0.81354,-0.58151
45951.66,454945.88,5366766.39,0.81354,-0.58151
45956.65,454949.97,5366763.47,0.81354,-0.58151
45961.64,454954.06,5366760.55,0.81354,-0.58151
45966.63,454958.14,5366757.63,0.81354,-0.58151
45971.62,454962.23,5366754.71,0.81354,-0.58151
45976.61,454966.32,5366751.79,0.81354,-0.58151
45981.60,454970.40,5366748.86,0.81354,-0.58151
45986.59,454974.49,5366745.94,0.81354,-0.58151
45991.58,454978.58,5366743.02,0.81354,-0.58151
45996.57,454982.67,5366740.10,0.81354,-0.58151
46001.56,454986.75,5366737.18,0.81354,-0.58150
46006.55,454990.84,5366734.26,0.81354,-0.58150
46011.55,454994.93,5366731.34,0.81354,-0.58150
46016.54,454999.01,5366728.42,0.81354,-0.58150
46021.53,455003.10,5366725.49,0.81355,-0.58150
46026.52,455007.19,5366722.57,0.81355,-0.58150
46031.51,455011.27,5366719.65,0.81355,-0.58150
46036.51,455015.36,5366716.73,0.81355,-0.58150
46041.50,455019.45,5366713.81,0.81355,-0.58150
46046.49,455023.53,5366710.89,0.81355,-0.58150
46051.48,455027.62,5366707.97,0.81355,-0.58150
46056.48,455031.71,5366705.05,0.81355,-0.58150
46061.47,455035.79,5366702.12,0.81355,-0.58149
46066.47,455039.88,5366699.20,0.81355,-0.58149
46071.47,455043.97,5366696.28,0.81355,-0.58149
46076.47,455048.06,5366693.36,0.82792,-0.56084
46081.46,455052.28,5366690.65,0.85475,-0.51903
46086.46,455056.63,5366688.15,0.86719,-0.49797
46091.46,455060.99,5366685.65,0.86719,-0.49797
46096.45,455065.35,5366683.15,0.86719,-0.49797
46101.45,455069.70,5366680.65,0.86719,-0.49797
46106.44,455074.06,5366678.15,0.86719,-0.49797
46111.44,455078.41,5366675.65,0.86720,-0.49797
46116.43,455082.77,5366673.14,0.86720,-0.49797
46121.41,455087.13,5366670.64,0.86720,-0.49797
46126.37,455091.48,5366668.14,0.86720,-0.49797
46131.29,455095.84,5366665.64,0.90767,-0.41969
46136.17,455100.53,5366663.96,0.95387,-0.30022
46140.99,455105.38,5366662.64,0.96489,-0.26267
46145.80,455110.22,5366661.32,0.96489,-0.26267
46150.60,455115.07,5366660.00,0.96489,-0.26267
46155.40,455119.91,5366658.68,0.96489,-0.26267
46160.21,455124.76,5366657.36,0.96489,-0.26267
46165.01,455129.61,5366656.04,0.96489,-0.26267
46169.81,455134.45,5366654.72,0.96495,-0.26242
46174.59,455139.30,5366653.41,0.97046,-0.24125
46179.37,455144.20,5366652.30,0.97545,-0.22022
46184.15,455149.09,5366651.19,0.97545,-0.22022
46188.92,455153.99,5366650.09,0.97545,-0.22022
46193.70,455158.89,5366648.98,0.97545,-0.22022
46198.49,455163.79,5366647.88,0.97545,-0.22022
46203.28,455168.69,5366646.77,0.97545,-0.22022
46208.08,455173.59,5366645.67,0.97545,-0.22022
46212.88,455178.48,5366644.56,0.97545,-0.22022
46217.68,455183.38,5366643.45,0.97545,-0.22022
46222.49,455188.28,5366642.35,0.97545,-0.22022
46227.30,455193.18,5366641.24,0.97545,-0.22021
46232.12,455198.08,5366640.14,0.97545,-0.22021
46236.94,455202.98,5366639.03,0.97545,-0.22021
46241.76,455207.88,5366637.92,0.97545,-0.22021
46246.59,455212.77,5366636.82,0.97545,-0.22021
46251.42,455217.67,5366635.71,0.97545,-0.22021
46256.26,455222.57,5366634.61,0.97545,-0.22021
46261.10,455227.47,5366633.50,0.97545,-0.22021
46265.94,455232.37,5366632.40,0.97545,-0.22021
46270.79,455237.27,5366631.29,0.97545,-0.22021
46275.63,455242.17,5366630.18,0.97545,-0.22021
46280.46,455247.06,5366629.08,0.97545,-0.22020
46285.28,455251.96,5366627.97,0.97666,-0.21479
46290.11,455256.87,5366626.92,0.98746,-0.15784
46294.96,455261.83,5366626.39,0.98678,-0.16208
46299.82,455266.73,5366625.30,0.97602,-0.21768
46304.69,455271.64,5366624.21,0.97095,-0.23927
46309.58,455276.47,5366622.90,0.96576,-0.25942
46314.46,455281.31,5366621.61,0.97252,-0.23280
46319.33,455286.22,5366620.57,0.97824,-0.20746
46324.20,455291.14,5366619.53,0.97824,-0.20746
46329.07,455296.05,5366618.48,0.97824,-0.20746
46333.95,455300.96,5366617.44,0.97824,-0.20745
46338.81,455305.87,5366616.40,0.97824,-0.20745
46343.67,455310.79,5366615.36,0.97825,-0.20745
46348.50,455315.70,5366614.32,0.97825,-0.20745
46353.30,455320.61,5366613.27,0.98738,-0.15836
46358.06,455325.60,5366612.73,0.99531,-0.09677
46362.81,455330.60,5366612.30,0.99640,-0.08473
46367.53,455335.60,5366611.88,0.99640,-0.08473
46372.23,455340.61,5366611.45,0.99640,-0.08472
46376.88,455345.61,5366611.03,0.99671,-0.08099
46381.51,455350.61,5366610.64,1.00000,0.00284
46386.10,455355.62,5366611.06,0.99656,0.08287
46390.68,455360.62,5366611.47,0.99656,0.08287
46395.26,455365.63,5366611.89,0.99656,0.08288
46399.84,455370.63,5366612.30,0.99536,0.09623
46404.45,455375.61,5366612.85,0.98423,0.17689
46409.08,455380.48,5366614.07,0.96996,0.24325
46413.73,455385.35,5366615.30,0.96996,0.24325
46418.42,455390.23,5366616.52,0.96996,0.24326
46423.17,455395.10,5366617.74,0.95129,0.30830
46427.97,455399.74,5366619.60,0.91975,0.39250
46432.81,455404.32,5366621.68,0.91891,0.39448
46437.70,455408.82,5366623.50,0.92878,0.37064
46442.62,455413.49,5366625.33,0.92141,0.38860
46447.56,455418.05,5366627.39,0.88069,0.47369
46452.51,455422.30,5366630.07,0.87986,0.47523
46457.47,455426.85,5366632.14,0.88256,0.47021
46462.44,455431.13,5366634.78,0.83893,0.54424
46467.41,455435.27,5366637.60,0.79184,0.61073
46472.40,455439.06,5366640.90,0.75544,0.65522
46477.39,455442.86,5366644.19,0.75544,0.65522
46482.38,455446.65,5366647.48,0.75544,0.65522
46487.38,455450.45,5366650.77,0.75544,0.65522
46492.38,455454.24,5366654.06,0.74406,0.66812
46497.38,455457.92,5366657.48,0.72473,0.68903
46502.38,455461.52,5366660.99,0.71692,0.69716
46507.38,455465.13,5366664.49,0.71692,0.69716
46512.38,455468.73,5366667.99,0.71692,0.69716
46517.38,455472.33,5366671.49,0.71692,0.69716
46522.38,455475.93,5366675.00,0.71692,0.69716
46527.38,455479.54,5366678.50,0.72854,0.68500
46532.38,455483.25,5366681.88,0.75945,0.65057
46537.38,455487.16,5366685.03,0.77018,0.63783
46542.38,455490.99,5366688.28,0.73923,0.67346
46547.38,455494.58,5366691.79,0.71563,0.69848
46552.38,455498.18,5366695.30,0.71562,0.69849
46557.38,455501.77,5366698.81,0.71562,0.69849
46562.38,455505.37,5366702.32,0.71562,0.69849
46567.38,455508.96,5366705.83,0.71562,0.69849
46572.38,455512.56,5366709.34,0.71562,0.69849
46577.38,455516.16,5366712.85,0.71562,0.69849
46582.38,455519.75,5366716.36,0.71562,0.69849
46587.38,455523.35,5366719.87,0.69762,0.71647
46592.38,455526.76,5366723.55,0.66242,0.74913
46597.38,455530.00,5366727.39,0.63736,0.77057
46602.38,455533.16,5366731.30,0.60145,0.79891
46607.38,455536.04,5366735.41,0.57292,0.81961
46612.38,455538.92,5366739.53,0.57292,0.81961
46617.38,455541.80,5366743.65,0.57292,0.81961
46622.38,455544.68,5366747.77,0.57292,0.81961
46627.38,455547.56,5366751.89,0.57292,0.81961
46632.38,455550.43,5366756.01,0.57292,0.81961
46637.38,455553.31,5366760.13,0.58601,0.81030
46642.38,455556.32,5366764.14,0.59368,0.80470
46647.38,455559.24,5366768.16,0.58831,0.80864
